prompt_id,prompt,N,K,max_new_tokens,batch_tokens_generated,batch_rounds,batch_time,batch_tokens_per_second,batch_target_calls,batch_target_sequences_evaluated,batch_draft_calls,batch_total_accepted,chosen_path_drafted_tokens,total_draft_compute_tokens,best_path_acceptance_rate,compute_adjusted_acceptance_rate,generated_tokens_per_target_call,ar_tokens_generated,ar_time,ar_target_calls,speedup_vs_ar
0,"Du Fu 's mother died shortly after he was born , and he was partially raised by his aunt . He had an elder brother , who died young . He also had three half brothers and one half sister , to whom he frequently refers in his poems , although he never mentions his stepmother .",1,2,50,51,23,1.3529431819915771,37.6955962961625,23,23,46,28,46,46,0.6086956521739131,0.6086956521739131,2.217391304347826,50,1.8773341178894043,50,1.3875927259013985
0,"Du Fu 's mother died shortly after he was born , and he was partially raised by his aunt . He had an elder brother , who died young . He also had three half brothers and one half sister , to whom he frequently refers in his poems , although he never mentions his stepmother .",1,4,50,50,22,1.7345809936523438,28.8254052033164,22,22,88,28,88,88,0.3181818181818182,0.3181818181818182,2.272727272727273,50,1.8773341178894043,50,1.0822983330034528
0,"Du Fu 's mother died shortly after he was born , and he was partially raised by his aunt . He had an elder brother , who died young . He also had three half brothers and one half sister , to whom he frequently refers in his poems , although he never mentions his stepmother .",1,6,50,50,18,1.7589595317840576,28.42589559140486,18,18,108,32,108,108,0.2962962962962963,0.2962962962962963,2.7777777777777777,50,1.8773341178894043,50,1.067298072506127
0,"Du Fu 's mother died shortly after he was born , and he was partially raised by his aunt . He had an elder brother , who died young . He also had three half brothers and one half sister , to whom he frequently refers in his poems , although he never mentions his stepmother .",1,8,50,53,17,2.0287442207336426,26.12453529545185,17,17,136,36,136,136,0.2647058823529412,0.2647058823529412,3.1176470588235294,50,1.8773341178894043,50,0.9253675740407113
0,"Du Fu 's mother died shortly after he was born , and he was partially raised by his aunt . He had an elder brother , who died young . He also had three half brothers and one half sister , to whom he frequently refers in his poems , although he never mentions his stepmother .",1,10,50,54,26,3.603147268295288,14.98689783655397,26,26,260,28,260,260,0.1076923076923077,0.1076923076923077,2.076923076923077,50,1.8773341178894043,50,0.5210261968497346
0,"Du Fu 's mother died shortly after he was born , and he was partially raised by his aunt . He had an elder brother , who died young . He also had three half brothers and one half sister , to whom he frequently refers in his poems , although he never mentions his stepmother .",2,2,50,50,18,1.295469045639038,38.596059217559805,18,36,36,32,36,72,0.8888888888888888,0.4444444444444444,2.7777777777777777,50,1.8773341178894043,50,1.449153975704097
0,"Du Fu 's mother died shortly after he was born , and he was partially raised by his aunt . He had an elder brother , who died young . He also had three half brothers and one half sister , to whom he frequently refers in his poems , although he never mentions his stepmother .",2,4,50,52,23,2.1351256370544434,24.354538720137178,23,46,92,29,92,184,0.31521739130434784,0.15760869565217392,2.260869565217391,50,1.8773341178894043,50,0.8792616627840782
0,"Du Fu 's mother died shortly after he was born , and he was partially raised by his aunt . He had an elder brother , who died young . He also had three half brothers and one half sister , to whom he frequently refers in his poems , although he never mentions his stepmother .",2,6,50,51,14,1.607384204864502,31.728568593405555,14,28,84,37,84,168,0.44047619047619047,0.22023809523809523,3.642857142857143,50,1.8773341178894043,50,1.1679436143567545
0,"Du Fu 's mother died shortly after he was born , and he was partially raised by his aunt . He had an elder brother , who died young . He also had three half brothers and one half sister , to whom he frequently refers in his poems , although he never mentions his stepmother .",2,8,50,51,14,1.9160659313201904,26.61703815424579,14,28,112,37,112,224,0.33035714285714285,0.16517857142857142,3.642857142857143,50,1.8773341178894043,50,0.9797857616496007
0,"Du Fu 's mother died shortly after he was born , and he was partially raised by his aunt . He had an elder brother , who died young . He also had three half brothers and one half sister , to whom he frequently refers in his poems , although he never mentions his stepmother .",2,10,50,50,10,1.5776488780975342,31.69273004541691,10,20,100,40,100,200,0.4,0.2,5.0,50,1.8773341178894043,50,1.1899568680663954
0,"Du Fu 's mother died shortly after he was born , and he was partially raised by his aunt . He had an elder brother , who died young . He also had three half brothers and one half sister , to whom he frequently refers in his poems , although he never mentions his stepmother .",4,2,50,25,9,0.8758924007415771,28.542318644200666,9,36,18,16,18,72,0.8888888888888888,0.2222222222222222,2.7777777777777777,50,1.8773341178894043,50,2.1433387437771505
0,"Du Fu 's mother died shortly after he was born , and he was partially raised by his aunt . He had an elder brother , who died young . He also had three half brothers and one half sister , to whom he frequently refers in his poems , although he never mentions his stepmother .",4,4,50,51,14,1.8429462909698486,27.673079920935354,14,56,56,37,56,224,0.6607142857142857,0.16517857142857142,3.642857142857143,50,1.8773341178894043,50,1.0186591584833755
0,"Du Fu 's mother died shortly after he was born , and he was partially raised by his aunt . He had an elder brother , who died young . He also had three half brothers and one half sister , to whom he frequently refers in his poems , although he never mentions his stepmother .",4,6,50,52,10,1.565086841583252,33.22499341148154,10,40,60,42,60,240,0.7,0.175,5.2,50,1.8773341178894043,50,1.1995079557312494
0,"Du Fu 's mother died shortly after he was born , and he was partially raised by his aunt . He had an elder brother , who died young . He also had three half brothers and one half sister , to whom he frequently refers in his poems , although he never mentions his stepmother .",4,8,50,48,11,1.9680259227752686,24.38992263491703,11,44,88,37,88,352,0.42045454545454547,0.10511363636363637,4.363636363636363,50,1.8773341178894043,50,0.9539173728169329
0,"Du Fu 's mother died shortly after he was born , and he was partially raised by his aunt . He had an elder brother , who died young . He also had three half brothers and one half sister , to whom he frequently refers in his poems , although he never mentions his stepmother .",4,10,50,51,12,2.4242165088653564,21.03772489523649,12,48,120,39,120,480,0.325,0.08125,4.25,50,1.8773341178894043,50,0.7744086021293873
0,"Du Fu 's mother died shortly after he was born , and he was partially raised by his aunt . He had an elder brother , who died young . He also had three half brothers and one half sister , to whom he frequently refers in his poems , although he never mentions his stepmother .",6,2,50,51,17,2.359236240386963,21.617165388928985,17,102,34,34,34,204,1.0,0.16666666666666666,3.0,50,1.8773341178894043,50,0.7957380807194973
0,"Du Fu 's mother died shortly after he was born , and he was partially raised by his aunt . He had an elder brother , who died young . He also had three half brothers and one half sister , to whom he frequently refers in his poems , although he never mentions his stepmother .",6,4,50,50,11,1.792083978652954,27.90047821173159,11,66,44,39,44,264,0.8863636363636364,0.14772727272727273,4.545454545454546,50,1.8773341178894043,50,1.0475703930462732
0,"Du Fu 's mother died shortly after he was born , and he was partially raised by his aunt . He had an elder brother , who died young . He also had three half brothers and one half sister , to whom he frequently refers in his poems , although he never mentions his stepmother .",6,6,50,51,10,1.911350965499878,26.68269769422588,10,60,60,41,60,360,0.6833333333333333,0.11388888888888889,5.1,50,1.8773341178894043,50,0.9822027203666507
0,"Du Fu 's mother died shortly after he was born , and he was partially raised by his aunt . He had an elder brother , who died young . He also had three half brothers and one half sister , to whom he frequently refers in his poems , although he never mentions his stepmother .",6,8,50,52,11,2.417870044708252,21.50653221160796,11,66,88,41,88,528,0.4659090909090909,0.07765151515151515,4.7272727272727275,50,1.8773341178894043,50,0.7764412822757517
0,"Du Fu 's mother died shortly after he was born , and he was partially raised by his aunt . He had an elder brother , who died young . He also had three half brothers and one half sister , to whom he frequently refers in his poems , although he never mentions his stepmother .",6,10,50,53,9,2.253570079803467,23.518239115342762,9,54,90,44,90,540,0.4888888888888889,0.08148148148148149,5.888888888888889,50,1.8773341178894043,50,0.8330489185644168
0,"Du Fu 's mother died shortly after he was born , and he was partially raised by his aunt . He had an elder brother , who died young . He also had three half brothers and one half sister , to whom he frequently refers in his poems , although he never mentions his stepmother .",8,2,50,51,17,2.960650682449341,17.225943034187267,17,136,34,34,34,272,1.0,0.125,3.0,50,1.8773341178894043,50,0.6340951092333154
0,"Du Fu 's mother died shortly after he was born , and he was partially raised by his aunt . He had an elder brother , who died young . He also had three half brothers and one half sister , to whom he frequently refers in his poems , although he never mentions his stepmother .",8,4,50,50,10,2.0169150829315186,24.79033471618779,10,80,40,40,40,320,1.0,0.125,5.0,50,1.8773341178894043,50,0.9307948231319496
0,"Du Fu 's mother died shortly after he was born , and he was partially raised by his aunt . He had an elder brother , who died young . He also had three half brothers and one half sister , to whom he frequently refers in his poems , although he never mentions his stepmother .",8,6,50,56,9,2.139064311981201,26.179671030149066,9,72,54,47,54,432,0.8703703703703703,0.1087962962962963,6.222222222222222,50,1.8773341178894043,50,0.8776426717860659
0,"Du Fu 's mother died shortly after he was born , and he was partially raised by his aunt . He had an elder brother , who died young . He also had three half brothers and one half sister , to whom he frequently refers in his poems , although he never mentions his stepmother .",8,8,50,54,8,2.1453967094421387,25.170170049361857,8,64,64,46,64,512,0.71875,0.08984375,6.75,50,1.8773341178894043,50,0.8750522034582415
0,"Du Fu 's mother died shortly after he was born , and he was partially raised by his aunt . He had an elder brother , who died young . He also had three half brothers and one half sister , to whom he frequently refers in his poems , although he never mentions his stepmother .",8,10,50,52,7,2.0917534828186035,24.8595259561518,7,56,70,45,70,560,0.6428571428571429,0.08035714285714286,7.428571428571429,50,1.8773341178894043,50,0.8974930044623267
1,"The son of a minor scholar @-@ official , his youth was spent on the standard education of a future civil servant : study and memorisation of the Confucian classics of philosophy , history and poetry . He later claimed to have produced creditable poems by his early teens , but these have been lost .",1,2,50,50,27,1.5819904804229736,31.60575276447403,27,27,54,23,54,54,0.42592592592592593,0.42592592592592593,1.8518518518518519,50,1.8600060939788818,50,1.1757378549342319
1,"The son of a minor scholar @-@ official , his youth was spent on the standard education of a future civil servant : study and memorisation of the Confucian classics of philosophy , history and poetry . He later claimed to have produced creditable poems by his early teens , but these have been lost .",1,4,50,54,20,1.5804014205932617,34.168534206789765,20,20,80,34,80,80,0.425,0.425,2.7,50,1.8600060939788818,50,1.1769200342028674
1,"The son of a minor scholar @-@ official , his youth was spent on the standard education of a future civil servant : study and memorisation of the Confucian classics of philosophy , history and poetry . He later claimed to have produced creditable poems by his early teens , but these have been lost .",1,6,50,50,16,1.570410966873169,31.838799559299147,16,16,96,34,96,96,0.3541666666666667,0.3541666666666667,3.125,50,1.8600060939788818,50,1.1844072241053711
1,"The son of a minor scholar @-@ official , his youth was spent on the standard education of a future civil servant : study and memorisation of the Confucian classics of philosophy , history and poetry . He later claimed to have produced creditable poems by his early teens , but these have been lost .",1,8,50,51,23,2.7451086044311523,18.57849992443863,23,23,184,28,184,184,0.15217391304347827,0.15217391304347827,2.217391304347826,50,1.8600060939788818,50,0.67757104071455
1,"The son of a minor scholar @-@ official , his youth was spent on the standard education of a future civil servant : study and memorisation of the Confucian classics of philosophy , history and poetry . He later claimed to have produced creditable poems by his early teens , but these have been lost .",1,10,50,57,22,3.022067070007324,18.861262400725558,22,22,220,35,220,220,0.1590909090909091,0.1590909090909091,2.590909090909091,50,1.8600060939788818,50,0.6154747895698999
1,"The son of a minor scholar @-@ official , his youth was spent on the standard education of a future civil servant : study and memorisation of the Confucian classics of philosophy , history and poetry . He later claimed to have produced creditable poems by his early teens , but these have been lost .",2,2,50,51,20,1.4554083347320557,35.04171220057581,20,40,40,31,40,80,0.775,0.3875,2.55,50,1.8600060939788818,50,1.2779960438534341
1,"The son of a minor scholar @-@ official , his youth was spent on the standard education of a future civil servant : study and memorisation of the Confucian classics of philosophy , history and poetry . He later claimed to have produced creditable poems by his early teens , but these have been lost .",2,4,50,52,16,1.521618127822876,34.17414596289107,16,32,64,36,64,128,0.5625,0.28125,3.25,50,1.8600060939788818,50,1.2223869182211766
1,"The son of a minor scholar @-@ official , his youth was spent on the standard education of a future civil servant : study and memorisation of the Confucian classics of philosophy , history and poetry . He later claimed to have produced creditable poems by his early teens , but these have been lost .",2,6,50,56,14,1.621412754058838,34.53778185709761,14,28,84,42,84,168,0.5,0.25,4.0,50,1.8600060939788818,50,1.1471515129770502
1,"The son of a minor scholar @-@ official , his youth was spent on the standard education of a future civil servant : study and memorisation of the Confucian classics of philosophy , history and poetry . He later claimed to have produced creditable poems by his early teens , but these have been lost .",2,8,50,54,15,2.0612952709198,26.197120209713525,15,30,120,39,120,240,0.325,0.1625,3.6,50,1.8600060939788818,50,0.902348208051194
1,"The son of a minor scholar @-@ official , his youth was spent on the standard education of a future civil servant : study and memorisation of the Confucian classics of philosophy , history and poetry . He later claimed to have produced creditable poems by his early teens , but these have been lost .",2,10,50,52,11,1.7423090934753418,29.845450611910003,11,22,110,41,110,220,0.37272727272727274,0.18636363636363637,4.7272727272727275,50,1.8600060939788818,50,1.067552307994199
1,"The son of a minor scholar @-@ official , his youth was spent on the standard education of a future civil servant : study and memorisation of the Confucian classics of philosophy , history and poetry . He later claimed to have produced creditable poems by his early teens , but these have been lost .",4,2,50,51,20,2.138695240020752,23.84631482113606,20,80,40,31,40,160,0.775,0.19375,2.55,50,1.8600060939788818,50,0.869691978161804
1,"The son of a minor scholar @-@ official , his youth was spent on the standard education of a future civil servant : study and memorisation of the Confucian classics of philosophy , history and poetry . He later claimed to have produced creditable poems by his early teens , but these have been lost .",4,4,50,52,13,1.7301218509674072,30.055686523422562,13,52,52,39,52,208,0.75,0.1875,4.0,50,1.8600060939788818,50,1.0750723094670176
1,"The son of a minor scholar @-@ official , his youth was spent on the standard education of a future civil servant : study and memorisation of the Confucian classics of philosophy , history and poetry . He later claimed to have produced creditable poems by his early teens , but these have been lost .",4,6,50,50,12,1.8802249431610107,26.592562864281877,12,48,72,38,72,288,0.5277777777777778,0.13194444444444445,4.166666666666667,50,1.8600060939788818,50,0.9892465796416161
1,"The son of a minor scholar @-@ official , his youth was spent on the standard education of a future civil servant : study and memorisation of the Confucian classics of philosophy , history and poetry . He later claimed to have produced creditable poems by his early teens , but these have been lost .",4,8,50,52,12,2.1838905811309814,23.81071673154546,12,48,96,40,96,384,0.4166666666666667,0.10416666666666667,4.333333333333333,50,1.8600060939788818,50,0.8516938119746054
1,"The son of a minor scholar @-@ official , his youth was spent on the standard education of a future civil servant : study and memorisation of the Confucian classics of philosophy , history and poetry . He later claimed to have produced creditable poems by his early teens , but these have been lost .",4,10,50,50,7,1.4071033000946045,35.53399384155969,7,28,70,43,70,280,0.6142857142857143,0.15357142857142858,7.142857142857143,50,1.8600060939788818,50,1.3218689017741818
1,"The son of a minor scholar @-@ official , his youth was spent on the standard education of a future civil servant : study and memorisation of the Confucian classics of philosophy , history and poetry . He later claimed to have produced creditable poems by his early teens , but these have been lost .",6,2,50,51,18,2.5280983448028564,20.17326584815949,18,108,36,33,36,216,0.9166666666666666,0.1527777777777778,2.8333333333333335,50,1.8600060939788818,50,0.7357332826084845
1,"The son of a minor scholar @-@ official , his youth was spent on the standard education of a future civil servant : study and memorisation of the Confucian classics of philosophy , history and poetry . He later claimed to have produced creditable poems by his early teens , but these have been lost .",6,4,50,54,13,2.210409164428711,24.4298661392659,13,78,52,41,52,312,0.7884615384615384,0.13141025641025642,4.153846153846154,50,1.8600060939788818,50,0.8414759239652392
1,"The son of a minor scholar @-@ official , his youth was spent on the standard education of a future civil servant : study and memorisation of the Confucian classics of philosophy , history and poetry . He later claimed to have produced creditable poems by his early teens , but these have been lost .",6,6,50,50,8,1.5504913330078125,32.24784230364225,8,48,48,42,48,288,0.875,0.14583333333333334,6.25,50,1.8600060939788818,50,1.1996236640488913
1,"The son of a minor scholar @-@ official , his youth was spent on the standard education of a future civil servant : study and memorisation of the Confucian classics of philosophy , history and poetry . He later claimed to have produced creditable poems by his early teens , but these have been lost .",6,8,50,50,9,1.9672279357910156,25.416475178253897,9,54,72,41,72,432,0.5694444444444444,0.09490740740740741,5.555555555555555,50,1.8600060939788818,50,0.9454959743803047
1,"The son of a minor scholar @-@ official , his youth was spent on the standard education of a future civil servant : study and memorisation of the Confucian classics of philosophy , history and poetry . He later claimed to have produced creditable poems by his early teens , but these have been lost .",6,10,50,52,11,2.802863597869873,18.552454725060144,11,66,110,41,110,660,0.37272727272727274,0.06212121212121212,4.7272727272727275,50,1.8600060939788818,50,0.6636092085938301
1,"The son of a minor scholar @-@ official , his youth was spent on the standard education of a future civil servant : study and memorisation of the Confucian classics of philosophy , history and poetry . He later claimed to have produced creditable poems by his early teens , but these have been lost .",8,2,50,51,17,3.0379698276519775,16.78752683314748,17,136,34,34,34,272,1.0,0.125,3.0,50,1.8600060939788818,50,0.6122529845585943
1,"The son of a minor scholar @-@ official , his youth was spent on the standard education of a future civil servant : study and memorisation of the Confucian classics of philosophy , history and poetry . He later claimed to have produced creditable poems by his early teens , but these have been lost .",8,4,50,53,12,2.5595388412475586,20.706855135734916,12,96,48,41,48,384,0.8541666666666666,0.10677083333333333,4.416666666666667,50,1.8600060939788818,50,0.7266957875397141
1,"The son of a minor scholar @-@ official , his youth was spent on the standard education of a future civil servant : study and memorisation of the Confucian classics of philosophy , history and poetry . He later claimed to have produced creditable poems by his early teens , but these have been lost .",8,6,50,54,9,2.1444616317749023,25.181145327979557,9,72,54,45,54,432,0.8333333333333334,0.10416666666666667,6.0,50,1.8600060939788818,50,0.8673534030261079
1,"The son of a minor scholar @-@ official , his youth was spent on the standard education of a future civil servant : study and memorisation of the Confucian classics of philosophy , history and poetry . He later claimed to have produced creditable poems by his early teens , but these have been lost .",8,8,50,50,8,2.2086477279663086,22.638286480406403,8,64,64,42,64,512,0.65625,0.08203125,6.25,50,1.8600060939788818,50,0.8421470162159128
1,"The son of a minor scholar @-@ official , his youth was spent on the standard education of a future civil servant : study and memorisation of the Confucian classics of philosophy , history and poetry . He later claimed to have produced creditable poems by his early teens , but these have been lost .",8,10,50,51,8,2.3833742141723633,21.398234358975795,8,64,80,43,80,640,0.5375,0.0671875,6.375,50,1.8600060939788818,50,0.7804087511388876
2,"Brooding on what I have lived through , if even I know such suffering , the common man must surely be rattled by the winds .",1,2,50,51,23,1.3285777568817139,38.386913927944555,23,23,46,28,46,46,0.6086956521739131,0.6086956521739131,2.217391304347826,50,1.8595869541168213,50,1.3996824382198236
2,"Brooding on what I have lived through , if even I know such suffering , the common man must surely be rattled by the winds .",1,4,50,19,5,0.3907191753387451,48.62827626396224,5,5,20,14,20,20,0.7,0.7,3.8,50,1.8595869541168213,50,4.759395165350151
2,"Brooding on what I have lived through , if even I know such suffering , the common man must surely be rattled by the winds .",1,6,50,50,23,2.240633964538574,22.315112950765595,23,23,138,27,138,138,0.1956521739130435,0.1956521739130435,2.1739130434782608,50,1.8595869541168213,50,0.8299378584577406
2,"Brooding on what I have lived through , if even I know such suffering , the common man must surely be rattled by the winds .",1,8,50,50,19,2.2279484272003174,22.44217118743227,19,19,152,31,152,152,0.20394736842105263,0.20394736842105263,2.6315789473684212,50,1.8595869541168213,50,0.8346633752441092
2,"Brooding on what I have lived through , if even I know such suffering , the common man must surely be rattled by the winds .",1,10,50,50,15,2.0506720542907715,24.382250636020192,15,15,150,35,150,150,0.23333333333333334,0.23333333333333334,3.3333333333333335,50,1.8595869541168213,50,0.9068183038949944
2,"Brooding on what I have lived through , if even I know such suffering , the common man must surely be rattled by the winds .",2,2,50,50,21,1.26438570022583,39.54489519382383,21,42,42,29,42,84,0.6904761904761905,0.34523809523809523,2.380952380952381,50,1.8595869541168213,50,1.4707434240870354
2,"Brooding on what I have lived through , if even I know such suffering , the common man must surely be rattled by the winds .",2,4,50,52,14,1.1373038291931152,45.72217086167073,14,28,56,38,56,112,0.6785714285714286,0.3392857142857143,3.7142857142857144,50,1.8595869541168213,50,1.6350837009281376
2,"Brooding on what I have lived through , if even I know such suffering , the common man must surely be rattled by the winds .",2,6,50,53,19,1.9382152557373047,27.34474400772302,19,38,114,34,114,228,0.2982456140350877,0.14912280701754385,2.789473684210526,50,1.8595869541168213,50,0.9594326268004877
2,"Brooding on what I have lived through , if even I know such suffering , the common man must surely be rattled by the winds .",2,8,50,51,11,1.346679925918579,37.87091425248102,11,22,88,40,88,176,0.45454545454545453,0.22727272727272727,4.636363636363637,50,1.8595869541168213,50,1.3808678055762842
2,"Brooding on what I have lived through , if even I know such suffering , the common man must surely be rattled by the winds .",2,10,50,56,12,1.7134919166564941,32.6817999289263,12,24,120,44,120,240,0.36666666666666664,0.18333333333333332,4.666666666666667,50,1.8595869541168213,50,1.0852615854444179
2,"Brooding on what I have lived through , if even I know such suffering , the common man must surely be rattled by the winds .",4,2,50,41,15,1.1408650875091553,35.93764104878964,15,60,30,26,30,120,0.8666666666666667,0.21666666666666667,2.7333333333333334,50,1.8595869541168213,50,1.6299797184405456
2,"Brooding on what I have lived through , if even I know such suffering , the common man must surely be rattled by the winds .",4,4,50,51,13,1.340869665145874,38.035016620688246,13,52,52,38,52,208,0.7307692307692307,0.18269230769230768,3.923076923076923,50,1.8595869541168213,50,1.3868513864205554
2,"Brooding on what I have lived through , if even I know such suffering , the common man must surely be rattled by the winds .",4,6,50,51,9,1.1118509769439697,45.8694564807403,9,36,54,42,54,216,0.7777777777777778,0.19444444444444445,5.666666666666667,50,1.8595869541168213,50,1.6725145659610574
2,"Brooding on what I have lived through , if even I know such suffering , the common man must surely be rattled by the winds .",4,8,50,52,8,1.1716697216033936,44.381107611827346,8,32,64,44,64,256,0.6875,0.171875,6.5,50,1.8595869541168213,50,1.5871255523886325
2,"Brooding on what I have lived through , if even I know such suffering , the common man must surely be rattled by the winds .",4,10,50,51,6,1.0313141345977783,49.45147001198665,6,24,60,45,60,240,0.75,0.1875,8.5,50,1.8595869541168213,50,1.8031236960037174
2,"Brooding on what I have lived through , if even I know such suffering , the common man must surely be rattled by the winds .",6,2,50,50,17,1.7155797481536865,29.14466672494251,17,102,34,33,34,204,0.9705882352941176,0.16176470588235295,2.9411764705882355,50,1.8595869541168213,50,1.0839408404757143
2,"Brooding on what I have lived through , if even I know such suffering , the common man must surely be rattled by the winds .",6,4,50,51,11,1.3766088485717773,37.047560788899595,11,66,44,40,44,264,0.9090909090909091,0.15151515151515152,4.636363636363637,50,1.8595869541168213,50,1.350846288723286
2,"Brooding on what I have lived through , if even I know such suffering , the common man must surely be rattled by the winds .",6,6,50,51,9,1.343317985534668,37.96569431004898,9,54,54,42,54,324,0.7777777777777778,0.12962962962962962,5.666666666666667,50,1.8595869541168213,50,1.3843237224108689
2,"Brooding on what I have lived through , if even I know such suffering , the common man must surely be rattled by the winds .",6,8,50,50,10,1.717759370803833,29.107685773591374,10,60,80,40,80,480,0.5,0.08333333333333333,5.0,50,1.8595869541168213,50,1.0825654545820462
2,"Brooding on what I have lived through , if even I know such suffering , the common man must surely be rattled by the winds .",6,10,50,53,10,2.0102999210357666,26.36422528071971,10,60,100,43,100,600,0.43,0.07166666666666667,5.3,50,1.8595869541168213,50,0.9250296110834579
2,"Brooding on what I have lived through , if even I know such suffering , the common man must surely be rattled by the winds .",8,2,50,50,17,2.0469465255737305,24.426627357051107,17,136,34,33,34,272,0.9705882352941176,0.1213235294117647,2.9411764705882355,50,1.8595869541168213,50,0.9084687513249058
2,"Brooding on what I have lived through , if even I know such suffering , the common man must surely be rattled by the winds .",8,4,50,54,12,1.773519515991211,30.447931084547257,12,96,48,42,48,384,0.875,0.109375,4.5,50,1.8595869541168213,50,1.0485291745309653
2,"Brooding on what I have lived through , if even I know such suffering , the common man must surely be rattled by the winds .",8,6,50,50,11,1.8798894882202148,26.597308146734463,11,88,66,39,66,528,0.5909090909090909,0.07386363636363637,4.545454545454546,50,1.8595869541168213,50,0.9892001448858492
2,"Brooding on what I have lived through , if even I know such suffering , the common man must surely be rattled by the winds .",8,8,50,51,7,1.3996448516845703,36.43781487755121,7,56,56,44,56,448,0.7857142857142857,0.09821428571428571,7.285714285714286,50,1.8595869541168213,50,1.328613434957217
2,"Brooding on what I have lived through , if even I know such suffering , the common man must surely be rattled by the winds .",8,10,50,54,8,1.8464128971099854,29.245896237250655,8,64,80,46,80,640,0.575,0.071875,6.75,50,1.8595869541168213,50,1.0071349463749175
3,I am about to scream madly in the office / Especially when they bring more papers to pile higher on my desk .,1,2,50,50,24,1.4325337409973145,34.90319185444843,24,24,48,26,48,48,0.5416666666666666,0.5416666666666666,2.0833333333333335,50,1.8851392269134521,50,1.3159475221861363
3,I am about to scream madly in the office / Especially when they bring more papers to pile higher on my desk .,1,4,50,53,20,1.5814714431762695,33.513093283273825,20,20,80,33,80,80,0.4125,0.4125,2.65,50,1.8851392269134521,50,1.1920159766699854
3,I am about to scream madly in the office / Especially when they bring more papers to pile higher on my desk .,1,6,50,50,23,2.260772943496704,22.116329790582924,23,23,138,27,138,138,0.1956521739130435,0.1956521739130435,2.1739130434782608,50,1.8851392269134521,50,0.8338472168716489
3,I am about to scream madly in the office / Especially when they bring more papers to pile higher on my desk .,1,8,50,54,11,1.3004109859466553,41.52533359343302,11,11,88,43,88,88,0.48863636363636365,0.48863636363636365,4.909090909090909,50,1.8851392269134521,50,1.449648801252732
3,I am about to scream madly in the office / Especially when they bring more papers to pile higher on my desk .,1,10,50,50,14,1.929636001586914,25.91162268888043,14,14,140,36,140,140,0.2571428571428571,0.2571428571428571,3.5714285714285716,50,1.8851392269134521,50,0.9769403272757825
3,I am about to scream madly in the office / Especially when they bring more papers to pile higher on my desk .,2,2,50,50,19,1.1467301845550537,43.60223588201845,19,38,38,31,38,76,0.8157894736842105,0.40789473684210525,2.6315789473684212,50,1.8851392269134521,50,1.6439257048465248
3,I am about to scream madly in the office / Especially when they bring more papers to pile higher on my desk .,2,4,50,50,14,1.1511235237121582,43.43582506137947,14,28,56,36,56,112,0.6428571428571429,0.32142857142857145,3.5714285714285716,50,1.8851392269134521,50,1.6376515535311367
3,I am about to scream madly in the office / Especially when they bring more papers to pile higher on my desk .,2,6,50,50,8,0.8187165260314941,61.071199139415704,8,16,48,42,48,96,0.875,0.4375,6.25,50,1.8851392269134521,50,2.3025542626471123
3,I am about to scream madly in the office / Especially when they bring more papers to pile higher on my desk .,2,8,50,56,13,1.6042959690093994,34.90627732149584,13,26,104,43,104,208,0.41346153846153844,0.20673076923076922,4.3076923076923075,50,1.8851392269134521,50,1.1750570115048438
3,I am about to scream madly in the office / Especially when they bring more papers to pile higher on my desk .,2,10,50,56,14,2.037724733352661,27.481631391823665,14,28,140,42,140,280,0.3,0.15,4.0,50,1.8851392269134521,50,0.9251196670768379
3,I am about to scream madly in the office / Especially when they bring more papers to pile higher on my desk .,4,2,50,51,18,1.4116978645324707,36.12671045364958,18,72,36,33,36,144,0.9166666666666666,0.22916666666666666,2.8333333333333335,50,1.8851392269134521,50,1.3353701767748845
3,I am about to scream madly in the office / Especially when they bring more papers to pile higher on my desk .,4,4,50,52,12,1.2325403690338135,42.18928751255646,12,48,48,40,48,192,0.8333333333333334,0.20833333333333334,4.333333333333333,50,1.8851392269134521,50,1.5294746316432701
3,I am about to scream madly in the office / Especially when they bring more papers to pile higher on my desk .,4,6,50,53,11,1.3952891826629639,37.98495728236596,11,44,66,42,66,264,0.6363636363636364,0.1590909090909091,4.818181818181818,50,1.8851392269134521,50,1.3510742076532052
3,I am about to scream madly in the office / Especially when they bring more papers to pile higher on my desk .,4,8,50,55,9,1.3331174850463867,41.256678887597246,9,36,72,46,72,288,0.6388888888888888,0.1597222222222222,6.111111111111111,50,1.8851392269134521,50,1.4140833407851203
3,I am about to scream madly in the office / Especially when they bring more papers to pile higher on my desk .,4,10,50,53,11,1.8854725360870361,28.109664280760143,11,44,110,42,110,440,0.38181818181818183,0.09545454545454546,4.818181818181818,50,1.8851392269134521,50,0.9998232224722425
3,I am about to scream madly in the office / Especially when they bring more papers to pile higher on my desk .,6,2,50,52,19,1.9100208282470703,27.224834007555415,19,114,38,33,38,228,0.868421052631579,0.14473684210526316,2.736842105263158,50,1.8851392269134521,50,0.986973125650963
3,I am about to scream madly in the office / Especially when they bring more papers to pile higher on my desk .,6,4,50,52,11,1.3579685688018799,38.29249158975675,11,66,44,41,44,264,0.9318181818181818,0.1553030303030303,4.7272727272727275,50,1.8851392269134521,50,1.3882053460019983
3,I am about to scream madly in the office / Especially when they bring more papers to pile higher on my desk .,6,6,50,50,11,1.6432323455810547,30.42783337028323,11,66,66,39,66,396,0.5909090909090909,0.09848484848484848,4.545454545454546,50,1.8851392269134521,50,1.1472140455261415
3,I am about to scream madly in the office / Especially when they bring more papers to pile higher on my desk .,6,8,50,54,9,1.4966115951538086,36.08150583281453,9,54,72,45,72,432,0.625,0.10416666666666667,6.0,50,1.8851392269134521,50,1.2596048520656518
3,I am about to scream madly in the office / Especially when they bring more papers to pile higher on my desk .,6,10,50,51,8,1.5332658290863037,33.2623339231343,8,48,80,43,80,480,0.5375,0.08958333333333333,6.375,50,1.8851392269134521,50,1.229492754062637
3,I am about to scream madly in the office / Especially when they bring more papers to pile higher on my desk .,8,2,50,51,17,1.9720640182495117,25.86122941651244,17,136,34,34,34,272,1.0,0.125,3.0,50,1.8851392269134521,50,0.9559219221426606
3,I am about to scream madly in the office / Especially when they bring more papers to pile higher on my desk .,8,4,50,50,11,1.574209451675415,31.76197420666323,11,88,44,39,44,352,0.8863636363636364,0.11079545454545454,4.545454545454546,50,1.8851392269134521,50,1.1975148700238827
3,I am about to scream madly in the office / Especially when they bring more papers to pile higher on my desk .,8,6,50,56,10,1.6931273937225342,33.07488863958287,10,80,60,46,60,480,0.7666666666666667,0.09583333333333334,5.6,50,1.8851392269134521,50,1.1134066071477102
3,I am about to scream madly in the office / Especially when they bring more papers to pile higher on my desk .,8,8,50,54,7,1.3792459964752197,39.1518265327589,7,56,56,47,56,448,0.8392857142857143,0.10491071428571429,7.714285714285714,50,1.8851392269134521,50,1.3667897037447168
3,I am about to scream madly in the office / Especially when they bring more papers to pile higher on my desk .,8,10,50,57,7,1.5622806549072266,36.48512181275448,7,56,70,50,70,560,0.7142857142857143,0.08928571428571429,8.142857142857142,50,1.8851392269134521,50,1.2066584969813878
4,"He moved on in the summer of 759 ; this has traditionally been ascribed to famine , but Hung believes that frustration is a more likely reason . He next spent around six weeks in Qinzhou ( now Tianshui , Gansu province ) , where he wrote more than sixty poems .",1,2,50,50,24,1.4065361022949219,35.54832323067952,24,24,48,26,48,48,0.5416666666666666,0.5416666666666666,2.0833333333333335,50,1.8814795017242432,50,1.3376688295838248
4,"He moved on in the summer of 759 ; this has traditionally been ascribed to famine , but Hung believes that frustration is a more likely reason . He next spent around six weeks in Qinzhou ( now Tianshui , Gansu province ) , where he wrote more than sixty poems .",1,4,50,52,20,1.5748682022094727,33.01863605287492,20,20,80,32,80,80,0.4,0.4,2.6,50,1.8814795017242432,50,1.1946901328534083
4,"He moved on in the summer of 759 ; this has traditionally been ascribed to famine , but Hung believes that frustration is a more likely reason . He next spent around six weeks in Qinzhou ( now Tianshui , Gansu province ) , where he wrote more than sixty poems .",1,6,50,55,21,2.100813388824463,26.180335813061415,21,21,126,34,126,126,0.2698412698412698,0.2698412698412698,2.619047619047619,50,1.8814795017242432,50,0.89559573055513
4,"He moved on in the summer of 759 ; this has traditionally been ascribed to famine , but Hung believes that frustration is a more likely reason . He next spent around six weeks in Qinzhou ( now Tianshui , Gansu province ) , where he wrote more than sixty poems .",1,8,50,51,20,2.3928322792053223,21.313654301310866,20,20,160,31,160,160,0.19375,0.19375,2.55,50,1.8814795017242432,50,0.7862981112696694
4,"He moved on in the summer of 759 ; this has traditionally been ascribed to famine , but Hung believes that frustration is a more likely reason . He next spent around six weeks in Qinzhou ( now Tianshui , Gansu province ) , where he wrote more than sixty poems .",1,10,50,53,17,2.357166051864624,22.484627231957045,17,17,170,36,170,170,0.21176470588235294,0.21176470588235294,3.1176470588235294,50,1.8814795017242432,50,0.798195570581847
4,"He moved on in the summer of 759 ; this has traditionally been ascribed to famine , but Hung believes that frustration is a more likely reason . He next spent around six weeks in Qinzhou ( now Tianshui , Gansu province ) , where he wrote more than sixty poems .",2,2,50,52,20,1.4529597759246826,35.789015540300504,20,40,40,32,40,80,0.8,0.4,2.6,50,1.8814795017242432,50,1.294928829345496
4,"He moved on in the summer of 759 ; this has traditionally been ascribed to famine , but Hung believes that frustration is a more likely reason . He next spent around six weeks in Qinzhou ( now Tianshui , Gansu province ) , where he wrote more than sixty poems .",2,4,50,50,18,1.7065045833587646,29.299657608647816,18,36,72,32,72,144,0.4444444444444444,0.2222222222222222,2.7777777777777777,50,1.8814795017242432,50,1.1025341039641925
4,"He moved on in the summer of 759 ; this has traditionally been ascribed to famine , but Hung believes that frustration is a more likely reason . He next spent around six weeks in Qinzhou ( now Tianshui , Gansu province ) , where he wrote more than sixty poems .",2,6,50,53,12,1.3809080123901367,38.380543471730064,12,24,72,41,72,144,0.5694444444444444,0.2847222222222222,4.416666666666667,50,1.8814795017242432,50,1.362494449190497
4,"He moved on in the summer of 759 ; this has traditionally been ascribed to famine , but Hung believes that frustration is a more likely reason . He next spent around six weeks in Qinzhou ( now Tianshui , Gansu province ) , where he wrote more than sixty poems .",2,8,50,53,15,2.048342704772949,25.874576493719513,15,30,120,38,120,240,0.31666666666666665,0.15833333333333333,3.533333333333333,50,1.8814795017242432,50,0.9185374582779096
4,"He moved on in the summer of 759 ; this has traditionally been ascribed to famine , but Hung believes that frustration is a more likely reason . He next spent around six weeks in Qinzhou ( now Tianshui , Gansu province ) , where he wrote more than sixty poems .",2,10,50,58,13,2.0969390869140625,27.659363289066764,13,26,130,45,130,260,0.34615384615384615,0.17307692307692307,4.461538461538462,50,1.8814795017242432,50,0.8972504320538476
4,"He moved on in the summer of 759 ; this has traditionally been ascribed to famine , but Hung believes that frustration is a more likely reason . He next spent around six weeks in Qinzhou ( now Tianshui , Gansu province ) , where he wrote more than sixty poems .",4,2,50,51,17,1.8094797134399414,28.18489736093565,17,68,34,34,34,136,1.0,0.25,3.0,50,1.8814795017242432,50,1.0397903263294537
4,"He moved on in the summer of 759 ; this has traditionally been ascribed to famine , but Hung believes that frustration is a more likely reason . He next spent around six weeks in Qinzhou ( now Tianshui , Gansu province ) , where he wrote more than sixty poems .",4,4,50,50,14,1.7888829708099365,27.950403025728367,14,56,56,36,56,224,0.6428571428571429,0.16071428571428573,3.5714285714285716,50,1.8814795017242432,50,1.0517622071567838
4,"He moved on in the summer of 759 ; this has traditionally been ascribed to famine , but Hung believes that frustration is a more likely reason . He next spent around six weeks in Qinzhou ( now Tianshui , Gansu province ) , where he wrote more than sixty poems .",4,6,50,52,10,1.5417251586914062,33.728450046269494,10,40,60,42,60,240,0.7,0.175,5.2,50,1.8814795017242432,50,1.2203728343651183
4,"He moved on in the summer of 759 ; this has traditionally been ascribed to famine , but Hung believes that frustration is a more likely reason . He next spent around six weeks in Qinzhou ( now Tianshui , Gansu province ) , where he wrote more than sixty poems .",4,8,50,50,12,2.1646251678466797,23.09868735830087,12,48,96,38,96,384,0.3958333333333333,0.09895833333333333,4.166666666666667,50,1.8814795017242432,50,0.8691941356276
4,"He moved on in the summer of 759 ; this has traditionally been ascribed to famine , but Hung believes that frustration is a more likely reason . He next spent around six weeks in Qinzhou ( now Tianshui , Gansu province ) , where he wrote more than sixty poems .",4,10,50,60,13,2.632308006286621,22.7936851830047,13,52,130,47,130,520,0.36153846153846153,0.09038461538461538,4.615384615384615,50,1.8814795017242432,50,0.7147641906763158
4,"He moved on in the summer of 759 ; this has traditionally been ascribed to famine , but Hung believes that frustration is a more likely reason . He next spent around six weeks in Qinzhou ( now Tianshui , Gansu province ) , where he wrote more than sixty poems .",6,2,50,50,17,2.3599746227264404,21.186668499950144,17,102,34,33,34,204,0.9705882352941176,0.16176470588235295,2.9411764705882355,50,1.8814795017242432,50,0.7972456498496583
4,"He moved on in the summer of 759 ; this has traditionally been ascribed to famine , but Hung believes that frustration is a more likely reason . He next spent around six weeks in Qinzhou ( now Tianshui , Gansu province ) , where he wrote more than sixty poems .",6,4,50,52,12,2.0056259632110596,25.927067635655575,12,72,48,40,48,288,0.8333333333333334,0.1388888888888889,4.333333333333333,50,1.8814795017242432,50,0.9381008903135385
4,"He moved on in the summer of 759 ; this has traditionally been ascribed to famine , but Hung believes that frustration is a more likely reason . He next spent around six weeks in Qinzhou ( now Tianshui , Gansu province ) , where he wrote more than sixty poems .",6,6,50,53,10,1.9156770706176758,27.66645840935555,10,60,60,43,60,360,0.7166666666666667,0.11944444444444445,5.3,50,1.8814795017242432,50,0.9821485732548826
4,"He moved on in the summer of 759 ; this has traditionally been ascribed to famine , but Hung believes that frustration is a more likely reason . He next spent around six weeks in Qinzhou ( now Tianshui , Gansu province ) , where he wrote more than sixty poems .",6,8,50,55,8,1.7837347984313965,30.83418008572048,8,48,64,47,64,384,0.734375,0.12239583333333333,6.875,50,1.8814795017242432,50,1.05479777788649
4,"He moved on in the summer of 759 ; this has traditionally been ascribed to famine , but Hung believes that frustration is a more likely reason . He next spent around six weeks in Qinzhou ( now Tianshui , Gansu province ) , where he wrote more than sixty poems .",6,10,50,50,6,1.4468286037445068,34.55834358720587,6,36,60,44,60,360,0.7333333333333333,0.12222222222222222,8.333333333333334,50,1.8814795017242432,50,1.300416301457426
4,"He moved on in the summer of 759 ; this has traditionally been ascribed to famine , but Hung believes that frustration is a more likely reason . He next spent around six weeks in Qinzhou ( now Tianshui , Gansu province ) , where he wrote more than sixty poems .",8,2,50,51,17,2.9880483150482178,17.067997108064507,17,136,34,34,34,272,1.0,0.125,3.0,50,1.8814795017242432,50,0.6296683665551378
4,"He moved on in the summer of 759 ; this has traditionally been ascribed to famine , but Hung believes that frustration is a more likely reason . He next spent around six weeks in Qinzhou ( now Tianshui , Gansu province ) , where he wrote more than sixty poems .",8,4,50,50,11,2.2747445106506348,21.98049045327676,11,88,44,39,44,352,0.8863636363636364,0.11079545454545454,4.545454545454546,50,1.8814795017242432,50,0.8271168445137129
4,"He moved on in the summer of 759 ; this has traditionally been ascribed to famine , but Hung believes that frustration is a more likely reason . He next spent around six weeks in Qinzhou ( now Tianshui , Gansu province ) , where he wrote more than sixty poems .",8,6,50,7,1,0.1867988109588623,37.47347193522325,1,8,6,6,6,48,1.0,0.125,7.0,50,1.8814795017242432,50,10.072224186365894
4,"He moved on in the summer of 759 ; this has traditionally been ascribed to famine , but Hung believes that frustration is a more likely reason . He next spent around six weeks in Qinzhou ( now Tianshui , Gansu province ) , where he wrote more than sixty poems .",8,8,50,50,11,2.969491958618164,16.83789708703815,11,88,88,39,88,704,0.4431818181818182,0.05539772727272727,4.545454545454546,50,1.8814795017242432,50,0.6336031644280925
4,"He moved on in the summer of 759 ; this has traditionally been ascribed to famine , but Hung believes that frustration is a more likely reason . He next spent around six weeks in Qinzhou ( now Tianshui , Gansu province ) , where he wrote more than sixty poems .",8,10,50,51,7,2.0401525497436523,24.998130657635485,7,56,70,44,70,560,0.6285714285714286,0.07857142857142857,7.285714285714286,50,1.8814795017242432,50,0.9222249100738341
5,"Hung summarises his life by concluding that , "" He appeared to be a filial son , an affectionate father , a generous brother , a faithful husband , a loyal friend , a dutiful official , and a patriotic subject . """,1,2,50,51,28,1.6512806415557861,30.885119534829258,28,28,56,23,56,56,0.4107142857142857,0.4107142857142857,1.8214285714285714,50,1.874690294265747,50,1.1352947809643497
5,"Hung summarises his life by concluding that , "" He appeared to be a filial son , an affectionate father , a generous brother , a faithful husband , a loyal friend , a dutiful official , and a patriotic subject . """,1,4,50,50,21,1.6586313247680664,30.14533685295719,21,21,84,29,84,84,0.34523809523809523,0.34523809523809523,2.380952380952381,50,1.874690294265747,50,1.1302634083122078
5,"Hung summarises his life by concluding that , "" He appeared to be a filial son , an affectionate father , a generous brother , a faithful husband , a loyal friend , a dutiful official , and a patriotic subject . """,1,6,50,51,20,1.982450008392334,25.725743289415103,20,20,120,31,120,120,0.25833333333333336,0.25833333333333336,2.55,50,1.874690294265747,50,0.9456431619105621
5,"Hung summarises his life by concluding that , "" He appeared to be a filial son , an affectionate father , a generous brother , a faithful husband , a loyal friend , a dutiful official , and a patriotic subject . """,1,8,50,50,14,1.6616668701171875,30.090267128256457,14,14,112,36,112,112,0.32142857142857145,0.32142857142857145,3.5714285714285716,50,1.874690294265747,50,1.1281986347441206
5,"Hung summarises his life by concluding that , "" He appeared to be a filial son , an affectionate father , a generous brother , a faithful husband , a loyal friend , a dutiful official , and a patriotic subject . """,1,10,50,60,18,2.5048582553863525,23.953451206661402,18,18,180,42,180,180,0.23333333333333334,0.23333333333333334,3.3333333333333335,50,1.874690294265747,50,0.7484217081882713
5,"Hung summarises his life by concluding that , "" He appeared to be a filial son , an affectionate father , a generous brother , a faithful husband , a loyal friend , a dutiful official , and a patriotic subject . """,2,2,50,51,22,1.4661405086517334,34.78520626027838,22,44,44,29,44,88,0.6590909090909091,0.32954545454545453,2.3181818181818183,50,1.874690294265747,50,1.278656638434823
5,"Hung summarises his life by concluding that , "" He appeared to be a filial son , an affectionate father , a generous brother , a faithful husband , a loyal friend , a dutiful official , and a patriotic subject . """,2,4,50,50,14,1.229984998703003,40.65090228964101,14,28,56,36,56,112,0.6428571428571429,0.32142857142857145,3.5714285714285716,50,1.874690294265747,50,1.524157039510705
5,"Hung summarises his life by concluding that , "" He appeared to be a filial son , an affectionate father , a generous brother , a faithful husband , a loyal friend , a dutiful official , and a patriotic subject . """,2,6,50,52,14,1.550935983657837,33.5281407794534,14,28,84,38,84,168,0.4523809523809524,0.2261904761904762,3.7142857142857144,50,1.874690294265747,50,1.2087476943080173
5,"Hung summarises his life by concluding that , "" He appeared to be a filial son , an affectionate father , a generous brother , a faithful husband , a loyal friend , a dutiful official , and a patriotic subject . """,2,8,50,57,14,1.8595054149627686,30.653312187929966,14,28,112,43,112,224,0.38392857142857145,0.19196428571428573,4.071428571428571,50,1.874690294265747,50,1.0081660850142147
5,"Hung summarises his life by concluding that , "" He appeared to be a filial son , an affectionate father , a generous brother , a faithful husband , a loyal friend , a dutiful official , and a patriotic subject . """,2,10,50,53,14,2.139542579650879,24.771650026543668,14,28,140,39,140,280,0.2785714285714286,0.1392857142857143,3.7857142857142856,50,1.874690294265747,50,0.8762107901454576
5,"Hung summarises his life by concluding that , "" He appeared to be a filial son , an affectionate father , a generous brother , a faithful husband , a loyal friend , a dutiful official , and a patriotic subject . """,4,2,50,50,17,1.6511738300323486,30.281487685049147,17,68,34,33,34,136,0.9705882352941176,0.2426470588235294,2.9411764705882355,50,1.874690294265747,50,1.1353682211817877
5,"Hung summarises his life by concluding that , "" He appeared to be a filial son , an affectionate father , a generous brother , a faithful husband , a loyal friend , a dutiful official , and a patriotic subject . """,4,4,50,54,13,1.5808696746826172,34.15841347632991,13,52,52,41,52,208,0.7884615384615384,0.1971153846153846,4.153846153846154,50,1.874690294265747,50,1.1858601150294812
5,"Hung summarises his life by concluding that , "" He appeared to be a filial son , an affectionate father , a generous brother , a faithful husband , a loyal friend , a dutiful official , and a patriotic subject . """,4,6,50,56,11,1.594742774963379,35.11538091231419,11,44,66,45,66,264,0.6818181818181818,0.17045454545454544,5.090909090909091,50,1.874690294265747,50,1.175543995995716
5,"Hung summarises his life by concluding that , "" He appeared to be a filial son , an affectionate father , a generous brother , a faithful husband , a loyal friend , a dutiful official , and a patriotic subject . """,4,8,50,50,12,1.9994022846221924,25.00747367578807,12,48,96,38,96,384,0.3958333333333333,0.09895833333333333,4.166666666666667,50,1.874690294265747,50,0.9376253636821211
5,"Hung summarises his life by concluding that , "" He appeared to be a filial son , an affectionate father , a generous brother , a faithful husband , a loyal friend , a dutiful official , and a patriotic subject . """,4,10,50,42,10,1.9181973934173584,21.8955568098104,10,40,100,32,100,400,0.32,0.08,4.2,50,1.874690294265747,50,0.9773187580689486
5,"Hung summarises his life by concluding that , "" He appeared to be a filial son , an affectionate father , a generous brother , a faithful husband , a loyal friend , a dutiful official , and a patriotic subject . """,6,2,50,52,18,2.2615065574645996,22.993521654121484,18,108,36,34,36,216,0.9444444444444444,0.1574074074074074,2.888888888888889,50,1.874690294265747,50,0.8289563822302083
5,"Hung summarises his life by concluding that , "" He appeared to be a filial son , an affectionate father , a generous brother , a faithful husband , a loyal friend , a dutiful official , and a patriotic subject . """,6,4,50,52,12,1.7949464321136475,28.970223885047734,12,72,48,40,48,288,0.8333333333333334,0.1388888888888889,4.333333333333333,50,1.874690294265747,50,1.0444268757693214
5,"Hung summarises his life by concluding that , "" He appeared to be a filial son , an affectionate father , a generous brother , a faithful husband , a loyal friend , a dutiful official , and a patriotic subject . """,6,6,50,55,10,1.7924396991729736,30.684435312036907,10,60,60,45,60,360,0.75,0.125,5.5,50,1.874690294265747,50,1.04588751026365
5,"Hung summarises his life by concluding that , "" He appeared to be a filial son , an affectionate father , a generous brother , a faithful husband , a loyal friend , a dutiful official , and a patriotic subject . """,6,8,50,51,12,2.4687576293945312,20.658164006366178,12,72,96,39,96,576,0.40625,0.06770833333333333,4.25,50,1.874690294265747,50,0.7593658737271505
5,"Hung summarises his life by concluding that , "" He appeared to be a filial son , an affectionate father , a generous brother , a faithful husband , a loyal friend , a dutiful official , and a patriotic subject . """,6,10,50,50,11,2.5388379096984863,19.694049710301524,11,66,110,39,110,660,0.35454545454545455,0.05909090909090909,4.545454545454546,50,1.874690294265747,50,0.7384048769337883
5,"Hung summarises his life by concluding that , "" He appeared to be a filial son , an affectionate father , a generous brother , a faithful husband , a loyal friend , a dutiful official , and a patriotic subject . """,8,2,50,51,17,2.6310319900512695,19.38402884983781,17,136,34,34,34,272,1.0,0.125,3.0,50,1.874690294265747,50,0.7125304068344741
5,"Hung summarises his life by concluding that , "" He appeared to be a filial son , an affectionate father , a generous brother , a faithful husband , a loyal friend , a dutiful official , and a patriotic subject . """,8,4,50,5,1,0.14383316040039062,34.762498342394906,1,8,4,4,4,32,1.0,0.125,5.0,50,1.874690294265747,50,13.033783649383372
5,"Hung summarises his life by concluding that , "" He appeared to be a filial son , an affectionate father , a generous brother , a faithful husband , a loyal friend , a dutiful official , and a patriotic subject . """,8,6,50,53,8,1.6999733448028564,31.176959428235232,8,64,48,45,48,384,0.9375,0.1171875,6.625,50,1.874690294265747,50,1.1027762876382936
5,"Hung summarises his life by concluding that , "" He appeared to be a filial son , an affectionate father , a generous brother , a faithful husband , a loyal friend , a dutiful official , and a patriotic subject . """,8,8,50,57,9,2.166928768157959,26.304510253216115,9,72,72,48,72,576,0.6666666666666666,0.08333333333333333,6.333333333333333,50,1.874690294265747,50,0.8651370187213698
5,"Hung summarises his life by concluding that , "" He appeared to be a filial son , an affectionate father , a generous brother , a faithful husband , a loyal friend , a dutiful official , and a patriotic subject . """,8,10,50,57,8,2.162172317504883,26.36237617997867,8,64,80,49,80,640,0.6125,0.0765625,7.125,50,1.874690294265747,50,0.8670401887436585
6,"Below is an example of one of Du Fu 's later works , To My Retired Friend Wei ( Chinese : 贈衛八處士 ) . Like many other poems in the Tang it featured the theme of a long parting between friends , which was often due to officials being frequently transferred to the provinces :",1,2,50,50,22,1.3212361335754395,37.843348913485585,22,22,44,28,44,44,0.6363636363636364,0.6363636363636364,2.272727272727273,50,1.906925916671753,50,1.4432892563355497
6,"Below is an example of one of Du Fu 's later works , To My Retired Friend Wei ( Chinese : 贈衛八處士 ) . Like many other poems in the Tang it featured the theme of a long parting between friends , which was often due to officials being frequently transferred to the provinces :",1,4,50,51,18,1.4035344123840332,36.33683616874899,18,18,72,33,72,72,0.4583333333333333,0.4583333333333333,2.8333333333333335,50,1.906925916671753,50,1.3586598945106465
6,"Below is an example of one of Du Fu 's later works , To My Retired Friend Wei ( Chinese : 贈衛八處士 ) . Like many other poems in the Tang it featured the theme of a long parting between friends , which was often due to officials being frequently transferred to the provinces :",1,6,50,50,17,1.6597175598144531,30.12560763988646,17,17,102,33,102,102,0.3235294117647059,0.3235294117647059,2.9411764705882355,50,1.906925916671753,50,1.148946039279681
6,"Below is an example of one of Du Fu 's later works , To My Retired Friend Wei ( Chinese : 贈衛八處士 ) . Like many other poems in the Tang it featured the theme of a long parting between friends , which was often due to officials being frequently transferred to the provinces :",1,8,50,52,19,2.233844757080078,23.278251469887582,19,19,152,33,152,152,0.21710526315789475,0.21710526315789475,2.736842105263158,50,1.906925916671753,50,0.8536519427448261
6,"Below is an example of one of Du Fu 's later works , To My Retired Friend Wei ( Chinese : 贈衛八處士 ) . Like many other poems in the Tang it featured the theme of a long parting between friends , which was often due to officials being frequently transferred to the provinces :",1,10,50,51,24,3.2954766750335693,15.475758146423685,24,24,240,27,240,240,0.1125,0.1125,2.125,50,1.906925916671753,50,0.5786494958737124
6,"Below is an example of one of Du Fu 's later works , To My Retired Friend Wei ( Chinese : 贈衛八處士 ) . Like many other poems in the Tang it featured the theme of a long parting between friends , which was often due to officials being frequently transferred to the provinces :",2,2,50,51,19,1.422438144683838,35.85393163885917,19,38,38,32,38,76,0.8421052631578947,0.42105263157894735,2.6842105263157894,50,1.906925916671753,50,1.340603754053292
6,"Below is an example of one of Du Fu 's later works , To My Retired Friend Wei ( Chinese : 贈衛八處士 ) . Like many other poems in the Tang it featured the theme of a long parting between friends , which was often due to officials being frequently transferred to the provinces :",2,4,50,52,13,1.2461707592010498,41.72782872335927,13,26,52,39,52,104,0.75,0.375,4.0,50,1.906925916671753,50,1.5302284238271882
6,"Below is an example of one of Du Fu 's later works , To My Retired Friend Wei ( Chinese : 贈衛八處士 ) . Like many other poems in the Tang it featured the theme of a long parting between friends , which was often due to officials being frequently transferred to the provinces :",2,6,50,50,13,1.5403246879577637,32.46068857488248,13,26,78,37,78,156,0.47435897435897434,0.23717948717948717,3.8461538461538463,50,1.906925916671753,50,1.2380025663290815
6,"Below is an example of one of Du Fu 's later works , To My Retired Friend Wei ( Chinese : 贈衛八處士 ) . Like many other poems in the Tang it featured the theme of a long parting between friends , which was often due to officials being frequently transferred to the provinces :",2,8,50,56,15,2.0874106884002686,26.827495092935827,15,30,120,41,120,240,0.3416666666666667,0.17083333333333334,3.7333333333333334,50,1.906925916671753,50,0.9135365298589929
6,"Below is an example of one of Du Fu 's later works , To My Retired Friend Wei ( Chinese : 贈衛八處士 ) . Like many other poems in the Tang it featured the theme of a long parting between friends , which was often due to officials being frequently transferred to the provinces :",2,10,50,59,12,1.9371545314788818,30.457043586996456,12,24,120,47,120,240,0.39166666666666666,0.19583333333333333,4.916666666666667,50,1.906925916671753,50,0.9843953518855042
6,"Below is an example of one of Du Fu 's later works , To My Retired Friend Wei ( Chinese : 贈衛八處士 ) . Like many other poems in the Tang it featured the theme of a long parting between friends , which was often due to officials being frequently transferred to the provinces :",4,2,50,50,18,1.9942457675933838,25.072135447146522,18,72,36,32,36,144,0.8888888888888888,0.2222222222222222,2.7777777777777777,50,1.906925916671753,50,0.9562140974093646
6,"Below is an example of one of Du Fu 's later works , To My Retired Friend Wei ( Chinese : 贈衛八處士 ) . Like many other poems in the Tang it featured the theme of a long parting between friends , which was often due to officials being frequently transferred to the provinces :",4,4,50,52,12,1.6198196411132812,32.10233947049875,12,48,48,40,48,192,0.8333333333333334,0.20833333333333334,4.333333333333333,50,1.906925916671753,50,1.177245829270935
6,"Below is an example of one of Du Fu 's later works , To My Retired Friend Wei ( Chinese : 贈衛八處士 ) . Like many other poems in the Tang it featured the theme of a long parting between friends , which was often due to officials being frequently transferred to the provinces :",4,6,50,50,11,1.7392003536224365,28.748844200646083,11,44,66,39,66,264,0.5909090909090909,0.14772727272727273,4.545454545454546,50,1.906925916671753,50,1.0964383216114089
6,"Below is an example of one of Du Fu 's later works , To My Retired Friend Wei ( Chinese : 贈衛八處士 ) . Like many other poems in the Tang it featured the theme of a long parting between friends , which was often due to officials being frequently transferred to the provinces :",4,8,50,53,10,1.8189234733581543,29.138114261701023,10,40,80,43,80,320,0.5375,0.134375,5.3,50,1.906925916671753,50,1.0483816084637831
6,"Below is an example of one of Du Fu 's later works , To My Retired Friend Wei ( Chinese : 贈衛八處士 ) . Like many other poems in the Tang it featured the theme of a long parting between friends , which was often due to officials being frequently transferred to the provinces :",4,10,50,54,14,2.921931743621826,18.48092451778675,14,56,140,40,140,560,0.2857142857142857,0.07142857142857142,3.857142857142857,50,1.906925916671753,50,0.6526250727226292
6,"Below is an example of one of Du Fu 's later works , To My Retired Friend Wei ( Chinese : 贈衛八處士 ) . Like many other poems in the Tang it featured the theme of a long parting between friends , which was often due to officials being frequently transferred to the provinces :",6,2,50,52,18,2.6586267948150635,19.558969352679366,18,108,36,34,36,216,0.9444444444444444,0.1574074074074074,2.888888888888889,50,1.906925916671753,50,0.7172597223464005
6,"Below is an example of one of Du Fu 's later works , To My Retired Friend Wei ( Chinese : 贈衛八處士 ) . Like many other poems in the Tang it featured the theme of a long parting between friends , which was often due to officials being frequently transferred to the provinces :",6,4,50,51,11,1.8979642391204834,26.870896168008624,11,66,44,40,44,264,0.9090909090909091,0.15151515151515152,4.636363636363637,50,1.906925916671753,50,1.0047217315092418
6,"Below is an example of one of Du Fu 's later works , To My Retired Friend Wei ( Chinese : 贈衛八處士 ) . Like many other poems in the Tang it featured the theme of a long parting between friends , which was often due to officials being frequently transferred to the provinces :",6,6,50,52,11,2.199052333831787,23.646549561370126,11,66,66,41,66,396,0.6212121212121212,0.10353535353535354,4.7272727272727275,50,1.906925916671753,50,0.8671580422776878
6,"Below is an example of one of Du Fu 's later works , To My Retired Friend Wei ( Chinese : 贈衛八處士 ) . Like many other poems in the Tang it featured the theme of a long parting between friends , which was often due to officials being frequently transferred to the provinces :",6,8,50,51,8,1.7810819149017334,28.634280980172544,8,48,64,43,64,384,0.671875,0.11197916666666667,6.375,50,1.906925916671753,50,1.0706559314970994
6,"Below is an example of one of Du Fu 's later works , To My Retired Friend Wei ( Chinese : 贈衛八處士 ) . Like many other poems in the Tang it featured the theme of a long parting between friends , which was often due to officials being frequently transferred to the provinces :",6,10,50,8,1,0.22627663612365723,35.354953728533,1,6,10,7,10,60,0.7,0.11666666666666667,8.0,50,1.906925916671753,50,8.427409693458776
6,"Below is an example of one of Du Fu 's later works , To My Retired Friend Wei ( Chinese : 贈衛八處士 ) . Like many other poems in the Tang it featured the theme of a long parting between friends , which was often due to officials being frequently transferred to the provinces :",8,2,50,51,17,3.200587511062622,15.934574456633923,17,136,34,34,34,272,1.0,0.125,3.0,50,1.906925916671753,50,0.5958049608331557
6,"Below is an example of one of Du Fu 's later works , To My Retired Friend Wei ( Chinese : 贈衛八處士 ) . Like many other poems in the Tang it featured the theme of a long parting between friends , which was often due to officials being frequently transferred to the provinces :",8,4,50,50,10,2.177229404449463,22.964966345676867,10,80,40,40,40,320,1.0,0.125,5.0,50,1.906925916671753,50,0.8758497900013162
6,"Below is an example of one of Du Fu 's later works , To My Retired Friend Wei ( Chinese : 贈衛八處士 ) . Like many other poems in the Tang it featured the theme of a long parting between friends , which was often due to officials being frequently transferred to the provinces :",8,6,50,50,10,2.437868595123291,20.509719063619727,10,80,60,40,60,480,0.6666666666666666,0.08333333333333333,5.0,50,1.906925916671753,50,0.7822102965214635
6,"Below is an example of one of Du Fu 's later works , To My Retired Friend Wei ( Chinese : 贈衛八處士 ) . Like many other poems in the Tang it featured the theme of a long parting between friends , which was often due to officials being frequently transferred to the provinces :",8,8,50,51,7,1.9703447818756104,25.883794790195086,7,56,56,44,56,448,0.7857142857142857,0.09821428571428571,7.285714285714286,50,1.906925916671753,50,0.967813315828163
6,"Below is an example of one of Du Fu 's later works , To My Retired Friend Wei ( Chinese : 贈衛八處士 ) . Like many other poems in the Tang it featured the theme of a long parting between friends , which was often due to officials being frequently transferred to the provinces :",8,10,50,52,7,2.172218084335327,23.938664526822304,7,56,70,45,70,560,0.6428571428571429,0.08035714285714286,7.428571428571429,50,1.906925916671753,50,0.8778703807059269
7,"Criticism of Du Fu 's works has focused on his strong sense of history , his moral engagement , and his technical excellence .",1,2,50,52,24,1.3891315460205078,37.433459882878736,24,24,48,28,48,48,0.5833333333333334,0.5833333333333334,2.1666666666666665,50,1.8596744537353516,50,1.3387317126753215
7,"Criticism of Du Fu 's works has focused on his strong sense of history , his moral engagement , and his technical excellence .",1,4,50,50,21,1.6223032474517822,30.82037842094999,21,21,84,29,84,84,0.34523809523809523,0.34523809523809523,2.380952380952381,50,1.8596744537353516,50,1.1463174080779397
7,"Criticism of Du Fu 's works has focused on his strong sense of history , his moral engagement , and his technical excellence .",1,6,50,51,12,1.1707370281219482,43.562302015690285,12,12,72,39,72,72,0.5416666666666666,0.5416666666666666,4.25,50,1.8596744537353516,50,1.588464709891828
7,"Criticism of Du Fu 's works has focused on his strong sense of history , his moral engagement , and his technical excellence .",1,8,50,53,18,2.1163339614868164,25.043306474543932,18,18,144,35,144,144,0.24305555555555555,0.24305555555555555,2.9444444444444446,50,1.8596744537353516,50,0.8787244771278204
7,"Criticism of Du Fu 's works has focused on his strong sense of history , his moral engagement , and his technical excellence .",1,10,50,8,1,0.13906502723693848,57.52704442627139,1,1,10,7,10,10,0.7,0.7,8.0,50,1.8596744537353516,50,13.372696864804443
7,"Criticism of Du Fu 's works has focused on his strong sense of history , his moral engagement , and his technical excellence .",2,2,50,52,21,1.2890470027923584,40.339878908493326,21,42,42,31,42,84,0.7380952380952381,0.36904761904761907,2.4761904761904763,50,1.8596744537353516,50,1.4426738898635107
7,"Criticism of Du Fu 's works has focused on his strong sense of history , his moral engagement , and his technical excellence .",2,4,50,54,18,1.470329999923706,36.72644916637898,18,36,72,36,72,144,0.5,0.25,3.0,50,1.8596744537353516,50,1.2648007276134257
7,"Criticism of Du Fu 's works has focused on his strong sense of history , his moral engagement , and his technical excellence .",2,6,50,51,12,1.221944808959961,41.736745903776004,12,24,72,39,72,144,0.5416666666666666,0.2708333333333333,4.25,50,1.8596744537353516,50,1.5218972576332512
7,"Criticism of Du Fu 's works has focused on his strong sense of history , his moral engagement , and his technical excellence .",2,8,50,52,14,1.7195360660552979,30.240714938472102,14,28,112,38,112,224,0.3392857142857143,0.16964285714285715,3.7142857142857144,50,1.8596744537353516,50,1.0814977891109538
7,"Criticism of Du Fu 's works has focused on his strong sense of history , his moral engagement , and his technical excellence .",2,10,50,52,9,1.2859888076782227,40.435810708090806,9,18,90,43,90,180,0.4777777777777778,0.2388888888888889,5.777777777777778,50,1.8596744537353516,50,1.4461046959599009
7,"Criticism of Du Fu 's works has focused on his strong sense of history , his moral engagement , and his technical excellence .",4,2,50,52,18,1.4410898685455322,36.08380097244228,18,72,36,34,36,144,0.9444444444444444,0.2361111111111111,2.888888888888889,50,1.8596744537353516,50,1.290463901194649
7,"Criticism of Du Fu 's works has focused on his strong sense of history , his moral engagement , and his technical excellence .",4,4,50,52,11,1.1264667510986328,46.162037138943404,11,44,44,41,44,176,0.9318181818181818,0.23295454545454544,4.7272727272727275,50,1.8596744537353516,50,1.6508915615322226
7,"Criticism of Du Fu 's works has focused on his strong sense of history , his moral engagement , and his technical excellence .",4,6,50,53,11,1.3970859050750732,37.93610672577218,11,44,66,42,66,264,0.6363636363636364,0.1590909090909091,4.818181818181818,50,1.8596744537353516,50,1.3311095953225731
7,"Criticism of Du Fu 's works has focused on his strong sense of history , his moral engagement , and his technical excellence .",4,8,50,50,10,1.4238991737365723,35.11484585582759,10,40,80,40,80,320,0.5,0.125,5.0,50,1.8596744537353516,50,1.3060436356987448
7,"Criticism of Du Fu 's works has focused on his strong sense of history , his moral engagement , and his technical excellence .",4,10,50,55,12,2.053795337677002,26.77968879908412,12,48,120,43,120,480,0.35833333333333334,0.08958333333333333,4.583333333333333,50,1.8596744537353516,50,0.9054818752479905
7,"Criticism of Du Fu 's works has focused on his strong sense of history , his moral engagement , and his technical excellence .",6,2,50,50,17,1.695265769958496,29.49390053526776,17,102,34,33,34,204,0.9705882352941176,0.16176470588235295,2.9411764705882355,50,1.8596744537353516,50,1.0969810673289773
7,"Criticism of Du Fu 's works has focused on his strong sense of history , his moral engagement , and his technical excellence .",6,4,50,33,7,0.7889459133148193,41.82796240283172,7,42,28,26,28,168,0.9285714285714286,0.15476190476190477,4.714285714285714,50,1.8596744537353516,50,2.3571634282529974
7,"Criticism of Du Fu 's works has focused on his strong sense of history , his moral engagement , and his technical excellence .",6,6,50,50,10,1.5100550651550293,33.11137530926183,10,60,60,40,60,360,0.6666666666666666,0.1111111111111111,5.0,50,1.8596744537353516,50,1.231527575813554
7,"Criticism of Du Fu 's works has focused on his strong sense of history , his moral engagement , and his technical excellence .",6,8,50,50,10,1.7362828254699707,28.797151746557294,10,60,80,40,80,480,0.5,0.08333333333333333,5.0,50,1.8596744537353516,50,1.0710665488682591
7,"Criticism of Du Fu 's works has focused on his strong sense of history , his moral engagement , and his technical excellence .",6,10,50,55,7,1.3708715438842773,40.12046223102786,7,42,70,48,70,420,0.6857142857142857,0.11428571428571428,7.857142857142857,50,1.8596744537353516,50,1.3565636124199372
7,"Criticism of Du Fu 's works has focused on his strong sense of history , his moral engagement , and his technical excellence .",8,2,50,52,18,2.1600029468536377,24.074041230242607,18,144,36,34,36,288,0.9444444444444444,0.11805555555555555,2.888888888888889,50,1.8596744537353516,50,0.8609592206548797
7,"Criticism of Du Fu 's works has focused on his strong sense of history , his moral engagement , and his technical excellence .",8,4,50,51,12,1.724034070968628,29.581781972177765,12,96,48,39,48,384,0.8125,0.1015625,4.25,50,1.8596744537353516,50,1.078676161365254
7,"Criticism of Du Fu 's works has focused on his strong sense of history , his moral engagement , and his technical excellence .",8,6,50,53,8,1.3729398250579834,38.60329421048126,8,64,48,45,48,384,0.9375,0.1171875,6.625,50,1.8596744537353516,50,1.354520001382298
7,"Criticism of Du Fu 's works has focused on his strong sense of history , his moral engagement , and his technical excellence .",8,8,50,52,8,1.5681562423706055,33.15996110272202,8,64,64,44,64,512,0.6875,0.0859375,6.5,50,1.8596744537353516,50,1.1858987028767323
7,"Criticism of Du Fu 's works has focused on his strong sense of history , his moral engagement , and his technical excellence .",8,10,50,51,8,1.7677619457244873,28.850038390830115,8,64,80,43,80,640,0.5375,0.0671875,6.375,50,1.8596744537353516,50,1.0519937134257042
8,"Although he wrote in all poetic forms , Du Fu is best known for his lǜshi , a type of poem with strict constraints on form and content , for example :",1,2,50,50,32,1.8684673309326172,26.759900573184364,32,32,64,18,64,64,0.28125,0.28125,1.5625,50,1.8371186256408691,50,0.9832222352658953
8,"Although he wrote in all poetic forms , Du Fu is best known for his lǜshi , a type of poem with strict constraints on form and content , for example :",1,4,50,51,22,1.7048652172088623,29.914388237385225,22,22,88,29,88,88,0.32954545454545453,0.32954545454545453,2.3181818181818183,50,1.8371186256408691,50,1.0775741138343633
8,"Although he wrote in all poetic forms , Du Fu is best known for his lǜshi , a type of poem with strict constraints on form and content , for example :",1,6,50,50,17,1.6485826969146729,30.329082122222403,17,17,102,33,102,102,0.3235294117647059,0.3235294117647059,2.9411764705882355,50,1.8371186256408691,50,1.1143624333065256
8,"Although he wrote in all poetic forms , Du Fu is best known for his lǜshi , a type of poem with strict constraints on form and content , for example :",1,8,50,51,18,2.092369556427002,24.37427931569089,18,18,144,33,144,144,0.22916666666666666,0.22916666666666666,2.8333333333333335,50,1.8371186256408691,50,0.8780086768123277
8,"Although he wrote in all poetic forms , Du Fu is best known for his lǜshi , a type of poem with strict constraints on form and content , for example :",1,10,50,50,18,2.4858827590942383,20.1135792977695,18,18,180,32,180,180,0.17777777777777778,0.17777777777777778,2.7777777777777777,50,1.8371186256408691,50,0.7390206231247389
8,"Although he wrote in all poetic forms , Du Fu is best known for his lǜshi , a type of poem with strict constraints on form and content , for example :",2,2,50,51,19,1.198089361190796,42.5677763712971,19,38,38,32,38,76,0.8421052631578947,0.42105263157894735,2.6842105263157894,50,1.8371186256408691,50,1.5333736239965725
8,"Although he wrote in all poetic forms , Du Fu is best known for his lǜshi , a type of poem with strict constraints on form and content , for example :",2,4,50,52,16,1.3496930599212646,38.52727819689127,16,32,64,36,64,128,0.5625,0.28125,3.25,50,1.8371186256408691,50,1.361138084053006
8,"Although he wrote in all poetic forms , Du Fu is best known for his lǜshi , a type of poem with strict constraints on form and content , for example :",2,6,50,54,12,1.2604970932006836,42.84024159300672,12,24,72,42,72,144,0.5833333333333334,0.2916666666666667,4.5,50,1.8371186256408691,50,1.4574556621753205
8,"Although he wrote in all poetic forms , Du Fu is best known for his lǜshi , a type of poem with strict constraints on form and content , for example :",2,8,50,50,18,2.2314438819885254,22.40701655263814,18,36,144,32,144,288,0.2222222222222222,0.1111111111111111,2.7777777777777777,50,1.8371186256408691,50,0.8232869490778958
8,"Although he wrote in all poetic forms , Du Fu is best known for his lǜshi , a type of poem with strict constraints on form and content , for example :",2,10,50,50,11,1.6061549186706543,31.130247411864143,11,22,110,39,110,220,0.35454545454545455,0.17727272727272728,4.545454545454546,50,1.8371186256408691,50,1.1437991468228816
8,"Although he wrote in all poetic forms , Du Fu is best known for his lǜshi , a type of poem with strict constraints on form and content , for example :",4,2,50,50,18,1.5502915382385254,32.25199826402399,18,72,36,32,36,144,0.8888888888888888,0.2222222222222222,2.7777777777777777,50,1.8371186256408691,50,1.185014934499509
8,"Although he wrote in all poetic forms , Du Fu is best known for his lǜshi , a type of poem with strict constraints on form and content , for example :",4,4,50,52,13,1.400228500366211,37.13679587753006,13,52,52,39,52,208,0.75,0.1875,4.0,50,1.8371186256408691,50,1.312013450062183
8,"Although he wrote in all poetic forms , Du Fu is best known for his lǜshi , a type of poem with strict constraints on form and content , for example :",4,6,50,56,13,1.7180378437042236,32.59532390698661,13,52,78,43,78,312,0.5512820512820513,0.13782051282051283,4.3076923076923075,50,1.8371186256408691,50,1.069312083184325
8,"Although he wrote in all poetic forms , Du Fu is best known for his lǜshi , a type of poem with strict constraints on form and content , for example :",4,8,50,50,9,1.3803222179412842,36.22342620447981,9,36,72,41,72,288,0.5694444444444444,0.1423611111111111,5.555555555555555,50,1.8371186256408691,50,1.3309346192955478
8,"Although he wrote in all poetic forms , Du Fu is best known for his lǜshi , a type of poem with strict constraints on form and content , for example :",4,10,50,55,8,1.4026250839233398,39.21218908060396,8,32,80,47,80,320,0.5875,0.146875,6.875,50,1.8371186256408691,50,1.309771689311437
8,"Although he wrote in all poetic forms , Du Fu is best known for his lǜshi , a type of poem with strict constraints on form and content , for example :",6,2,50,51,17,1.8595514297485352,27.42596907195875,17,102,34,34,34,204,1.0,0.16666666666666666,3.0,50,1.8371186256408691,50,0.9879364433008989
8,"Although he wrote in all poetic forms , Du Fu is best known for his lǜshi , a type of poem with strict constraints on form and content , for example :",6,4,50,50,13,1.7220790386199951,29.03467197421321,13,78,52,37,52,312,0.7115384615384616,0.11858974358974358,3.8461538461538463,50,1.8371186256408691,50,1.0668027334640007
8,"Although he wrote in all poetic forms , Du Fu is best known for his lǜshi , a type of poem with strict constraints on form and content , for example :",6,6,50,54,10,1.5875132083892822,34.01546501448597,10,60,60,44,60,360,0.7333333333333333,0.12222222222222222,5.4,50,1.8371186256408691,50,1.157230450702732
8,"Although he wrote in all poetic forms , Du Fu is best known for his lǜshi , a type of poem with strict constraints on form and content , for example :",6,8,50,54,11,2.0447933673858643,26.408536364256452,11,66,88,43,88,528,0.48863636363636365,0.08143939393939394,4.909090909090909,50,1.8371186256408691,50,0.8984372968646246
8,"Although he wrote in all poetic forms , Du Fu is best known for his lǜshi , a type of poem with strict constraints on form and content , for example :",6,10,50,54,10,2.0802745819091797,25.958111717368244,10,60,100,44,100,600,0.44,0.07333333333333333,5.4,50,1.8371186256408691,50,0.8831135281934016
8,"Although he wrote in all poetic forms , Du Fu is best known for his lǜshi , a type of poem with strict constraints on form and content , for example :",8,2,50,51,17,2.2831788063049316,22.3372781225741,17,136,34,34,34,272,1.0,0.125,3.0,50,1.8371186256408691,50,0.8046319546098272
8,"Although he wrote in all poetic forms , Du Fu is best known for his lǜshi , a type of poem with strict constraints on form and content , for example :",8,4,50,54,12,1.9451286792755127,27.76165946003787,12,96,48,42,48,384,0.875,0.109375,4.5,50,1.8371186256408691,50,0.9444715124580482
8,"Although he wrote in all poetic forms , Du Fu is best known for his lǜshi , a type of poem with strict constraints on form and content , for example :",8,6,50,54,9,1.682701826095581,32.09124704244107,9,72,54,45,54,432,0.8333333333333334,0.10416666666666667,6.0,50,1.8371186256408691,50,1.091767178920573
8,"Although he wrote in all poetic forms , Du Fu is best known for his lǜshi , a type of poem with strict constraints on form and content , for example :",8,8,50,53,7,1.4902405738830566,35.5647275539547,7,56,56,46,56,448,0.8214285714285714,0.10267857142857142,7.571428571428571,50,1.8371186256408691,50,1.2327664793436452
8,"Although he wrote in all poetic forms , Du Fu is best known for his lǜshi , a type of poem with strict constraints on form and content , for example :",8,10,50,10,1,0.2006387710571289,49.84081564750338,1,8,10,9,10,80,0.9,0.1125,10.0,50,1.8371186256408691,50,9.156349074316134
9,"In 2015 , Stephen Owen published translations , with facing Chinese texts , of the complete poetry of Du Fu in six volumes , with extensive scholarly apparatus , which emphasized literalness .",1,2,50,51,21,1.2286946773529053,41.50746392901627,21,21,42,30,42,42,0.7142857142857143,0.7142857142857143,2.4285714285714284,50,1.865901231765747,50,1.518604472012231
9,"In 2015 , Stephen Owen published translations , with facing Chinese texts , of the complete poetry of Du Fu in six volumes , with extensive scholarly apparatus , which emphasized literalness .",1,4,50,51,21,1.6458439826965332,30.98714126988036,21,21,84,30,84,84,0.35714285714285715,0.35714285714285715,2.4285714285714284,50,1.865901231765747,50,1.1337048051837055
9,"In 2015 , Stephen Owen published translations , with facing Chinese texts , of the complete poetry of Du Fu in six volumes , with extensive scholarly apparatus , which emphasized literalness .",1,6,50,53,20,1.974259853363037,26.845503599598388,20,20,120,33,120,120,0.275,0.275,2.65,50,1.865901231765747,50,0.9451143062992912
9,"In 2015 , Stephen Owen published translations , with facing Chinese texts , of the complete poetry of Du Fu in six volumes , with extensive scholarly apparatus , which emphasized literalness .",1,8,50,51,18,2.1323235034942627,23.917571567553292,18,18,144,33,144,144,0.22916666666666666,0.22916666666666666,2.8333333333333335,50,1.865901231765747,50,0.8750554166420215
9,"In 2015 , Stephen Owen published translations , with facing Chinese texts , of the complete poetry of Du Fu in six volumes , with extensive scholarly apparatus , which emphasized literalness .",1,10,50,53,14,1.9297752380371094,27.464338310149266,14,14,140,39,140,140,0.2785714285714286,0.2785714285714286,3.7857142857142856,50,1.865901231765747,50,0.966900805330919
9,"In 2015 , Stephen Owen published translations , with facing Chinese texts , of the complete poetry of Du Fu in six volumes , with extensive scholarly apparatus , which emphasized literalness .",2,2,50,50,20,1.2316720485687256,40.59522180283534,20,40,40,30,40,80,0.75,0.375,2.5,50,1.865901231765747,50,1.5149334873142835
9,"In 2015 , Stephen Owen published translations , with facing Chinese texts , of the complete poetry of Du Fu in six volumes , with extensive scholarly apparatus , which emphasized literalness .",2,4,50,53,16,1.3168587684631348,40.2472924730225,16,32,64,37,64,128,0.578125,0.2890625,3.3125,50,1.865901231765747,50,1.4169334452952633
9,"In 2015 , Stephen Owen published translations , with facing Chinese texts , of the complete poetry of Du Fu in six volumes , with extensive scholarly apparatus , which emphasized literalness .",2,6,50,50,18,1.909388542175293,26.1863936519892,18,36,108,32,108,216,0.2962962962962963,0.14814814814814814,2.7777777777777777,50,1.865901231765747,50,0.9772244834149877
9,"In 2015 , Stephen Owen published translations , with facing Chinese texts , of the complete poetry of Du Fu in six volumes , with extensive scholarly apparatus , which emphasized literalness .",2,8,50,53,17,2.1512041091918945,24.637364615257074,17,34,136,36,136,272,0.2647058823529412,0.1323529411764706,3.1176470588235294,50,1.865901231765747,50,0.8673752638315095
9,"In 2015 , Stephen Owen published translations , with facing Chinese texts , of the complete poetry of Du Fu in six volumes , with extensive scholarly apparatus , which emphasized literalness .",2,10,50,50,16,2.2911691665649414,21.822919376556996,16,32,160,34,160,320,0.2125,0.10625,3.125,50,1.865901231765747,50,0.8143882429088457
9,"In 2015 , Stephen Owen published translations , with facing Chinese texts , of the complete poetry of Du Fu in six volumes , with extensive scholarly apparatus , which emphasized literalness .",4,2,50,52,18,1.5491657257080078,33.56645395458558,18,72,36,34,36,144,0.9444444444444444,0.2361111111111111,2.888888888888889,50,1.865901231765747,50,1.204455534228259
9,"In 2015 , Stephen Owen published translations , with facing Chinese texts , of the complete poetry of Du Fu in six volumes , with extensive scholarly apparatus , which emphasized literalness .",4,4,50,51,12,1.2731597423553467,40.057817022748424,12,48,48,39,48,192,0.8125,0.203125,4.25,50,1.865901231765747,50,1.4655672573449645
9,"In 2015 , Stephen Owen published translations , with facing Chinese texts , of the complete poetry of Du Fu in six volumes , with extensive scholarly apparatus , which emphasized literalness .",4,6,50,56,14,1.8950903415679932,29.550042428935466,14,56,84,42,84,336,0.5,0.125,4.0,50,1.865901231765747,50,0.9845975101228709
9,"In 2015 , Stephen Owen published translations , with facing Chinese texts , of the complete poetry of Du Fu in six volumes , with extensive scholarly apparatus , which emphasized literalness .",4,8,50,50,7,1.087205410003662,45.98946945989864,7,28,56,43,56,224,0.7678571428571429,0.19196428571428573,7.142857142857143,50,1.865901231765747,50,1.7162361542695617
9,"In 2015 , Stephen Owen published translations , with facing Chinese texts , of the complete poetry of Du Fu in six volumes , with extensive scholarly apparatus , which emphasized literalness .",4,10,50,51,7,1.2231976985931396,41.69399603895399,7,28,70,44,70,280,0.6285714285714286,0.15714285714285714,7.285714285714286,50,1.865901231765747,50,1.525428991496479
9,"In 2015 , Stephen Owen published translations , with facing Chinese texts , of the complete poetry of Du Fu in six volumes , with extensive scholarly apparatus , which emphasized literalness .",6,2,50,50,17,1.8394455909729004,27.18210326273066,17,102,34,33,34,204,0.9705882352941176,0.16176470588235295,2.9411764705882355,50,1.865901231765747,50,1.0143823991982575
9,"In 2015 , Stephen Owen published translations , with facing Chinese texts , of the complete poetry of Du Fu in six volumes , with extensive scholarly apparatus , which emphasized literalness .",6,4,50,50,12,1.5843708515167236,31.55826803562741,12,72,48,38,48,288,0.7916666666666666,0.13194444444444445,4.166666666666667,50,1.865901231765747,50,1.1776922240014158
9,"In 2015 , Stephen Owen published translations , with facing Chinese texts , of the complete poetry of Du Fu in six volumes , with extensive scholarly apparatus , which emphasized literalness .",6,6,50,54,10,1.601719856262207,33.71376073592236,10,60,60,44,60,360,0.7333333333333333,0.12222222222222222,5.4,50,1.865901231765747,50,1.1649360682335779
9,"In 2015 , Stephen Owen published translations , with facing Chinese texts , of the complete poetry of Du Fu in six volumes , with extensive scholarly apparatus , which emphasized literalness .",6,8,50,50,7,1.269059419631958,39.39925840076155,7,42,56,43,56,336,0.7678571428571429,0.12797619047619047,7.142857142857143,50,1.865901231765747,50,1.4703024956127588
9,"In 2015 , Stephen Owen published translations , with facing Chinese texts , of the complete poetry of Du Fu in six volumes , with extensive scholarly apparatus , which emphasized literalness .",6,10,50,53,7,1.4741506576538086,35.952905983403625,7,42,70,46,70,420,0.6571428571428571,0.10952380952380952,7.571428571428571,50,1.865901231765747,50,1.265746633207376
9,"In 2015 , Stephen Owen published translations , with facing Chinese texts , of the complete poetry of Du Fu in six volumes , with extensive scholarly apparatus , which emphasized literalness .",8,2,50,51,17,2.244255304336548,22.724687294468374,17,136,34,34,34,272,1.0,0.125,3.0,50,1.865901231765747,50,0.8314121963576463
9,"In 2015 , Stephen Owen published translations , with facing Chinese texts , of the complete poetry of Du Fu in six volumes , with extensive scholarly apparatus , which emphasized literalness .",8,4,50,51,13,2.0535449981689453,24.835102247807782,13,104,52,38,52,416,0.7307692307692307,0.09134615384615384,3.923076923076923,50,1.865901231765747,50,0.9086244681414277
9,"In 2015 , Stephen Owen published translations , with facing Chinese texts , of the complete poetry of Du Fu in six volumes , with extensive scholarly apparatus , which emphasized literalness .",8,6,50,52,8,1.477846384048462,35.186336388731725,8,64,48,44,48,384,0.9166666666666666,0.11458333333333333,6.5,50,1.865901231765747,50,1.2625813155588166
9,"In 2015 , Stephen Owen published translations , with facing Chinese texts , of the complete poetry of Du Fu in six volumes , with extensive scholarly apparatus , which emphasized literalness .",8,8,50,53,10,2.1497745513916016,24.65374797822023,10,80,80,43,80,640,0.5375,0.0671875,5.3,50,1.865901231765747,50,0.867952051324593
9,"In 2015 , Stephen Owen published translations , with facing Chinese texts , of the complete poetry of Du Fu in six volumes , with extensive scholarly apparatus , which emphasized literalness .",8,10,50,54,8,1.9142367839813232,28.209676280323148,8,64,80,46,80,640,0.575,0.071875,6.75,50,1.865901231765747,50,0.9747494392438507
10,"The song was included in the dancing game Just Dance 2014 , and is also one of the select songs available on the demo version . Additionally , it is the final main track on the US edition of Now That 's What I Call Music ! 46 .",1,2,50,50,23,1.3456299304962158,37.157318566451586,23,23,46,27,46,46,0.5869565217391305,0.5869565217391305,2.1739130434782608,4,0.15130019187927246,4,0.11243818857646756
10,"The song was included in the dancing game Just Dance 2014 , and is also one of the select songs available on the demo version . Additionally , it is the final main track on the US edition of Now That 's What I Call Music ! 46 .",1,4,50,54,21,1.665464162826538,32.423393553154604,21,21,84,33,84,84,0.39285714285714285,0.39285714285714285,2.5714285714285716,4,0.15130019187927246,4,0.09084566048091587
10,"The song was included in the dancing game Just Dance 2014 , and is also one of the select songs available on the demo version . Additionally , it is the final main track on the US edition of Now That 's What I Call Music ! 46 .",1,6,50,51,11,1.0866811275482178,46.93189078848436,11,11,66,40,66,66,0.6060606060606061,0.6060606060606061,4.636363636363637,4,0.15130019187927246,4,0.13923145257950478
10,"The song was included in the dancing game Just Dance 2014 , and is also one of the select songs available on the demo version . Additionally , it is the final main track on the US edition of Now That 's What I Call Music ! 46 .",1,8,50,48,17,2.04095721244812,23.518376430059593,17,17,136,31,136,136,0.22794117647058823,0.22794117647058823,2.823529411764706,4,0.15130019187927246,4,0.07413197638660365
10,"The song was included in the dancing game Just Dance 2014 , and is also one of the select songs available on the demo version . Additionally , it is the final main track on the US edition of Now That 's What I Call Music ! 46 .",1,10,50,52,9,1.257418155670166,41.35458022894982,9,9,90,43,90,90,0.4777777777777778,0.4777777777777778,5.777777777777778,4,0.15130019187927246,4,0.12032607545628607
10,"The song was included in the dancing game Just Dance 2014 , and is also one of the select songs available on the demo version . Additionally , it is the final main track on the US edition of Now That 's What I Call Music ! 46 .",2,2,50,52,22,1.4738664627075195,35.281351001416404,22,44,44,30,44,88,0.6818181818181818,0.3409090909090909,2.3636363636363638,4,0.15130019187927246,4,0.10265529185142815
10,"The song was included in the dancing game Just Dance 2014 , and is also one of the select songs available on the demo version . Additionally , it is the final main track on the US edition of Now That 's What I Call Music ! 46 .",2,4,50,50,11,0.9804580211639404,50.996573969218005,11,22,44,39,44,88,0.8863636363636364,0.4431818181818182,4.545454545454546,4,0.15130019187927246,4,0.1543158285345639
10,"The song was included in the dancing game Just Dance 2014 , and is also one of the select songs available on the demo version . Additionally , it is the final main track on the US edition of Now That 's What I Call Music ! 46 .",2,6,50,52,15,1.6337294578552246,31.829015355006263,15,30,90,37,90,180,0.4111111111111111,0.20555555555555555,3.466666666666667,4,0.15130019187927246,4,0.09261031020270687
10,"The song was included in the dancing game Just Dance 2014 , and is also one of the select songs available on the demo version . Additionally , it is the final main track on the US edition of Now That 's What I Call Music ! 46 .",2,8,50,58,11,1.4946446418762207,38.805210532981846,11,22,88,47,88,176,0.5340909090909091,0.26704545454545453,5.2727272727272725,4,0.15130019187927246,4,0.10122820344061582
10,"The song was included in the dancing game Just Dance 2014 , and is also one of the select songs available on the demo version . Additionally , it is the final main track on the US edition of Now That 's What I Call Music ! 46 .",2,10,50,53,14,2.144174814224243,24.718133823978928,14,28,140,39,140,280,0.2785714285714286,0.1392857142857143,3.7857142857142856,4,0.15130019187927246,4,0.0705633658578405
10,"The song was included in the dancing game Just Dance 2014 , and is also one of the select songs available on the demo version . Additionally , it is the final main track on the US edition of Now That 's What I Call Music ! 46 .",4,2,50,51,18,1.7765820026397705,28.706808874693436,18,72,36,33,36,144,0.9166666666666666,0.22916666666666666,2.8333333333333335,4,0.15130019187927246,4,0.08516364099966114
10,"The song was included in the dancing game Just Dance 2014 , and is also one of the select songs available on the demo version . Additionally , it is the final main track on the US edition of Now That 's What I Call Music ! 46 .",4,4,50,53,12,1.4993312358856201,35.34909347012579,12,48,48,41,48,192,0.8541666666666666,0.21354166666666666,4.416666666666667,4,0.15130019187927246,4,0.10091178537336545
10,"The song was included in the dancing game Just Dance 2014 , and is also one of the select songs available on the demo version . Additionally , it is the final main track on the US edition of Now That 's What I Call Music ! 46 .",4,6,50,53,10,1.4442834854125977,36.69639688835682,10,40,60,43,60,240,0.7166666666666667,0.17916666666666667,5.3,4,0.15130019187927246,4,0.10475796019785519
10,"The song was included in the dancing game Just Dance 2014 , and is also one of the select songs available on the demo version . Additionally , it is the final main track on the US edition of Now That 's What I Call Music ! 46 .",4,8,50,51,11,1.8719830513000488,27.24383640363714,11,44,88,40,88,352,0.45454545454545453,0.11363636363636363,4.636363636363637,4,0.15130019187927246,4,0.08082348383132955
10,"The song was included in the dancing game Just Dance 2014 , and is also one of the select songs available on the demo version . Additionally , it is the final main track on the US edition of Now That 's What I Call Music ! 46 .",4,10,50,54,10,1.9473488330841064,27.730008657194563,10,40,100,44,100,400,0.44,0.11,5.4,4,0.15130019187927246,4,0.07769547464161895
10,"The song was included in the dancing game Just Dance 2014 , and is also one of the select songs available on the demo version . Additionally , it is the final main track on the US edition of Now That 's What I Call Music ! 46 .",6,2,50,11,4,0.41727542877197266,26.361485104389264,4,24,8,7,8,48,0.875,0.14583333333333334,2.75,4,0.15130019187927246,4,0.36259070495606166
10,"The song was included in the dancing game Just Dance 2014 , and is also one of the select songs available on the demo version . Additionally , it is the final main track on the US edition of Now That 's What I Call Music ! 46 .",6,4,50,53,12,1.8700132369995117,28.342045367037066,12,72,48,41,48,288,0.8541666666666666,0.1423611111111111,4.416666666666667,4,0.15130019187927246,4,0.08090862079780667
10,"The song was included in the dancing game Just Dance 2014 , and is also one of the select songs available on the demo version . Additionally , it is the final main track on the US edition of Now That 's What I Call Music ! 46 .",6,6,50,7,1,0.15039324760437012,46.544642871297334,1,6,6,6,6,36,1.0,0.16666666666666666,7.0,4,0.15130019187927246,4,1.0060304853399282
10,"The song was included in the dancing game Just Dance 2014 , and is also one of the select songs available on the demo version . Additionally , it is the final main track on the US edition of Now That 's What I Call Music ! 46 .",6,8,50,51,9,1.8360207080841064,27.777464478175013,9,54,72,42,72,432,0.5833333333333334,0.09722222222222222,5.666666666666667,4,0.15130019187927246,4,0.08240658246014812
10,"The song was included in the dancing game Just Dance 2014 , and is also one of the select songs available on the demo version . Additionally , it is the final main track on the US edition of Now That 's What I Call Music ! 46 .",6,10,50,53,12,2.7066781520843506,19.581197697696684,12,72,120,41,120,720,0.3416666666666667,0.05694444444444444,4.416666666666667,4,0.15130019187927246,4,0.055898848469575026
10,"The song was included in the dancing game Just Dance 2014 , and is also one of the select songs available on the demo version . Additionally , it is the final main track on the US edition of Now That 's What I Call Music ! 46 .",8,2,50,51,17,2.685103416442871,18.993681840218645,17,136,34,34,34,272,1.0,0.125,3.0,4,0.15130019187927246,4,0.056347994253312425
10,"The song was included in the dancing game Just Dance 2014 , and is also one of the select songs available on the demo version . Additionally , it is the final main track on the US edition of Now That 's What I Call Music ! 46 .",8,4,50,52,11,2.0400078296661377,25.490098245608294,11,88,44,41,44,352,0.9318181818181818,0.11647727272727272,4.7272727272727275,4,0.15130019187927246,4,0.0741664760688854
10,"The song was included in the dancing game Just Dance 2014 , and is also one of the select songs available on the demo version . Additionally , it is the final main track on the US edition of Now That 's What I Call Music ! 46 .",8,6,50,50,8,1.7377378940582275,28.77303888633772,8,64,48,42,48,384,0.875,0.109375,6.25,4,0.15130019187927246,4,0.0870673260890533
10,"The song was included in the dancing game Just Dance 2014 , and is also one of the select songs available on the demo version . Additionally , it is the final main track on the US edition of Now That 's What I Call Music ! 46 .",8,8,50,50,7,1.690016746520996,29.585505648348214,7,56,56,43,56,448,0.7678571428571429,0.09598214285714286,7.142857142857143,4,0.15130019187927246,4,0.08952585362880768
10,"The song was included in the dancing game Just Dance 2014 , and is also one of the select songs available on the demo version . Additionally , it is the final main track on the US edition of Now That 's What I Call Music ! 46 .",8,10,50,50,9,2.4946255683898926,20.04308808246182,9,72,90,41,90,720,0.45555555555555555,0.05694444444444444,5.555555555555555,4,0.15130019187927246,4,0.06065046145459265
11,"Carl Falk — writing , production , programming , instruments , guitar , background vocals",1,2,50,50,25,1.4632837772369385,34.16972208522194,25,25,50,25,50,50,0.5,0.5,2.0,50,1.860273838043213,50,1.2713008009669151
11,"Carl Falk — writing , production , programming , instruments , guitar , background vocals",1,4,50,52,24,1.8693468570709229,27.81720246475752,24,24,96,28,96,96,0.2916666666666667,0.2916666666666667,2.1666666666666665,50,1.860273838043213,50,0.9951464229372999
11,"Carl Falk — writing , production , programming , instruments , guitar , background vocals",1,6,50,52,15,1.5113379955291748,34.406598758071254,15,15,90,37,90,90,0.4111111111111111,0.4111111111111111,3.466666666666667,50,1.860273838043213,50,1.230878760109424
11,"Carl Falk — writing , production , programming , instruments , guitar , background vocals",1,8,50,51,15,1.7707836627960205,28.80080784090381,15,15,120,36,120,120,0.3,0.3,3.4,50,1.860273838043213,50,1.050537045900847
11,"Carl Falk — writing , production , programming , instruments , guitar , background vocals",1,10,50,50,20,2.7591536045074463,18.121499259163503,20,20,200,30,200,200,0.15,0.15,2.5,50,1.860273838043213,50,0.6742190195588266
11,"Carl Falk — writing , production , programming , instruments , guitar , background vocals",2,2,50,51,19,1.1279358863830566,45.21533592085744,19,38,38,32,38,76,0.8421052631578947,0.42105263157894735,2.6842105263157894,50,1.860273838043213,50,1.6492726763118946
11,"Carl Falk — writing , production , programming , instruments , guitar , background vocals",2,4,50,52,17,1.3494150638580322,38.535215289008185,17,34,68,35,68,136,0.5147058823529411,0.25735294117647056,3.0588235294117645,50,1.860273838043213,50,1.37857793933663
11,"Carl Falk — writing , production , programming , instruments , guitar , background vocals",2,6,50,50,18,1.7885377407073975,27.95579811484668,18,36,108,32,108,216,0.2962962962962963,0.14814814814814814,2.7777777777777777,50,1.860273838043213,50,1.040108797093341
11,"Carl Falk — writing , production , programming , instruments , guitar , background vocals",2,8,50,51,15,1.8058698177337646,28.241238376751483,15,30,120,36,120,240,0.3,0.15,3.4,50,1.860273838043213,50,1.0301262138473088
11,"Carl Falk — writing , production , programming , instruments , guitar , background vocals",2,10,50,50,11,1.5178289413452148,32.94178852307706,11,22,110,39,110,220,0.35454545454545455,0.17727272727272728,4.545454545454546,50,1.860273838043213,50,1.2256149473566484
11,"Carl Falk — writing , production , programming , instruments , guitar , background vocals",4,2,50,52,18,1.279127597808838,40.65270743049925,18,72,36,34,36,144,0.9444444444444444,0.2361111111111111,2.888888888888889,50,1.860273838043213,50,1.454330155357359
11,"Carl Falk — writing , production , programming , instruments , guitar , background vocals",4,4,50,51,15,1.3796813488006592,36.96505721725796,15,60,60,36,60,240,0.6,0.15,3.4,50,1.860273838043213,50,1.348335860059518
11,"Carl Falk — writing , production , programming , instruments , guitar , background vocals",4,6,50,50,9,1.0100650787353516,49.501760879212185,9,36,54,41,54,216,0.7592592592592593,0.18981481481481483,5.555555555555555,50,1.860273838043213,50,1.8417366140133884
11,"Carl Falk — writing , production , programming , instruments , guitar , background vocals",4,8,50,50,7,0.9555773735046387,52.324386686367355,7,28,56,43,56,224,0.7678571428571429,0.19196428571428573,7.142857142857143,50,1.860273838043213,50,1.9467537528861159
11,"Carl Falk — writing , production , programming , instruments , guitar , background vocals",4,10,50,57,6,0.9660820960998535,59.00119692737637,6,24,60,51,60,240,0.85,0.2125,9.5,50,1.860273838043213,50,1.9255856676707694
11,"Carl Falk — writing , production , programming , instruments , guitar , background vocals",6,2,50,51,19,1.6669509410858154,30.594781611737005,19,114,38,32,38,228,0.8421052631578947,0.14035087719298245,2.6842105263157894,50,1.860273838043213,50,1.115973957116861
11,"Carl Falk — writing , production , programming , instruments , guitar , background vocals",6,4,50,51,13,1.426274299621582,35.75749770821172,13,78,52,38,52,312,0.7307692307692307,0.12179487179487179,3.923076923076923,50,1.860273838043213,50,1.3042889705975766
11,"Carl Falk — writing , production , programming , instruments , guitar , background vocals",6,6,50,55,10,1.3623967170715332,40.370032686383965,10,60,60,45,60,360,0.75,0.125,5.5,50,1.860273838043213,50,1.3654421026805355
11,"Carl Falk — writing , production , programming , instruments , guitar , background vocals",6,8,50,56,7,1.0995268821716309,50.930996693229254,7,42,56,49,56,336,0.875,0.14583333333333334,8.0,50,1.860273838043213,50,1.6918857266764245
11,"Carl Falk — writing , production , programming , instruments , guitar , background vocals",6,10,50,53,8,1.4565975666046143,36.38616541392766,8,48,80,45,80,480,0.5625,0.09375,6.625,50,1.860273838043213,50,1.2771364450234417
11,"Carl Falk — writing , production , programming , instruments , guitar , background vocals",8,2,50,52,18,1.83280611038208,28.371795415478893,18,144,36,34,36,288,0.9444444444444444,0.11805555555555555,2.888888888888889,50,1.860273838043213,50,1.0149867067255722
11,"Carl Falk — writing , production , programming , instruments , guitar , background vocals",8,4,50,53,12,1.5392875671386719,34.43151307881987,12,96,48,41,48,384,0.8541666666666666,0.10677083333333333,4.416666666666667,50,1.860273838043213,50,1.2085291129202136
11,"Carl Falk — writing , production , programming , instruments , guitar , background vocals",8,6,50,14,3,0.3632030487060547,38.54593195149746,3,24,18,11,18,144,0.6111111111111112,0.0763888888888889,4.666666666666667,50,1.860273838043213,50,5.121856340883191
11,"Carl Falk — writing , production , programming , instruments , guitar , background vocals",8,8,50,50,8,1.3922693729400635,35.912590603364855,8,64,64,42,64,512,0.65625,0.08203125,6.25,50,1.860273838043213,50,1.336145055115923
11,"Carl Falk — writing , production , programming , instruments , guitar , background vocals",8,10,50,52,9,1.8073241710662842,28.77181682869934,9,72,90,43,90,720,0.4777777777777778,0.059722222222222225,5.777777777777778,50,1.860273838043213,50,1.0292972715269388
12,"Rami Yacoub — writing , production , programming , instruments , bass",1,2,50,51,27,1.581326961517334,32.25139470907639,27,27,54,24,54,54,0.4444444444444444,0.4444444444444444,1.8888888888888888,50,1.850449800491333,50,1.1701879785289735
12,"Rami Yacoub — writing , production , programming , instruments , bass",1,4,50,53,20,1.5680804252624512,33.79928678793968,20,20,80,33,80,80,0.4125,0.4125,2.65,50,1.850449800491333,50,1.1800732734621193
12,"Rami Yacoub — writing , production , programming , instruments , bass",1,6,50,54,18,1.7818048000335693,30.306350055282508,18,18,108,36,108,108,0.3333333333333333,0.3333333333333333,3.0,50,1.850449800491333,50,1.0385255446929262
12,"Rami Yacoub — writing , production , programming , instruments , bass",1,8,50,52,18,2.131295919418335,24.39830129932949,18,18,144,34,144,144,0.2361111111111111,0.2361111111111111,2.888888888888889,50,1.850449800491333,50,0.8682275340706093
12,"Rami Yacoub — writing , production , programming , instruments , bass",1,10,50,21,8,1.1008179187774658,19.076724353580605,8,8,80,13,80,80,0.1625,0.1625,2.625,50,1.850449800491333,50,1.6809771797195898
12,"Rami Yacoub — writing , production , programming , instruments , bass",2,2,50,51,22,1.2872767448425293,39.61852041865229,22,44,44,29,44,88,0.6590909090909091,0.32954545454545453,2.3181818181818183,50,1.850449800491333,50,1.4374918275383712
12,"Rami Yacoub — writing , production , programming , instruments , bass",2,4,50,50,14,1.1160905361175537,44.79923302094346,14,28,56,36,56,112,0.6428571428571429,0.32142857142857145,3.5714285714285716,50,1.850449800491333,50,1.6579746361153913
12,"Rami Yacoub — writing , production , programming , instruments , bass",2,6,50,51,15,1.4770851135253906,34.527461913333624,15,30,90,36,90,180,0.4,0.2,3.4,50,1.850449800491333,50,1.2527712746862805
12,"Rami Yacoub — writing , production , programming , instruments , bass",2,8,50,57,16,1.897907018661499,30.0330835175473,16,32,128,41,128,256,0.3203125,0.16015625,3.5625,50,1.850449800491333,50,0.9749949719857007
12,"Rami Yacoub — writing , production , programming , instruments , bass",2,10,50,50,10,1.3848159313201904,36.105881560976385,10,20,100,40,100,200,0.4,0.2,5.0,50,1.850449800491333,50,1.336242426621449
12,"Rami Yacoub — writing , production , programming , instruments , bass",4,2,50,50,18,1.2625691890716553,39.60179009022398,18,72,36,32,36,144,0.8888888888888888,0.2222222222222222,2.7777777777777777,50,1.850449800491333,50,1.465622491431092
12,"Rami Yacoub — writing , production , programming , instruments , bass",4,4,50,40,10,0.8821096420288086,45.34583695061078,10,40,40,30,40,160,0.75,0.1875,4.0,50,1.850449800491333,50,2.097754873459256
12,"Rami Yacoub — writing , production , programming , instruments , bass",4,6,50,56,12,1.3466110229492188,41.58587672730775,12,48,72,44,72,288,0.6111111111111112,0.1527777777777778,4.666666666666667,50,1.850449800491333,50,1.3741531659518536
12,"Rami Yacoub — writing , production , programming , instruments , bass",4,8,50,54,10,1.374704360961914,39.28117312599117,10,40,80,44,80,320,0.55,0.1375,5.4,50,1.850449800491333,50,1.3460710921121457
12,"Rami Yacoub — writing , production , programming , instruments , bass",4,10,50,50,12,1.916243314743042,26.092719862511164,12,48,120,38,120,480,0.31666666666666665,0.07916666666666666,4.166666666666667,50,1.850449800491333,50,0.9656653652772005
12,"Rami Yacoub — writing , production , programming , instruments , bass",6,2,50,50,17,1.457491397857666,34.305519794829586,17,102,34,33,34,204,0.9705882352941176,0.16176470588235295,2.9411764705882355,50,1.850449800491333,50,1.2696128452018776
12,"Rami Yacoub — writing , production , programming , instruments , bass",6,4,50,53,12,1.323408603668213,40.04809992401065,12,72,48,41,48,288,0.8541666666666666,0.1423611111111111,4.416666666666667,50,1.850449800491333,50,1.3982452549894808
12,"Rami Yacoub — writing , production , programming , instruments , bass",6,6,50,51,10,1.376659870147705,37.04618773737342,10,60,60,41,60,360,0.6833333333333333,0.11388888888888889,5.1,50,1.850449800491333,50,1.3441590334821003
12,"Rami Yacoub — writing , production , programming , instruments , bass",6,8,50,51,10,1.5867855548858643,32.14044887348901,10,60,80,41,80,480,0.5125,0.08541666666666667,5.1,50,1.850449800491333,50,1.1661624942284239
12,"Rami Yacoub — writing , production , programming , instruments , bass",6,10,50,9,1,0.14989209175109863,60.0431943730883,1,6,10,8,10,60,0.8,0.13333333333333333,9.0,50,1.850449800491333,50,12.34521300539373
12,"Rami Yacoub — writing , production , programming , instruments , bass",8,2,50,50,17,1.7312872409820557,28.880245181982623,17,136,34,33,34,272,0.9705882352941176,0.1213235294117647,2.9411764705882355,50,1.850449800491333,50,1.0688288787028104
12,"Rami Yacoub — writing , production , programming , instruments , bass",8,4,50,50,10,1.2500994205474854,39.99681879550214,10,80,40,40,40,320,1.0,0.125,5.0,50,1.850449800491333,50,1.4802421072084988
12,"Rami Yacoub — writing , production , programming , instruments , bass",8,6,50,51,8,1.1901617050170898,42.851319938300044,8,64,48,43,48,384,0.8958333333333334,0.11197916666666667,6.375,50,1.850449800491333,50,1.5547885574630902
12,"Rami Yacoub — writing , production , programming , instruments , bass",8,8,50,53,9,1.6271445751190186,32.57239756714506,9,72,72,44,72,576,0.6111111111111112,0.0763888888888889,5.888888888888889,50,1.850449800491333,50,1.137237482634867
12,"Rami Yacoub — writing , production , programming , instruments , bass",8,10,50,52,8,1.6286303997039795,31.92866841331928,8,64,80,44,80,640,0.55,0.06875,6.5,50,1.850449800491333,50,1.1361999633727036
13,"Unusually , the storm hit Florida less than 24 hours before another major hurricane bearing 125 @-@ mile @-@ per @-@ hour ( 201 km / h ) winds struck South Texas ; never have two major cyclones hit the United States in such close succession .",1,2,50,50,26,1.541661024093628,32.43255113710613,26,26,52,24,52,52,0.46153846153846156,0.46153846153846156,1.9230769230769231,50,1.8641092777252197,50,1.2091563894995434
13,"Unusually , the storm hit Florida less than 24 hours before another major hurricane bearing 125 @-@ mile @-@ per @-@ hour ( 201 km / h ) winds struck South Texas ; never have two major cyclones hit the United States in such close succession .",1,4,50,53,18,1.4336662292480469,36.968158221735,18,18,72,35,72,72,0.4861111111111111,0.4861111111111111,2.9444444444444446,50,1.8641092777252197,50,1.3002393721047183
13,"Unusually , the storm hit Florida less than 24 hours before another major hurricane bearing 125 @-@ mile @-@ per @-@ hour ( 201 km / h ) winds struck South Texas ; never have two major cyclones hit the United States in such close succession .",1,6,50,51,18,1.775045394897461,28.731659565780355,18,18,108,33,108,108,0.3055555555555556,0.3055555555555556,2.8333333333333335,50,1.8641092777252197,50,1.0501755521767395
13,"Unusually , the storm hit Florida less than 24 hours before another major hurricane bearing 125 @-@ mile @-@ per @-@ hour ( 201 km / h ) winds struck South Texas ; never have two major cyclones hit the United States in such close succession .",1,8,50,50,26,3.1143033504486084,16.054954952541028,26,26,208,24,208,208,0.11538461538461539,0.11538461538461539,1.9230769230769231,50,1.8641092777252197,50,0.5985638096098439
13,"Unusually , the storm hit Florida less than 24 hours before another major hurricane bearing 125 @-@ mile @-@ per @-@ hour ( 201 km / h ) winds struck South Texas ; never have two major cyclones hit the United States in such close succession .",1,10,50,53,22,3.06223201751709,17.30763694482344,22,22,220,31,220,220,0.1409090909090909,0.1409090909090909,2.409090909090909,50,1.8641092777252197,50,0.6087420114027386
13,"Unusually , the storm hit Florida less than 24 hours before another major hurricane bearing 125 @-@ mile @-@ per @-@ hour ( 201 km / h ) winds struck South Texas ; never have two major cyclones hit the United States in such close succession .",2,2,50,51,18,1.2544808387756348,40.65426782427038,18,36,36,33,36,72,0.9166666666666666,0.4583333333333333,2.8333333333333335,50,1.8641092777252197,50,1.485960741771535
13,"Unusually , the storm hit Florida less than 24 hours before another major hurricane bearing 125 @-@ mile @-@ per @-@ hour ( 201 km / h ) winds struck South Texas ; never have two major cyclones hit the United States in such close succession .",2,4,50,38,10,0.8752577304840088,43.415783347593376,10,20,40,28,40,80,0.7,0.35,3.8,50,1.8641092777252197,50,2.1297832773146554
13,"Unusually , the storm hit Florida less than 24 hours before another major hurricane bearing 125 @-@ mile @-@ per @-@ hour ( 201 km / h ) winds struck South Texas ; never have two major cyclones hit the United States in such close succession .",2,6,50,51,12,1.382735013961792,36.88342269852237,12,24,72,39,72,144,0.5416666666666666,0.2708333333333333,4.25,50,1.8641092777252197,50,1.3481319695407157
13,"Unusually , the storm hit Florida less than 24 hours before another major hurricane bearing 125 @-@ mile @-@ per @-@ hour ( 201 km / h ) winds struck South Texas ; never have two major cyclones hit the United States in such close succession .",2,8,50,53,14,1.891061782836914,28.02658299217014,14,28,112,39,112,224,0.3482142857142857,0.17410714285714285,3.7857142857142856,50,1.8641092777252197,50,0.9857474222384945
13,"Unusually , the storm hit Florida less than 24 hours before another major hurricane bearing 125 @-@ mile @-@ per @-@ hour ( 201 km / h ) winds struck South Texas ; never have two major cyclones hit the United States in such close succession .",2,10,50,56,11,1.7255747318267822,32.452955509330806,11,22,110,45,110,220,0.4090909090909091,0.20454545454545456,5.090909090909091,50,1.8641092777252197,50,1.0802831331169167
13,"Unusually , the storm hit Florida less than 24 hours before another major hurricane bearing 125 @-@ mile @-@ per @-@ hour ( 201 km / h ) winds struck South Texas ; never have two major cyclones hit the United States in such close succession .",4,2,50,50,17,1.7378649711608887,28.770934928621152,17,68,34,33,34,136,0.9705882352941176,0.2426470588235294,2.9411764705882355,50,1.8641092777252197,50,1.0726433345854254
13,"Unusually , the storm hit Florida less than 24 hours before another major hurricane bearing 125 @-@ mile @-@ per @-@ hour ( 201 km / h ) winds struck South Texas ; never have two major cyclones hit the United States in such close succession .",4,4,50,54,13,1.6174862384796143,33.385137205716376,13,52,52,41,52,208,0.7884615384615384,0.1971153846153846,4.153846153846154,50,1.8641092777252197,50,1.1524730370982466
13,"Unusually , the storm hit Florida less than 24 hours before another major hurricane bearing 125 @-@ mile @-@ per @-@ hour ( 201 km / h ) winds struck South Texas ; never have two major cyclones hit the United States in such close succession .",4,6,50,50,9,1.3489587306976318,37.06562614717045,9,36,54,41,54,216,0.7592592592592593,0.18981481481481483,5.555555555555555,50,1.8641092777252197,50,1.3818875517126985
13,"Unusually , the storm hit Florida less than 24 hours before another major hurricane bearing 125 @-@ mile @-@ per @-@ hour ( 201 km / h ) winds struck South Texas ; never have two major cyclones hit the United States in such close succession .",4,8,50,55,10,1.7432327270507812,31.550577927164984,10,40,80,45,80,320,0.5625,0.140625,5.5,50,1.8641092777252197,50,1.0693404551203778
13,"Unusually , the storm hit Florida less than 24 hours before another major hurricane bearing 125 @-@ mile @-@ per @-@ hour ( 201 km / h ) winds struck South Texas ; never have two major cyclones hit the United States in such close succession .",4,10,50,51,14,2.820002555847168,18.08508999194112,14,56,140,37,140,560,0.2642857142857143,0.06607142857142857,3.642857142857143,50,1.8641092777252197,50,0.6610310596563326
13,"Unusually , the storm hit Florida less than 24 hours before another major hurricane bearing 125 @-@ mile @-@ per @-@ hour ( 201 km / h ) winds struck South Texas ; never have two major cyclones hit the United States in such close succession .",6,2,50,50,17,2.2584331035614014,22.1392433192523,17,102,34,33,34,204,0.9705882352941176,0.16176470588235295,2.9411764705882355,50,1.8641092777252197,50,0.8253993774646862
13,"Unusually , the storm hit Florida less than 24 hours before another major hurricane bearing 125 @-@ mile @-@ per @-@ hour ( 201 km / h ) winds struck South Texas ; never have two major cyclones hit the United States in such close succession .",6,4,50,54,14,2.2588939666748047,23.905504550747228,14,84,56,40,56,336,0.7142857142857143,0.11904761904761904,3.857142857142857,50,1.8641092777252197,50,0.8252309781805623
13,"Unusually , the storm hit Florida less than 24 hours before another major hurricane bearing 125 @-@ mile @-@ per @-@ hour ( 201 km / h ) winds struck South Texas ; never have two major cyclones hit the United States in such close succession .",6,6,50,55,12,2.2371411323547363,24.584948711800283,12,72,72,43,72,432,0.5972222222222222,0.09953703703703703,4.583333333333333,50,1.8641092777252197,50,0.8332551088375563
13,"Unusually , the storm hit Florida less than 24 hours before another major hurricane bearing 125 @-@ mile @-@ per @-@ hour ( 201 km / h ) winds struck South Texas ; never have two major cyclones hit the United States in such close succession .",6,8,50,52,8,1.6782219409942627,30.985174683863683,8,48,64,44,64,384,0.6875,0.11458333333333333,6.5,50,1.8641092777252197,50,1.1107644538485941
13,"Unusually , the storm hit Florida less than 24 hours before another major hurricane bearing 125 @-@ mile @-@ per @-@ hour ( 201 km / h ) winds struck South Texas ; never have two major cyclones hit the United States in such close succession .",6,10,50,54,10,2.382439136505127,22.665846599218586,10,60,100,44,100,600,0.44,0.07333333333333333,5.4,50,1.8641092777252197,50,0.7824373135759257
13,"Unusually , the storm hit Florida less than 24 hours before another major hurricane bearing 125 @-@ mile @-@ per @-@ hour ( 201 km / h ) winds struck South Texas ; never have two major cyclones hit the United States in such close succession .",8,2,50,51,17,2.8387842178344727,17.965437344478634,17,136,34,34,34,272,1.0,0.125,3.0,50,1.8641092777252197,50,0.6566576163183089
13,"Unusually , the storm hit Florida less than 24 hours before another major hurricane bearing 125 @-@ mile @-@ per @-@ hour ( 201 km / h ) winds struck South Texas ; never have two major cyclones hit the United States in such close succession .",8,4,50,53,11,2.1715898513793945,24.406082007766976,11,88,44,42,44,352,0.9545454545454546,0.11931818181818182,4.818181818181818,50,1.8641092777252197,50,0.85840762082266
13,"Unusually , the storm hit Florida less than 24 hours before another major hurricane bearing 125 @-@ mile @-@ per @-@ hour ( 201 km / h ) winds struck South Texas ; never have two major cyclones hit the United States in such close succession .",8,6,50,52,11,2.5477242469787598,20.410372143556994,11,88,66,41,66,528,0.6212121212121212,0.07765151515151515,4.7272727272727275,50,1.8641092777252197,50,0.7316762322044034
13,"Unusually , the storm hit Florida less than 24 hours before another major hurricane bearing 125 @-@ mile @-@ per @-@ hour ( 201 km / h ) winds struck South Texas ; never have two major cyclones hit the United States in such close succession .",8,8,50,56,8,2.0633065700531006,27.140901314805003,8,64,64,48,64,512,0.75,0.09375,7.0,50,1.8641092777252197,50,0.9034572490491539
13,"Unusually , the storm hit Florida less than 24 hours before another major hurricane bearing 125 @-@ mile @-@ per @-@ hour ( 201 km / h ) winds struck South Texas ; never have two major cyclones hit the United States in such close succession .",8,10,50,58,7,2.030332565307617,28.566748615989606,7,56,70,51,70,560,0.7285714285714285,0.09107142857142857,8.285714285714286,50,1.8641092777252197,50,0.9181300194743156
14,"In the Bahamas after the storm , a boat sailed from Nassau to deliver food and building materials to Eleuthera .",1,2,50,52,23,1.3387846946716309,38.841196950458304,23,23,46,29,46,46,0.6304347826086957,0.6304347826086957,2.260869565217391,50,1.8664629459381104,50,1.394147209306053
14,"In the Bahamas after the storm , a boat sailed from Nassau to deliver food and building materials to Eleuthera .",1,4,50,52,23,1.7790918350219727,29.22839562093644,23,23,92,29,92,92,0.31521739130434784,0.31521739130434784,2.260869565217391,50,1.8664629459381104,50,1.0491099499172614
14,"In the Bahamas after the storm , a boat sailed from Nassau to deliver food and building materials to Eleuthera .",1,6,50,54,24,2.351851224899292,22.960636042066106,24,24,144,30,144,144,0.20833333333333334,0.20833333333333334,2.25,50,1.8664629459381104,50,0.7936143775497677
14,"In the Bahamas after the storm , a boat sailed from Nassau to deliver food and building materials to Eleuthera .",1,8,50,50,22,2.625286102294922,19.045543248140447,22,22,176,28,176,176,0.1590909090909091,0.1590909090909091,2.272727272727273,50,1.8664629459381104,50,0.7109560151583181
14,"In the Bahamas after the storm , a boat sailed from Nassau to deliver food and building materials to Eleuthera .",1,10,50,55,11,1.5395522117614746,35.724673434148684,11,11,110,44,110,110,0.4,0.4,5.0,50,1.8664629459381104,50,1.2123414403741473
14,"In the Bahamas after the storm , a boat sailed from Nassau to deliver food and building materials to Eleuthera .",2,2,50,50,22,1.3204119205474854,37.86697107313935,22,44,44,28,44,88,0.6363636363636364,0.3181818181818182,2.272727272727273,50,1.8664629459381104,50,1.4135459676584976
14,"In the Bahamas after the storm , a boat sailed from Nassau to deliver food and building materials to Eleuthera .",2,4,50,51,19,1.5549890995025635,32.797657563203984,19,38,76,32,76,152,0.42105263157894735,0.21052631578947367,2.6842105263157894,50,1.8664629459381104,50,1.2003061285350403
14,"In the Bahamas after the storm , a boat sailed from Nassau to deliver food and building materials to Eleuthera .",2,6,50,50,12,1.2270138263702393,40.74933706974627,12,24,72,38,72,144,0.5277777777777778,0.2638888888888889,4.166666666666667,50,1.8664629459381104,50,1.5211425542444732
14,"In the Bahamas after the storm , a boat sailed from Nassau to deliver food and building materials to Eleuthera .",2,8,50,50,13,1.5878722667694092,31.488678936201232,13,26,104,37,104,208,0.3557692307692308,0.1778846153846154,3.8461538461538463,50,1.8664629459381104,50,1.1754490490192295
14,"In the Bahamas after the storm , a boat sailed from Nassau to deliver food and building materials to Eleuthera .",2,10,50,56,9,1.2799670696258545,43.75112557885515,9,18,90,47,90,180,0.5222222222222223,0.2611111111111111,6.222222222222222,50,1.8664629459381104,50,1.4582116917146108
14,"In the Bahamas after the storm , a boat sailed from Nassau to deliver food and building materials to Eleuthera .",4,2,50,51,18,1.3901963233947754,36.685466032208375,18,72,36,33,36,144,0.9166666666666666,0.22916666666666666,2.8333333333333335,50,1.8664629459381104,50,1.3425894706585906
14,"In the Bahamas after the storm , a boat sailed from Nassau to deliver food and building materials to Eleuthera .",4,4,50,51,11,1.110961675643921,45.90617400950402,11,44,44,40,44,176,0.9090909090909091,0.22727272727272727,4.636363636363637,50,1.8664629459381104,50,1.6800426035005176
14,"In the Bahamas after the storm , a boat sailed from Nassau to deliver food and building materials to Eleuthera .",4,6,50,56,13,1.6263689994812012,34.43253039000593,13,52,78,43,78,312,0.5512820512820513,0.13782051282051283,4.3076923076923075,50,1.8664629459381104,50,1.1476257519256068
14,"In the Bahamas after the storm , a boat sailed from Nassau to deliver food and building materials to Eleuthera .",4,8,50,51,10,1.4095308780670166,36.18225098405768,10,40,80,41,80,320,0.5125,0.128125,5.1,50,1.8664629459381104,50,1.3241731522034588
14,"In the Bahamas after the storm , a boat sailed from Nassau to deliver food and building materials to Eleuthera .",4,10,50,52,7,1.1849374771118164,43.8841719537351,7,28,70,45,70,280,0.6428571428571429,0.16071428571428573,7.428571428571429,50,1.8664629459381104,50,1.5751573243235195
14,"In the Bahamas after the storm , a boat sailed from Nassau to deliver food and building materials to Eleuthera .",6,2,50,35,12,1.0572848320007324,33.103662268348664,12,72,24,23,24,144,0.9583333333333334,0.1597222222222222,2.9166666666666665,50,1.8664629459381104,50,1.765335971392066
14,"In the Bahamas after the storm , a boat sailed from Nassau to deliver food and building materials to Eleuthera .",6,4,50,50,11,1.3521056175231934,36.9793597127351,11,66,44,39,44,264,0.8863636363636364,0.14772727272727273,4.545454545454546,50,1.8664629459381104,50,1.3804120933667328
14,"In the Bahamas after the storm , a boat sailed from Nassau to deliver food and building materials to Eleuthera .",6,6,50,51,9,1.305387258529663,39.06886609069894,9,54,54,42,54,324,0.7777777777777778,0.12962962962962962,5.666666666666667,50,1.8664629459381104,50,1.429815507806029
14,"In the Bahamas after the storm , a boat sailed from Nassau to deliver food and building materials to Eleuthera .",6,8,50,51,8,1.335866928100586,38.17745534917523,8,48,64,43,64,384,0.671875,0.11197916666666667,6.375,50,1.8664629459381104,50,1.3971922701851427
14,"In the Bahamas after the storm , a boat sailed from Nassau to deliver food and building materials to Eleuthera .",6,10,50,52,7,1.3777318000793457,37.74319500864046,7,42,70,45,70,420,0.6428571428571429,0.10714285714285714,7.428571428571429,50,1.8664629459381104,50,1.354736056633532
14,"In the Bahamas after the storm , a boat sailed from Nassau to deliver food and building materials to Eleuthera .",8,2,50,51,17,1.982884168624878,25.720110537454286,17,136,34,34,34,272,1.0,0.125,3.0,50,1.8664629459381104,50,0.9412869271292306
14,"In the Bahamas after the storm , a boat sailed from Nassau to deliver food and building materials to Eleuthera .",8,4,50,50,11,1.535874843597412,32.554735959400965,11,88,44,39,44,352,0.8863636363636364,0.11079545454545454,4.545454545454546,50,1.8664629459381104,50,1.215244167660417
14,"In the Bahamas after the storm , a boat sailed from Nassau to deliver food and building materials to Eleuthera .",8,6,50,51,9,1.4965929985046387,34.07740117116546,9,72,54,42,54,432,0.7777777777777778,0.09722222222222222,5.666666666666667,50,1.8664629459381104,50,1.2471413054872214
14,"In the Bahamas after the storm , a boat sailed from Nassau to deliver food and building materials to Eleuthera .",8,8,50,51,7,1.3236141204833984,38.5308672752556,7,56,56,44,56,448,0.7857142857142857,0.09821428571428571,7.285714285714286,50,1.8664629459381104,50,1.4101261969436059
14,"In the Bahamas after the storm , a boat sailed from Nassau to deliver food and building materials to Eleuthera .",8,10,50,50,10,2.1697115898132324,23.044537455922413,10,80,100,40,100,800,0.4,0.05,5.0,50,1.8664629459381104,50,0.8602355053552414
15,"North Korean and US troops remained locked in combat along the Naktong River for several more days . The North Koreans ' offensive capability was largely destroyed , and the US troops resolved to hold their lines barring further attack .",1,2,50,50,24,1.4049923419952393,35.58738258245213,24,24,48,26,48,48,0.5416666666666666,0.5416666666666666,2.0833333333333335,50,1.8670616149902344,50,1.3288767199533682
15,"North Korean and US troops remained locked in combat along the Naktong River for several more days . The North Koreans ' offensive capability was largely destroyed , and the US troops resolved to hold their lines barring further attack .",1,4,50,50,20,1.584148645401001,31.562694665779503,20,20,80,30,80,80,0.375,0.375,2.5,50,1.8670616149902344,50,1.1785899135226787
15,"North Korean and US troops remained locked in combat along the Naktong River for several more days . The North Koreans ' offensive capability was largely destroyed , and the US troops resolved to hold their lines barring further attack .",1,6,50,51,15,1.4730262756347656,34.622600318533195,15,15,90,36,90,90,0.4,0.4,3.4,50,1.8670616149902344,50,1.2675005503114116
15,"North Korean and US troops remained locked in combat along the Naktong River for several more days . The North Koreans ' offensive capability was largely destroyed , and the US troops resolved to hold their lines barring further attack .",1,8,50,51,14,1.6481735706329346,30.943342927416854,14,14,112,37,112,112,0.33035714285714285,0.33035714285714285,3.642857142857143,50,1.8670616149902344,50,1.1328064278286187
15,"North Korean and US troops remained locked in combat along the Naktong River for several more days . The North Koreans ' offensive capability was largely destroyed , and the US troops resolved to hold their lines barring further attack .",1,10,50,50,14,1.9367480278015137,25.816471364505354,14,14,140,36,140,140,0.2571428571428571,0.2571428571428571,3.5714285714285716,50,1.8670616149902344,50,0.9640188543832502
15,"North Korean and US troops remained locked in combat along the Naktong River for several more days . The North Koreans ' offensive capability was largely destroyed , and the US troops resolved to hold their lines barring further attack .",2,2,50,52,20,1.285233736038208,40.45956664683607,20,40,40,32,40,80,0.8,0.4,2.6,50,1.8670616149902344,50,1.4527019970278228
15,"North Korean and US troops remained locked in combat along the Naktong River for several more days . The North Koreans ' offensive capability was largely destroyed , and the US troops resolved to hold their lines barring further attack .",2,4,50,54,16,1.364281415939331,39.581276538037486,16,32,64,38,64,128,0.59375,0.296875,3.375,50,1.8670616149902344,50,1.3685311499348767
15,"North Korean and US troops remained locked in combat along the Naktong River for several more days . The North Koreans ' offensive capability was largely destroyed , and the US troops resolved to hold their lines barring further attack .",2,6,50,53,16,1.712282419204712,30.952837806170095,16,32,96,37,96,192,0.3854166666666667,0.19270833333333334,3.3125,50,1.8670616149902344,50,1.0903934970362024
15,"North Korean and US troops remained locked in combat along the Naktong River for several more days . The North Koreans ' offensive capability was largely destroyed , and the US troops resolved to hold their lines barring further attack .",2,8,50,56,14,1.8112494945526123,30.917883024079064,14,28,112,42,112,224,0.375,0.1875,4.0,50,1.8670616149902344,50,1.0308141537681466
15,"North Korean and US troops remained locked in combat along the Naktong River for several more days . The North Koreans ' offensive capability was largely destroyed , and the US troops resolved to hold their lines barring further attack .",2,10,50,52,13,1.9642829895019531,26.47276399475652,13,26,130,39,130,260,0.3,0.15,4.0,50,1.8670616149902344,50,0.9505054134097198
15,"North Korean and US troops remained locked in combat along the Naktong River for several more days . The North Koreans ' offensive capability was largely destroyed , and the US troops resolved to hold their lines barring further attack .",4,2,50,51,18,1.655576467514038,30.804980017975254,18,72,36,33,36,144,0.9166666666666666,0.22916666666666666,2.8333333333333335,50,1.8670616149902344,50,1.1277410929824074
15,"North Korean and US troops remained locked in combat along the Naktong River for several more days . The North Koreans ' offensive capability was largely destroyed , and the US troops resolved to hold their lines barring further attack .",4,4,50,51,13,1.5019080638885498,33.95680549710698,13,52,52,38,52,208,0.7307692307692307,0.18269230769230768,3.923076923076923,50,1.8670616149902344,50,1.2431264335556433
15,"North Korean and US troops remained locked in combat along the Naktong River for several more days . The North Koreans ' offensive capability was largely destroyed , and the US troops resolved to hold their lines barring further attack .",4,6,50,52,10,1.4018723964691162,37.09324766717138,10,40,60,42,60,240,0.7,0.175,5.2,50,1.8670616149902344,50,1.3318342095134952
15,"North Korean and US troops remained locked in combat along the Naktong River for several more days . The North Koreans ' offensive capability was largely destroyed , and the US troops resolved to hold their lines barring further attack .",4,8,50,52,14,2.2736048698425293,22.871168464554504,14,56,112,38,112,448,0.3392857142857143,0.08482142857142858,3.7142857142857144,50,1.8670616149902344,50,0.821190014041247
15,"North Korean and US troops remained locked in combat along the Naktong River for several more days . The North Koreans ' offensive capability was largely destroyed , and the US troops resolved to hold their lines barring further attack .",4,10,50,50,12,2.235365867614746,22.36770307911727,12,48,120,38,120,480,0.31666666666666665,0.07916666666666666,4.166666666666667,50,1.8670616149902344,50,0.8352375966903745
15,"North Korean and US troops remained locked in combat along the Naktong River for several more days . The North Koreans ' offensive capability was largely destroyed , and the US troops resolved to hold their lines barring further attack .",6,2,50,50,19,2.2521677017211914,22.200833428961847,19,114,38,31,38,228,0.8157894736842105,0.13596491228070176,2.6315789473684212,50,1.8670616149902344,50,0.8290064783201337
15,"North Korean and US troops remained locked in combat along the Naktong River for several more days . The North Koreans ' offensive capability was largely destroyed , and the US troops resolved to hold their lines barring further attack .",6,4,50,52,12,1.7177414894104004,30.272308330777143,12,72,48,40,48,288,0.8333333333333334,0.1388888888888889,4.333333333333333,50,1.8670616149902344,50,1.0869281707989058
15,"North Korean and US troops remained locked in combat along the Naktong River for several more days . The North Koreans ' offensive capability was largely destroyed , and the US troops resolved to hold their lines barring further attack .",6,6,50,54,9,1.5547621250152588,34.73200120530981,9,54,54,45,54,324,0.8333333333333334,0.1388888888888889,6.0,50,1.8670616149902344,50,1.2008664122634904
15,"North Korean and US troops remained locked in combat along the Naktong River for several more days . The North Koreans ' offensive capability was largely destroyed , and the US troops resolved to hold their lines barring further attack .",6,8,50,52,9,1.7639076709747314,29.480001054286994,9,54,72,43,72,432,0.5972222222222222,0.09953703703703703,5.777777777777778,50,1.8670616149902344,50,1.0584803534294402
15,"North Korean and US troops remained locked in combat along the Naktong River for several more days . The North Koreans ' offensive capability was largely destroyed , and the US troops resolved to hold their lines barring further attack .",6,10,50,52,9,2.0341827869415283,25.563091150812454,9,54,90,43,90,540,0.4777777777777778,0.07962962962962963,5.777777777777778,50,1.8670616149902344,50,0.9178435816957399
15,"North Korean and US troops remained locked in combat along the Naktong River for several more days . The North Koreans ' offensive capability was largely destroyed , and the US troops resolved to hold their lines barring further attack .",8,2,50,50,17,2.4905247688293457,20.07609023840472,17,136,34,33,34,272,0.9705882352941176,0.1213235294117647,2.9411764705882355,50,1.8670616149902344,50,0.7496659492641119
15,"North Korean and US troops remained locked in combat along the Naktong River for several more days . The North Koreans ' offensive capability was largely destroyed , and the US troops resolved to hold their lines barring further attack .",8,4,50,53,11,1.924037218093872,27.54624468881463,11,88,44,42,44,352,0.9545454545454546,0.11931818181818182,4.818181818181818,50,1.8670616149902344,50,0.9703874735021587
15,"North Korean and US troops remained locked in combat along the Naktong River for several more days . The North Koreans ' offensive capability was largely destroyed , and the US troops resolved to hold their lines barring further attack .",8,6,50,7,1,0.16550636291503906,42.2944464291888,1,8,6,6,6,48,1.0,0.125,7.0,50,1.8670616149902344,50,11.280905350742742
15,"North Korean and US troops remained locked in combat along the Naktong River for several more days . The North Koreans ' offensive capability was largely destroyed , and the US troops resolved to hold their lines barring further attack .",8,8,50,58,10,2.360476016998291,24.5713151001449,10,80,80,48,80,640,0.6,0.075,5.8,50,1.8670616149902344,50,0.7909682629881116
15,"North Korean and US troops remained locked in combat along the Naktong River for several more days . The North Koreans ' offensive capability was largely destroyed , and the US troops resolved to hold their lines barring further attack .",8,10,50,50,9,2.321532726287842,21.537495221939253,9,72,90,41,90,720,0.45555555555555555,0.05694444444444444,5.555555555555555,50,1.8670616149902344,50,0.8042366122383672
16,"In 2015 , it was confirmed that 12 @-@ year guitarist Jaxon Benge and original bassist Mark Young had left the band . They were replaced by guitarist Greg "" Gregzilla "" Harrison and bassist Kurt Blankenship , leaving vocalist and founding member Jared Gomes as the group 's only remaining original talent .",1,2,50,11,7,0.4072685241699219,27.009207309648474,7,7,14,4,14,14,0.2857142857142857,0.2857142857142857,1.5714285714285714,50,1.8559913635253906,50,4.557168682034038
16,"In 2015 , it was confirmed that 12 @-@ year guitarist Jaxon Benge and original bassist Mark Young had left the band . They were replaced by guitarist Greg "" Gregzilla "" Harrison and bassist Kurt Blankenship , leaving vocalist and founding member Jared Gomes as the group 's only remaining original talent .",1,4,50,50,21,1.6405963897705078,30.476721948043643,21,21,84,29,84,84,0.34523809523809523,0.34523809523809523,2.380952380952381,50,1.8559913635253906,50,1.1312906544826744
16,"In 2015 , it was confirmed that 12 @-@ year guitarist Jaxon Benge and original bassist Mark Young had left the band . They were replaced by guitarist Greg "" Gregzilla "" Harrison and bassist Kurt Blankenship , leaving vocalist and founding member Jared Gomes as the group 's only remaining original talent .",1,6,50,37,11,1.080070972442627,34.25700805227911,11,11,66,26,66,66,0.3939393939393939,0.3939393939393939,3.3636363636363638,50,1.8559913635253906,50,1.718397596898643
16,"In 2015 , it was confirmed that 12 @-@ year guitarist Jaxon Benge and original bassist Mark Young had left the band . They were replaced by guitarist Greg "" Gregzilla "" Harrison and bassist Kurt Blankenship , leaving vocalist and founding member Jared Gomes as the group 's only remaining original talent .",1,8,50,50,14,1.660294771194458,30.11513429270679,14,14,112,36,112,112,0.32142857142857145,0.32142857142857145,3.5714285714285716,50,1.8559913635253906,50,1.1178685831734225
16,"In 2015 , it was confirmed that 12 @-@ year guitarist Jaxon Benge and original bassist Mark Young had left the band . They were replaced by guitarist Greg "" Gregzilla "" Harrison and bassist Kurt Blankenship , leaving vocalist and founding member Jared Gomes as the group 's only remaining original talent .",1,10,50,52,22,3.0504612922668457,17.046602142378926,22,22,220,30,220,220,0.13636363636363635,0.13636363636363635,2.3636363636363638,50,1.8559913635253906,50,0.6084297375713213
16,"In 2015 , it was confirmed that 12 @-@ year guitarist Jaxon Benge and original bassist Mark Young had left the band . They were replaced by guitarist Greg "" Gregzilla "" Harrison and bassist Kurt Blankenship , leaving vocalist and founding member Jared Gomes as the group 's only remaining original talent .",2,2,50,50,21,1.5797088146209717,31.651402801089503,21,42,42,29,42,84,0.6904761904761905,0.34523809523809523,2.380952380952381,50,1.8559913635253906,50,1.1748946048457094
16,"In 2015 , it was confirmed that 12 @-@ year guitarist Jaxon Benge and original bassist Mark Young had left the band . They were replaced by guitarist Greg "" Gregzilla "" Harrison and bassist Kurt Blankenship , leaving vocalist and founding member Jared Gomes as the group 's only remaining original talent .",2,4,50,51,17,1.6458861827850342,30.98634676773455,17,34,68,34,68,136,0.5,0.25,3.0,50,1.8559913635253906,50,1.1276547448650633
16,"In 2015 , it was confirmed that 12 @-@ year guitarist Jaxon Benge and original bassist Mark Young had left the band . They were replaced by guitarist Greg "" Gregzilla "" Harrison and bassist Kurt Blankenship , leaving vocalist and founding member Jared Gomes as the group 's only remaining original talent .",2,6,50,52,14,1.6683123111724854,31.169223922740546,14,28,84,38,84,168,0.4523809523809524,0.2261904761904762,3.7142857142857144,50,1.8559913635253906,50,1.1124963540076047
16,"In 2015 , it was confirmed that 12 @-@ year guitarist Jaxon Benge and original bassist Mark Young had left the band . They were replaced by guitarist Greg "" Gregzilla "" Harrison and bassist Kurt Blankenship , leaving vocalist and founding member Jared Gomes as the group 's only remaining original talent .",2,8,50,24,7,0.9219021797180176,26.033130768104794,7,14,56,17,56,112,0.30357142857142855,0.15178571428571427,3.4285714285714284,50,1.8559913635253906,50,2.0132194112970674
16,"In 2015 , it was confirmed that 12 @-@ year guitarist Jaxon Benge and original bassist Mark Young had left the band . They were replaced by guitarist Greg "" Gregzilla "" Harrison and bassist Kurt Blankenship , leaving vocalist and founding member Jared Gomes as the group 's only remaining original talent .",2,10,50,4,1,0.1489558219909668,26.85359958768563,1,2,10,3,10,20,0.3,0.15,4.0,50,1.8559913635253906,50,12.46001222857838
16,"In 2015 , it was confirmed that 12 @-@ year guitarist Jaxon Benge and original bassist Mark Young had left the band . They were replaced by guitarist Greg "" Gregzilla "" Harrison and bassist Kurt Blankenship , leaving vocalist and founding member Jared Gomes as the group 's only remaining original talent .",4,2,50,51,19,2.117586851119995,24.084018076059557,19,76,38,32,38,152,0.8421052631578947,0.21052631578947367,2.6842105263157894,50,1.8559913635253906,50,0.8764652852579594
16,"In 2015 , it was confirmed that 12 @-@ year guitarist Jaxon Benge and original bassist Mark Young had left the band . They were replaced by guitarist Greg "" Gregzilla "" Harrison and bassist Kurt Blankenship , leaving vocalist and founding member Jared Gomes as the group 's only remaining original talent .",4,4,50,50,12,1.6119484901428223,31.01836088792756,12,48,48,38,48,192,0.7916666666666666,0.19791666666666666,4.166666666666667,50,1.8559913635253906,50,1.1513961983741463
16,"In 2015 , it was confirmed that 12 @-@ year guitarist Jaxon Benge and original bassist Mark Young had left the band . They were replaced by guitarist Greg "" Gregzilla "" Harrison and bassist Kurt Blankenship , leaving vocalist and founding member Jared Gomes as the group 's only remaining original talent .",4,6,50,51,14,2.248117446899414,22.685647527151573,14,56,84,37,84,336,0.44047619047619047,0.11011904761904762,3.642857142857143,50,1.8559913635253906,50,0.8255758016936168
16,"In 2015 , it was confirmed that 12 @-@ year guitarist Jaxon Benge and original bassist Mark Young had left the band . They were replaced by guitarist Greg "" Gregzilla "" Harrison and bassist Kurt Blankenship , leaving vocalist and founding member Jared Gomes as the group 's only remaining original talent .",4,8,50,4,2,0.33306217193603516,12.009769757846302,2,8,16,2,16,64,0.125,0.03125,2.0,50,1.8559913635253906,50,5.572507237122789
16,"In 2015 , it was confirmed that 12 @-@ year guitarist Jaxon Benge and original bassist Mark Young had left the band . They were replaced by guitarist Greg "" Gregzilla "" Harrison and bassist Kurt Blankenship , leaving vocalist and founding member Jared Gomes as the group 's only remaining original talent .",4,10,50,9,1,0.18837881088256836,47.77607395351074,1,4,10,8,10,40,0.8,0.2,9.0,50,1.8559913635253906,50,9.85244229342959
16,"In 2015 , it was confirmed that 12 @-@ year guitarist Jaxon Benge and original bassist Mark Young had left the band . They were replaced by guitarist Greg "" Gregzilla "" Harrison and bassist Kurt Blankenship , leaving vocalist and founding member Jared Gomes as the group 's only remaining original talent .",6,2,50,50,18,2.6551525592803955,18.831309645556146,18,108,36,32,36,216,0.8888888888888888,0.14814814814814814,2.7777777777777777,50,1.8559913635253906,50,0.6990149613204919
16,"In 2015 , it was confirmed that 12 @-@ year guitarist Jaxon Benge and original bassist Mark Young had left the band . They were replaced by guitarist Greg "" Gregzilla "" Harrison and bassist Kurt Blankenship , leaving vocalist and founding member Jared Gomes as the group 's only remaining original talent .",6,4,50,52,11,1.946803331375122,26.710453573792616,11,66,44,41,44,264,0.9318181818181818,0.1553030303030303,4.7272727272727275,50,1.8559913635253906,50,0.953353291323173
16,"In 2015 , it was confirmed that 12 @-@ year guitarist Jaxon Benge and original bassist Mark Young had left the band . They were replaced by guitarist Greg "" Gregzilla "" Harrison and bassist Kurt Blankenship , leaving vocalist and founding member Jared Gomes as the group 's only remaining original talent .",6,6,50,51,10,2.0163333415985107,25.293436828043607,10,60,60,41,60,360,0.6833333333333333,0.11388888888888889,5.1,50,1.8559913635253906,50,0.9204784373867447
16,"In 2015 , it was confirmed that 12 @-@ year guitarist Jaxon Benge and original bassist Mark Young had left the band . They were replaced by guitarist Greg "" Gregzilla "" Harrison and bassist Kurt Blankenship , leaving vocalist and founding member Jared Gomes as the group 's only remaining original talent .",6,8,50,52,9,2.080552339553833,24.99336306586318,9,54,72,43,72,432,0.5972222222222222,0.09953703703703703,5.777777777777778,50,1.8559913635253906,50,0.892066653763395
16,"In 2015 , it was confirmed that 12 @-@ year guitarist Jaxon Benge and original bassist Mark Young had left the band . They were replaced by guitarist Greg "" Gregzilla "" Harrison and bassist Kurt Blankenship , leaving vocalist and founding member Jared Gomes as the group 's only remaining original talent .",6,10,50,50,8,2.021559000015259,24.733386460460764,8,48,80,42,80,480,0.525,0.0875,6.25,50,1.8559913635253906,50,0.9180990332270201
16,"In 2015 , it was confirmed that 12 @-@ year guitarist Jaxon Benge and original bassist Mark Young had left the band . They were replaced by guitarist Greg "" Gregzilla "" Harrison and bassist Kurt Blankenship , leaving vocalist and founding member Jared Gomes as the group 's only remaining original talent .",8,2,50,39,13,2.318544387817383,16.820898579696195,13,104,26,26,26,208,1.0,0.125,3.0,50,1.8559913635253906,50,0.8004985254013499
16,"In 2015 , it was confirmed that 12 @-@ year guitarist Jaxon Benge and original bassist Mark Young had left the band . They were replaced by guitarist Greg "" Gregzilla "" Harrison and bassist Kurt Blankenship , leaving vocalist and founding member Jared Gomes as the group 's only remaining original talent .",8,4,50,50,12,2.650771141052246,18.862435623224748,12,96,48,38,48,384,0.7916666666666666,0.09895833333333333,4.166666666666667,50,1.8559913635253906,50,0.700170352235176
16,"In 2015 , it was confirmed that 12 @-@ year guitarist Jaxon Benge and original bassist Mark Young had left the band . They were replaced by guitarist Greg "" Gregzilla "" Harrison and bassist Kurt Blankenship , leaving vocalist and founding member Jared Gomes as the group 's only remaining original talent .",8,6,50,51,10,2.413123369216919,21.134435417013087,10,80,60,41,60,480,0.6833333333333333,0.08541666666666667,5.1,50,1.8559913635253906,50,0.7691241099404201
16,"In 2015 , it was confirmed that 12 @-@ year guitarist Jaxon Benge and original bassist Mark Young had left the band . They were replaced by guitarist Greg "" Gregzilla "" Harrison and bassist Kurt Blankenship , leaving vocalist and founding member Jared Gomes as the group 's only remaining original talent .",8,8,50,57,12,3.413496732711792,16.698419381440967,12,96,96,45,96,768,0.46875,0.05859375,4.75,50,1.8559913635253906,50,0.5437214413417444
16,"In 2015 , it was confirmed that 12 @-@ year guitarist Jaxon Benge and original bassist Mark Young had left the band . They were replaced by guitarist Greg "" Gregzilla "" Harrison and bassist Kurt Blankenship , leaving vocalist and founding member Jared Gomes as the group 's only remaining original talent .",8,10,50,51,7,2.1252925395965576,23.996696478161677,7,56,70,44,70,560,0.6285714285714286,0.07857142857142857,7.285714285714286,50,1.8559913635253906,50,0.8732874787570241
17,"Gomes , in addition to the 9 / 11 Truth movement , has expressed support for social liberal politicians such as Nancy Pelosi and president Barack Obama . Previously however , Gomes ' 2004 lyrics for Only in Amerika expressed support for nationalism , and called for retaliation against Al Qaeda for the 9 / 11 terrorist attacks .",1,2,50,12,4,0.23847365379333496,50.320024074438805,4,4,8,8,8,8,1.0,1.0,3.0,50,1.8827061653137207,50,7.8948182969733995
17,"Gomes , in addition to the 9 / 11 Truth movement , has expressed support for social liberal politicians such as Nancy Pelosi and president Barack Obama . Previously however , Gomes ' 2004 lyrics for Only in Amerika expressed support for nationalism , and called for retaliation against Al Qaeda for the 9 / 11 terrorist attacks .",1,4,50,16,7,0.5620722770690918,28.466089954536624,7,7,28,9,28,28,0.32142857142857145,0.32142857142857145,2.2857142857142856,50,1.8827061653137207,50,3.349580191236317
17,"Gomes , in addition to the 9 / 11 Truth movement , has expressed support for social liberal politicians such as Nancy Pelosi and president Barack Obama . Previously however , Gomes ' 2004 lyrics for Only in Amerika expressed support for nationalism , and called for retaliation against Al Qaeda for the 9 / 11 terrorist attacks .",1,6,50,50,16,1.6479172706604004,30.341328955162037,16,16,96,34,96,96,0.3541666666666667,0.3541666666666667,3.125,50,1.8827061653137207,50,1.1424761417539055
17,"Gomes , in addition to the 9 / 11 Truth movement , has expressed support for social liberal politicians such as Nancy Pelosi and president Barack Obama . Previously however , Gomes ' 2004 lyrics for Only in Amerika expressed support for nationalism , and called for retaliation against Al Qaeda for the 9 / 11 terrorist attacks .",1,8,50,52,20,2.412644863128662,21.553109947797125,20,20,160,32,160,160,0.2,0.2,2.6,50,1.8827061653137207,50,0.7803494803923486
17,"Gomes , in addition to the 9 / 11 Truth movement , has expressed support for social liberal politicians such as Nancy Pelosi and president Barack Obama . Previously however , Gomes ' 2004 lyrics for Only in Amerika expressed support for nationalism , and called for retaliation against Al Qaeda for the 9 / 11 terrorist attacks .",1,10,50,50,15,2.110822916030884,23.687444181257145,15,15,150,35,150,150,0.23333333333333334,0.23333333333333334,3.3333333333333335,50,1.8827061653137207,50,0.891929944011549
17,"Gomes , in addition to the 9 / 11 Truth movement , has expressed support for social liberal politicians such as Nancy Pelosi and president Barack Obama . Previously however , Gomes ' 2004 lyrics for Only in Amerika expressed support for nationalism , and called for retaliation against Al Qaeda for the 9 / 11 terrorist attacks .",2,2,50,52,19,1.3955998420715332,37.2599640902902,19,38,38,33,38,76,0.868421052631579,0.4342105263157895,2.736842105263158,50,1.8827061653137207,50,1.349030079079946
17,"Gomes , in addition to the 9 / 11 Truth movement , has expressed support for social liberal politicians such as Nancy Pelosi and president Barack Obama . Previously however , Gomes ' 2004 lyrics for Only in Amerika expressed support for nationalism , and called for retaliation against Al Qaeda for the 9 / 11 terrorist attacks .",2,4,50,52,14,1.3559699058532715,38.34893368616315,14,28,56,38,56,112,0.6785714285714286,0.3392857142857143,3.7142857142857144,50,1.8827061653137207,50,1.3884571900797384
17,"Gomes , in addition to the 9 / 11 Truth movement , has expressed support for social liberal politicians such as Nancy Pelosi and president Barack Obama . Previously however , Gomes ' 2004 lyrics for Only in Amerika expressed support for nationalism , and called for retaliation against Al Qaeda for the 9 / 11 terrorist attacks .",2,6,50,44,9,1.0453758239746094,42.090125857998316,9,18,54,35,54,108,0.6481481481481481,0.32407407407407407,4.888888888888889,50,1.8827061653137207,50,1.8009849875382702
17,"Gomes , in addition to the 9 / 11 Truth movement , has expressed support for social liberal politicians such as Nancy Pelosi and president Barack Obama . Previously however , Gomes ' 2004 lyrics for Only in Amerika expressed support for nationalism , and called for retaliation against Al Qaeda for the 9 / 11 terrorist attacks .",2,8,50,5,1,0.12953972816467285,38.59819740893639,1,2,8,4,8,16,0.5,0.25,5.0,50,1.8827061653137207,50,14.533812846360124
17,"Gomes , in addition to the 9 / 11 Truth movement , has expressed support for social liberal politicians such as Nancy Pelosi and president Barack Obama . Previously however , Gomes ' 2004 lyrics for Only in Amerika expressed support for nationalism , and called for retaliation against Al Qaeda for the 9 / 11 terrorist attacks .",2,10,50,53,18,2.889914035797119,18.339645866103112,18,36,180,35,180,360,0.19444444444444445,0.09722222222222222,2.9444444444444446,50,1.8827061653137207,50,0.6514747989015589
17,"Gomes , in addition to the 9 / 11 Truth movement , has expressed support for social liberal politicians such as Nancy Pelosi and president Barack Obama . Previously however , Gomes ' 2004 lyrics for Only in Amerika expressed support for nationalism , and called for retaliation against Al Qaeda for the 9 / 11 terrorist attacks .",4,2,50,52,18,1.9553906917572021,26.59315103585282,18,72,36,34,36,144,0.9444444444444444,0.2361111111111111,2.888888888888889,50,1.8827061653137207,50,0.9628286425061358
17,"Gomes , in addition to the 9 / 11 Truth movement , has expressed support for social liberal politicians such as Nancy Pelosi and president Barack Obama . Previously however , Gomes ' 2004 lyrics for Only in Amerika expressed support for nationalism , and called for retaliation against Al Qaeda for the 9 / 11 terrorist attacks .",4,4,50,54,13,1.7287421226501465,31.23658485119717,13,52,52,41,52,208,0.7884615384615384,0.1971153846153846,4.153846153846154,50,1.8827061653137207,50,1.0890613126424828
17,"Gomes , in addition to the 9 / 11 Truth movement , has expressed support for social liberal politicians such as Nancy Pelosi and president Barack Obama . Previously however , Gomes ' 2004 lyrics for Only in Amerika expressed support for nationalism , and called for retaliation against Al Qaeda for the 9 / 11 terrorist attacks .",4,6,50,51,12,1.8657495975494385,27.334857832468916,12,48,72,39,72,288,0.5416666666666666,0.13541666666666666,4.25,50,1.8827061653137207,50,1.009088340571829
17,"Gomes , in addition to the 9 / 11 Truth movement , has expressed support for social liberal politicians such as Nancy Pelosi and president Barack Obama . Previously however , Gomes ' 2004 lyrics for Only in Amerika expressed support for nationalism , and called for retaliation against Al Qaeda for the 9 / 11 terrorist attacks .",4,8,50,54,9,1.6303997039794922,33.120712588573454,9,36,72,45,72,288,0.625,0.15625,6.0,50,1.8827061653137207,50,1.1547512924090926
17,"Gomes , in addition to the 9 / 11 Truth movement , has expressed support for social liberal politicians such as Nancy Pelosi and president Barack Obama . Previously however , Gomes ' 2004 lyrics for Only in Amerika expressed support for nationalism , and called for retaliation against Al Qaeda for the 9 / 11 terrorist attacks .",4,10,50,52,12,2.475863456726074,21.002773742927456,12,48,120,40,120,480,0.3333333333333333,0.08333333333333333,4.333333333333333,50,1.8827061653137207,50,0.7604240695095895
17,"Gomes , in addition to the 9 / 11 Truth movement , has expressed support for social liberal politicians such as Nancy Pelosi and president Barack Obama . Previously however , Gomes ' 2004 lyrics for Only in Amerika expressed support for nationalism , and called for retaliation against Al Qaeda for the 9 / 11 terrorist attacks .",6,2,50,50,18,2.553239583969116,19.582964447963374,18,108,36,32,36,216,0.8888888888888888,0.14814814814814814,2.7777777777777777,50,1.8827061653137207,50,0.737379358026001
17,"Gomes , in addition to the 9 / 11 Truth movement , has expressed support for social liberal politicians such as Nancy Pelosi and president Barack Obama . Previously however , Gomes ' 2004 lyrics for Only in Amerika expressed support for nationalism , and called for retaliation against Al Qaeda for the 9 / 11 terrorist attacks .",6,4,50,51,12,2.040156841278076,24.998078073277224,12,72,48,39,48,288,0.8125,0.13541666666666666,4.25,50,1.8827061653137207,50,0.9228242295990738
17,"Gomes , in addition to the 9 / 11 Truth movement , has expressed support for social liberal politicians such as Nancy Pelosi and president Barack Obama . Previously however , Gomes ' 2004 lyrics for Only in Amerika expressed support for nationalism , and called for retaliation against Al Qaeda for the 9 / 11 terrorist attacks .",6,6,50,52,9,1.7719557285308838,29.346105640637443,9,54,54,43,54,324,0.7962962962962963,0.13271604938271606,5.777777777777778,50,1.8827061653137207,50,1.0625018080303053
17,"Gomes , in addition to the 9 / 11 Truth movement , has expressed support for social liberal politicians such as Nancy Pelosi and president Barack Obama . Previously however , Gomes ' 2004 lyrics for Only in Amerika expressed support for nationalism , and called for retaliation against Al Qaeda for the 9 / 11 terrorist attacks .",6,8,50,51,9,2.015404462814331,25.30509430786071,9,54,72,42,72,432,0.5833333333333334,0.09722222222222222,5.666666666666667,50,1.8827061653137207,50,0.9341579817108725
17,"Gomes , in addition to the 9 / 11 Truth movement , has expressed support for social liberal politicians such as Nancy Pelosi and president Barack Obama . Previously however , Gomes ' 2004 lyrics for Only in Amerika expressed support for nationalism , and called for retaliation against Al Qaeda for the 9 / 11 terrorist attacks .",6,10,50,50,8,1.9797735214233398,25.25541404556869,8,48,80,42,80,480,0.525,0.0875,6.25,50,1.8827061653137207,50,0.9509704746228581
17,"Gomes , in addition to the 9 / 11 Truth movement , has expressed support for social liberal politicians such as Nancy Pelosi and president Barack Obama . Previously however , Gomes ' 2004 lyrics for Only in Amerika expressed support for nationalism , and called for retaliation against Al Qaeda for the 9 / 11 terrorist attacks .",8,2,50,51,18,3.2143356800079346,15.866420024891148,18,144,36,33,36,288,0.9166666666666666,0.11458333333333333,2.8333333333333335,50,1.8827061653137207,50,0.5857217020062675
17,"Gomes , in addition to the 9 / 11 Truth movement , has expressed support for social liberal politicians such as Nancy Pelosi and president Barack Obama . Previously however , Gomes ' 2004 lyrics for Only in Amerika expressed support for nationalism , and called for retaliation against Al Qaeda for the 9 / 11 terrorist attacks .",8,4,50,53,11,2.3366661071777344,22.68188845517784,11,88,44,42,44,352,0.9545454545454546,0.11931818181818182,4.818181818181818,50,1.8827061653137207,50,0.8057232308588949
17,"Gomes , in addition to the 9 / 11 Truth movement , has expressed support for social liberal politicians such as Nancy Pelosi and president Barack Obama . Previously however , Gomes ' 2004 lyrics for Only in Amerika expressed support for nationalism , and called for retaliation against Al Qaeda for the 9 / 11 terrorist attacks .",8,6,50,55,10,2.45622181892395,22.39211441582871,10,80,60,45,60,480,0.75,0.09375,5.5,50,1.8827061653137207,50,0.7665049430016537
17,"Gomes , in addition to the 9 / 11 Truth movement , has expressed support for social liberal politicians such as Nancy Pelosi and president Barack Obama . Previously however , Gomes ' 2004 lyrics for Only in Amerika expressed support for nationalism , and called for retaliation against Al Qaeda for the 9 / 11 terrorist attacks .",8,8,50,7,1,0.22977375984191895,30.464749346556804,1,8,8,6,8,64,0.75,0.09375,7.0,50,1.8827061653137207,50,8.193738774214234
17,"Gomes , in addition to the 9 / 11 Truth movement , has expressed support for social liberal politicians such as Nancy Pelosi and president Barack Obama . Previously however , Gomes ' 2004 lyrics for Only in Amerika expressed support for nationalism , and called for retaliation against Al Qaeda for the 9 / 11 terrorist attacks .",8,10,50,56,8,2.433008909225464,23.016767340086442,8,64,80,48,80,640,0.6,0.075,7.0,50,1.8827061653137207,50,0.7738180317280756
18,Jared ( Paulo Sergio Gomes ) — lead vocals ( 1994 – current ),1,2,50,50,22,1.2961575984954834,38.57555598025855,22,22,44,28,44,44,0.6363636363636364,0.6363636363636364,2.272727272727273,50,1.8744988441467285,50,1.4461967019462414
18,Jared ( Paulo Sergio Gomes ) — lead vocals ( 1994 – current ),1,4,50,51,21,1.7059452533721924,29.895449399203635,21,21,84,30,84,84,0.35714285714285715,0.35714285714285715,2.4285714285714284,50,1.8744988441467285,50,1.0988036341971417
18,Jared ( Paulo Sergio Gomes ) — lead vocals ( 1994 – current ),1,6,50,50,17,1.6591594219207764,30.13574183372685,17,17,102,33,102,102,0.3235294117647059,0.3235294117647059,2.9411764705882355,50,1.8744988441467285,50,1.1297882646965038
18,Jared ( Paulo Sergio Gomes ) — lead vocals ( 1994 – current ),1,8,50,52,14,1.6494522094726562,31.525617839285466,14,14,112,38,112,112,0.3392857142857143,0.3392857142857143,3.7142857142857144,50,1.8744988441467285,50,1.1364371961683095
18,Jared ( Paulo Sergio Gomes ) — lead vocals ( 1994 – current ),1,10,50,55,21,2.8870606422424316,19.05051774640955,21,21,210,34,210,210,0.1619047619047619,0.1619047619047619,2.619047619047619,50,1.8744988441467285,50,0.6492758817462081
18,Jared ( Paulo Sergio Gomes ) — lead vocals ( 1994 – current ),2,2,50,50,21,1.2515068054199219,39.95184028042368,21,42,42,29,42,84,0.6904761904761905,0.34523809523809523,2.380952380952381,50,1.8744988441467285,50,1.4977935685437782
18,Jared ( Paulo Sergio Gomes ) — lead vocals ( 1994 – current ),2,4,50,52,15,1.203437089920044,43.20957068346204,15,30,60,37,60,120,0.6166666666666667,0.30833333333333335,3.466666666666667,50,1.8744988441467285,50,1.5576209673504993
18,Jared ( Paulo Sergio Gomes ) — lead vocals ( 1994 – current ),2,6,50,53,11,1.1389620304107666,46.5335968933798,11,22,66,42,66,132,0.6363636363636364,0.3181818181818182,4.818181818181818,50,1.8744988441467285,50,1.6457957281250988
18,Jared ( Paulo Sergio Gomes ) — lead vocals ( 1994 – current ),2,8,50,56,8,1.0173540115356445,55.04475272621261,8,16,64,48,64,128,0.75,0.375,7.0,50,1.8744988441467285,50,1.8425236671719287
18,Jared ( Paulo Sergio Gomes ) — lead vocals ( 1994 – current ),2,10,50,55,10,1.4184107780456543,38.7757910834415,10,20,100,45,100,200,0.45,0.225,5.5,50,1.8744988441467285,50,1.3215486466688384
18,Jared ( Paulo Sergio Gomes ) — lead vocals ( 1994 – current ),4,2,50,51,18,1.2915880680084229,39.48627373016844,18,72,36,33,36,144,0.9166666666666666,0.22916666666666666,2.8333333333333335,50,1.8744988441467285,50,1.4513132248404328
18,Jared ( Paulo Sergio Gomes ) — lead vocals ( 1994 – current ),4,4,50,51,14,1.348513126373291,37.81943164109946,14,56,56,37,56,224,0.6607142857142857,0.16517857142857142,3.642857142857143,50,1.8744988441467285,50,1.390048645049552
18,Jared ( Paulo Sergio Gomes ) — lead vocals ( 1994 – current ),4,6,50,54,10,1.1699113845825195,46.15734209584582,10,40,60,44,60,240,0.7333333333333333,0.18333333333333332,5.4,50,1.8744988441467285,50,1.6022571186582988
18,Jared ( Paulo Sergio Gomes ) — lead vocals ( 1994 – current ),4,8,50,54,10,1.4007258415222168,38.55144125942329,10,40,80,44,80,320,0.55,0.1375,5.4,50,1.8744988441467285,50,1.3382339274255455
18,Jared ( Paulo Sergio Gomes ) — lead vocals ( 1994 – current ),4,10,50,53,8,1.2577767372131348,42.13784404808797,8,32,80,45,80,320,0.5625,0.140625,6.625,50,1.8744988441467285,50,1.4903271691127549
18,Jared ( Paulo Sergio Gomes ) — lead vocals ( 1994 – current ),6,2,50,50,17,1.4936134815216064,33.47586281094819,17,102,34,33,34,204,0.9705882352941176,0.16176470588235295,2.9411764705882355,50,1.8744988441467285,50,1.255009322918737
18,Jared ( Paulo Sergio Gomes ) — lead vocals ( 1994 – current ),6,4,50,54,11,1.245558738708496,43.35403728610335,11,66,44,43,44,264,0.9772727272727273,0.16287878787878787,4.909090909090909,50,1.8744988441467285,50,1.5049461626276834
18,Jared ( Paulo Sergio Gomes ) — lead vocals ( 1994 – current ),6,6,50,53,8,1.0907773971557617,48.5891989861536,8,48,48,45,48,288,0.9375,0.15625,6.625,50,1.8744988441467285,50,1.7184980629728361
18,Jared ( Paulo Sergio Gomes ) — lead vocals ( 1994 – current ),6,8,50,52,12,1.9381577968597412,26.8296008117873,12,72,96,40,96,576,0.4166666666666667,0.06944444444444445,4.333333333333333,50,1.8744988441467285,50,0.9671549175117966
18,Jared ( Paulo Sergio Gomes ) — lead vocals ( 1994 – current ),6,10,50,59,10,1.872971773147583,31.50074168007818,10,60,100,49,100,600,0.49,0.08166666666666667,5.9,50,1.8744988441467285,50,1.0008153198147665
18,Jared ( Paulo Sergio Gomes ) — lead vocals ( 1994 – current ),8,2,50,51,17,1.7533485889434814,29.087199386136426,17,136,34,34,34,272,1.0,0.125,3.0,50,1.8744988441467285,50,1.069096502525062
18,Jared ( Paulo Sergio Gomes ) — lead vocals ( 1994 – current ),8,4,50,54,11,1.4425313472747803,37.434195175041715,11,88,44,43,44,352,0.9772727272727273,0.12215909090909091,4.909090909090909,50,1.8744988441467285,50,1.2994510293921988
18,Jared ( Paulo Sergio Gomes ) — lead vocals ( 1994 – current ),8,6,50,55,8,1.2480287551879883,44.069497414517066,8,64,48,47,48,384,0.9791666666666666,0.12239583333333333,6.875,50,1.8744988441467285,50,1.501967672102536
18,Jared ( Paulo Sergio Gomes ) — lead vocals ( 1994 – current ),8,8,50,56,8,1.4507734775543213,38.60009909638232,8,64,64,48,64,512,0.75,0.09375,7.0,50,1.8744988441467285,50,1.2920685917878187
18,Jared ( Paulo Sergio Gomes ) — lead vocals ( 1994 – current ),8,10,50,53,8,1.7210917472839355,30.79440714513889,8,64,80,45,80,640,0.5625,0.0703125,6.625,50,1.8744988441467285,50,1.089133596221634
19,Major Trauma ( Jeremiah Stratton ) — drums ( 2008 – current ),1,2,50,50,24,1.401029109954834,35.68805219301395,24,24,48,26,48,48,0.5416666666666666,0.5416666666666666,2.0833333333333335,50,1.8699536323547363,50,1.334700056599837
19,Major Trauma ( Jeremiah Stratton ) — drums ( 2008 – current ),1,4,50,51,20,1.5664589405059814,32.55750832736574,20,20,80,31,80,80,0.3875,0.3875,2.55,50,1.8699536323547363,50,1.193745705042689
19,Major Trauma ( Jeremiah Stratton ) — drums ( 2008 – current ),1,6,50,55,17,1.6802990436553955,32.73226882302487,17,17,102,38,102,102,0.37254901960784315,0.37254901960784315,3.235294117647059,50,1.8699536323547363,50,1.112869545105946
19,Major Trauma ( Jeremiah Stratton ) — drums ( 2008 – current ),1,8,50,50,17,2.011441707611084,24.857792204867412,17,17,136,33,136,136,0.2426470588235294,0.2426470588235294,2.9411764705882355,50,1.8699536323547363,50,0.9296583765162213
19,Major Trauma ( Jeremiah Stratton ) — drums ( 2008 – current ),1,10,50,50,18,2.496044635772705,20.03169305685169,18,18,180,32,180,180,0.17777777777777778,0.17777777777777778,2.7777777777777777,50,1.8699536323547363,50,0.7491667438774994
19,Major Trauma ( Jeremiah Stratton ) — drums ( 2008 – current ),2,2,50,52,20,1.1880669593811035,43.768576837696266,20,40,40,32,40,80,0.8,0.4,2.6,50,1.8699536323547363,50,1.5739463315509137
19,Major Trauma ( Jeremiah Stratton ) — drums ( 2008 – current ),2,4,50,51,13,1.0398204326629639,49.04693002559086,13,26,52,38,52,104,0.7307692307692307,0.36538461538461536,3.923076923076923,50,1.8699536323547363,50,1.7983428422980825
19,Major Trauma ( Jeremiah Stratton ) — drums ( 2008 – current ),2,6,50,52,10,1.004394769668579,51.772471910779146,10,20,60,42,60,120,0.7,0.35,5.2,50,1.8699536323547363,50,1.861771575106635
19,Major Trauma ( Jeremiah Stratton ) — drums ( 2008 – current ),2,8,50,57,12,1.4660828113555908,38.87911348424843,12,24,96,45,96,192,0.46875,0.234375,4.75,50,1.8699536323547363,50,1.2754761312737257
19,Major Trauma ( Jeremiah Stratton ) — drums ( 2008 – current ),2,10,50,52,8,1.1307377815246582,45.987673578824364,8,16,80,44,80,160,0.55,0.275,6.5,50,1.8699536323547363,50,1.6537464856205106
19,Major Trauma ( Jeremiah Stratton ) — drums ( 2008 – current ),4,2,50,52,18,1.282839059829712,40.53509253678528,18,72,36,34,36,144,0.9444444444444444,0.2361111111111111,2.888888888888889,50,1.8699536323547363,50,1.4576681447499422
19,Major Trauma ( Jeremiah Stratton ) — drums ( 2008 – current ),4,4,50,53,15,1.4090850353240967,37.613060015082574,15,60,60,38,60,240,0.6333333333333333,0.15833333333333333,3.533333333333333,50,1.8699536323547363,50,1.327069399984535
19,Major Trauma ( Jeremiah Stratton ) — drums ( 2008 – current ),4,6,50,54,11,1.2730109691619873,42.4191160234446,11,44,66,43,66,264,0.6515151515151515,0.16287878787878787,4.909090909090909,50,1.8699536323547363,50,1.4689218535058748
19,Major Trauma ( Jeremiah Stratton ) — drums ( 2008 – current ),4,8,50,54,9,1.258859395980835,42.895974063827936,9,36,72,45,72,288,0.625,0.15625,6.0,50,1.8699536323547363,50,1.485434861371289
19,Major Trauma ( Jeremiah Stratton ) — drums ( 2008 – current ),4,10,50,53,11,1.772101640701294,29.907991044478525,11,44,110,42,110,440,0.38181818181818183,0.09545454545454546,4.818181818181818,50,1.8699536323547363,50,1.0552180469821801
19,Major Trauma ( Jeremiah Stratton ) — drums ( 2008 – current ),6,2,50,50,17,1.4575049877166748,34.30519992822112,17,102,34,33,34,204,0.9705882352941176,0.16176470588235295,2.9411764705882355,50,1.8699536323547363,50,1.2829826642886506
19,Major Trauma ( Jeremiah Stratton ) — drums ( 2008 – current ),6,4,50,54,12,1.3707118034362793,39.39558984217233,12,72,48,42,48,288,0.875,0.14583333333333334,4.5,50,1.8699536323547363,50,1.364220857854213
19,Major Trauma ( Jeremiah Stratton ) — drums ( 2008 – current ),6,6,50,53,11,1.4516584873199463,36.509964611475986,11,66,66,42,66,396,0.6363636363636364,0.10606060606060606,4.818181818181818,50,1.8699536323547363,50,1.288149829101366
19,Major Trauma ( Jeremiah Stratton ) — drums ( 2008 – current ),6,8,50,54,8,1.265061616897583,42.68566785895278,8,48,64,46,64,384,0.71875,0.11979166666666667,6.75,50,1.8699536323547363,50,1.478152215969196
19,Major Trauma ( Jeremiah Stratton ) — drums ( 2008 – current ),6,10,50,51,7,1.270348072052002,40.14647727029597,7,42,70,44,70,420,0.6285714285714286,0.10476190476190476,7.285714285714286,50,1.8699536323547363,50,1.4720009999575845
19,Major Trauma ( Jeremiah Stratton ) — drums ( 2008 – current ),8,2,50,50,17,1.713533639907837,29.179467992638457,17,136,34,33,34,272,0.9705882352941176,0.1213235294117647,2.9411764705882355,50,1.8699536323547363,50,1.091285043260261
19,Major Trauma ( Jeremiah Stratton ) — drums ( 2008 – current ),8,4,50,52,12,1.5372459888458252,33.826726742049885,12,96,48,40,48,384,0.8333333333333334,0.10416666666666667,4.333333333333333,50,1.8699536323547363,50,1.2164309719609094
19,Major Trauma ( Jeremiah Stratton ) — drums ( 2008 – current ),8,6,50,52,9,1.4116041660308838,36.837522339008395,9,72,54,43,54,432,0.7962962962962963,0.09953703703703703,5.777777777777778,50,1.8699536323547363,50,1.3247011289380288
19,Major Trauma ( Jeremiah Stratton ) — drums ( 2008 – current ),8,8,50,52,12,2.1359734535217285,24.344871849537256,12,96,96,40,96,768,0.4166666666666667,0.052083333333333336,4.333333333333333,50,1.8699536323547363,50,0.8754573373894761
19,Major Trauma ( Jeremiah Stratton ) — drums ( 2008 – current ),8,10,50,53,8,1.6270370483398438,32.57455019483351,8,64,80,45,80,640,0.5625,0.0703125,6.625,50,1.8699536323547363,50,1.14929997092737
20,Gregzilla ( Greg Harrison ) — guitar ( 2015 – current ),1,2,50,52,24,1.3995845317840576,37.15388304107315,24,24,48,28,48,48,0.5833333333333334,0.5833333333333334,2.1666666666666665,50,1.8473215103149414,50,1.319907064105768
20,Gregzilla ( Greg Harrison ) — guitar ( 2015 – current ),1,4,50,16,5,0.393235445022583,40.688092089666895,5,5,20,11,20,20,0.55,0.55,3.2,50,1.8473215103149414,50,4.697749233182304
20,Gregzilla ( Greg Harrison ) — guitar ( 2015 – current ),1,6,50,54,10,0.9764363765716553,55.30314242244665,10,10,60,44,60,60,0.7333333333333333,0.7333333333333333,5.4,50,1.8473215103149414,50,1.8919015663888232
20,Gregzilla ( Greg Harrison ) — guitar ( 2015 – current ),1,8,50,51,13,1.5512816905975342,32.87604070177315,13,13,104,38,104,104,0.36538461538461536,0.36538461538461536,3.923076923076923,50,1.8473215103149414,50,1.1908356306348051
20,Gregzilla ( Greg Harrison ) — guitar ( 2015 – current ),1,10,50,54,18,2.447375535964966,22.064451983952907,18,18,180,36,180,180,0.2,0.2,3.0,50,1.8473215103149414,50,0.7548173474679146
20,Gregzilla ( Greg Harrison ) — guitar ( 2015 – current ),2,2,50,50,18,1.0483918190002441,47.69209287390324,18,36,36,32,36,72,0.8888888888888888,0.4444444444444444,2.7777777777777777,50,1.8473215103149414,50,1.7620525807579879
20,Gregzilla ( Greg Harrison ) — guitar ( 2015 – current ),2,4,50,50,13,1.0172457695007324,49.15233024221882,13,26,52,37,52,104,0.7115384615384616,0.3557692307692308,3.8461538461538463,50,1.8473215103149414,50,1.8160031387710887
20,Gregzilla ( Greg Harrison ) — guitar ( 2015 – current ),2,6,50,54,17,1.6739919185638428,32.2582202465636,17,34,102,37,102,204,0.3627450980392157,0.18137254901960784,3.176470588235294,50,1.8473215103149414,50,1.1035426693695165
20,Gregzilla ( Greg Harrison ) — guitar ( 2015 – current ),2,8,50,51,12,1.450380563735962,35.16318494273784,12,24,96,39,96,192,0.40625,0.203125,4.25,50,1.8473215103149414,50,1.273680547370629
20,Gregzilla ( Greg Harrison ) — guitar ( 2015 – current ),2,10,50,51,10,1.4136536121368408,36.07673022736437,10,20,100,41,100,200,0.41,0.205,5.1,50,1.8473215103149414,50,1.3067709758988129
20,Gregzilla ( Greg Harrison ) — guitar ( 2015 – current ),4,2,50,51,18,1.2764103412628174,39.955802888233514,18,72,36,33,36,144,0.9166666666666666,0.22916666666666666,2.8333333333333335,50,1.8473215103149414,50,1.4472787085752477
20,Gregzilla ( Greg Harrison ) — guitar ( 2015 – current ),4,4,50,53,11,1.040118932723999,50.95571124851722,11,44,44,42,44,176,0.9545454545454546,0.23863636363636365,4.818181818181818,50,1.8473215103149414,50,1.7760675747694883
20,Gregzilla ( Greg Harrison ) — guitar ( 2015 – current ),4,6,50,51,10,1.1272053718566895,45.24463888598646,10,40,60,41,60,240,0.6833333333333333,0.17083333333333334,5.1,50,1.8473215103149414,50,1.6388508753042086
20,Gregzilla ( Greg Harrison ) — guitar ( 2015 – current ),4,8,50,51,8,1.0561668872833252,48.28782327306465,8,32,64,43,64,256,0.671875,0.16796875,6.375,50,1.8473215103149414,50,1.7490810709533091
20,Gregzilla ( Greg Harrison ) — guitar ( 2015 – current ),4,10,50,50,7,1.0983383655548096,45.5233119119382,7,28,70,43,70,280,0.6142857142857143,0.15357142857142858,7.142857142857143,50,1.8473215103149414,50,1.6819238663139968
20,Gregzilla ( Greg Harrison ) — guitar ( 2015 – current ),6,2,50,51,17,1.437770128250122,35.47159521395187,17,102,34,34,34,204,1.0,0.16666666666666666,3.0,50,1.8473215103149414,50,1.2848517812532907
20,Gregzilla ( Greg Harrison ) — guitar ( 2015 – current ),6,4,50,50,10,1.0569193363189697,47.307299887368515,10,60,40,40,40,240,1.0,0.16666666666666666,5.0,50,1.8473215103149414,50,1.7478358535371092
20,Gregzilla ( Greg Harrison ) — guitar ( 2015 – current ),6,6,50,50,8,1.046919822692871,47.759149188130536,8,48,48,42,48,288,0.875,0.14583333333333334,6.25,50,1.8473215103149414,50,1.7645300721914783
20,Gregzilla ( Greg Harrison ) — guitar ( 2015 – current ),6,8,50,56,9,1.3646235466003418,41.036958609948975,9,54,72,47,72,432,0.6527777777777778,0.1087962962962963,6.222222222222222,50,1.8473215103149414,50,1.353722434965405
20,Gregzilla ( Greg Harrison ) — guitar ( 2015 – current ),6,10,50,59,8,1.3784770965576172,42.800856211058516,8,48,80,51,80,480,0.6375,0.10625,7.375,50,1.8473215103149414,50,1.3401176667556824
20,Gregzilla ( Greg Harrison ) — guitar ( 2015 – current ),8,2,50,51,17,1.6772379875183105,30.40713385907808,17,136,34,34,34,272,1.0,0.125,3.0,50,1.8473215103149414,50,1.1014069106843276
20,Gregzilla ( Greg Harrison ) — guitar ( 2015 – current ),8,4,50,52,11,1.3619623184204102,38.18020461851622,11,88,44,41,44,352,0.9318181818181818,0.11647727272727272,4.7272727272727275,50,1.8473215103149414,50,1.356367562692517
20,Gregzilla ( Greg Harrison ) — guitar ( 2015 – current ),8,6,50,56,11,1.6769001483917236,33.394952021268715,11,88,66,45,66,528,0.6818181818181818,0.08522727272727272,5.090909090909091,50,1.8473215103149414,50,1.1016288072290201
20,Gregzilla ( Greg Harrison ) — guitar ( 2015 – current ),8,8,50,51,6,1.0083649158477783,50.57692825133843,6,48,48,45,48,384,0.9375,0.1171875,8.5,50,1.8473215103149414,50,1.8319970094971165
20,Gregzilla ( Greg Harrison ) — guitar ( 2015 – current ),8,10,50,54,6,1.1634907722473145,46.41205696517688,6,48,60,48,60,480,0.8,0.1,9.0,50,1.8473215103149414,50,1.58774057721729
21,Kid Bass ( Kurt Blankenship ) — bass ( 2015 – current ),1,2,50,50,25,1.4538602828979492,34.3912001642524,25,25,50,25,50,50,0.5,0.5,2.0,50,1.8342399597167969,50,1.2616342720778126
21,Kid Bass ( Kurt Blankenship ) — bass ( 2015 – current ),1,4,50,34,12,0.9443225860595703,36.00464555430552,12,12,48,22,48,48,0.4583333333333333,0.4583333333333333,2.8333333333333335,50,1.8342399597167969,50,1.9423870473866738
21,Kid Bass ( Kurt Blankenship ) — bass ( 2015 – current ),1,6,50,52,18,1.7727503776550293,29.332951020879154,18,18,108,34,108,108,0.3148148148148148,0.3148148148148148,2.888888888888889,50,1.8342399597167969,50,1.0346859788252338
21,Kid Bass ( Kurt Blankenship ) — bass ( 2015 – current ),1,8,50,50,16,1.9138033390045166,26.125986396286667,16,16,128,34,128,128,0.265625,0.265625,3.125,50,1.8342399597167969,50,0.9584265647017287
21,Kid Bass ( Kurt Blankenship ) — bass ( 2015 – current ),1,10,50,50,15,2.0519962310791016,24.366516489022036,15,15,150,35,150,150,0.23333333333333334,0.23333333333333334,3.3333333333333335,50,1.8342399597167969,50,0.8938807644652489
21,Kid Bass ( Kurt Blankenship ) — bass ( 2015 – current ),2,2,50,52,23,1.3530504703521729,38.43167800419552,23,46,46,29,46,92,0.6304347826086957,0.31521739130434784,2.260869565217391,50,1.8342399597167969,50,1.3556330675820094
21,Kid Bass ( Kurt Blankenship ) — bass ( 2015 – current ),2,4,50,50,12,0.9497354030609131,52.64624214160536,12,24,48,38,48,96,0.7916666666666666,0.3958333333333333,4.166666666666667,50,1.8342399597167969,50,1.931316821301179
21,Kid Bass ( Kurt Blankenship ) — bass ( 2015 – current ),2,6,50,51,15,1.518932580947876,33.57621045179893,15,30,90,36,90,180,0.4,0.2,3.4,50,1.8342399597167969,50,1.207584841304909
21,Kid Bass ( Kurt Blankenship ) — bass ( 2015 – current ),2,8,50,53,18,2.175898551940918,24.357753238414354,18,36,144,35,144,288,0.24305555555555555,0.12152777777777778,2.9444444444444446,50,1.8342399597167969,50,0.842980458845676
21,Kid Bass ( Kurt Blankenship ) — bass ( 2015 – current ),2,10,50,54,13,1.883674144744873,28.66737867090798,13,26,130,41,130,260,0.3153846153846154,0.1576923076923077,4.153846153846154,50,1.8342399597167969,50,0.9737565092317113
21,Kid Bass ( Kurt Blankenship ) — bass ( 2015 – current ),4,2,50,50,18,1.2939488887786865,38.64140263468464,18,72,36,32,36,144,0.8888888888888888,0.2222222222222222,2.7777777777777777,50,1.8342399597167969,50,1.4175520962408896
21,Kid Bass ( Kurt Blankenship ) — bass ( 2015 – current ),4,4,50,54,12,1.1305794715881348,47.76311737214345,12,48,48,42,48,192,0.875,0.21875,4.5,50,1.8342399597167969,50,1.622389231196834
21,Kid Bass ( Kurt Blankenship ) — bass ( 2015 – current ),4,6,50,51,9,1.0345304012298584,49.29772961661714,9,36,54,42,54,216,0.7777777777777778,0.19444444444444445,5.666666666666667,50,1.8342399597167969,50,1.7730169722767326
21,Kid Bass ( Kurt Blankenship ) — bass ( 2015 – current ),4,8,50,54,8,1.101001262664795,49.04626527793598,8,32,64,46,64,256,0.71875,0.1796875,6.75,50,1.8342399597167969,50,1.665974437919641
21,Kid Bass ( Kurt Blankenship ) — bass ( 2015 – current ),4,10,50,51,10,1.5947198867797852,31.980538038554347,10,40,100,41,100,400,0.41,0.1025,5.1,50,1.8342399597167969,50,1.1501957020305769
21,Kid Bass ( Kurt Blankenship ) — bass ( 2015 – current ),6,2,50,51,17,1.4737727642059326,34.60506343898868,17,102,34,34,34,204,1.0,0.16666666666666666,3.0,50,1.8342399597167969,50,1.2445880425162312
21,Kid Bass ( Kurt Blankenship ) — bass ( 2015 – current ),6,4,50,50,11,1.1982250213623047,41.72838916612943,11,66,44,39,44,264,0.8863636363636364,0.14772727272727273,4.545454545454546,50,1.8342399597167969,50,1.5307975772625615
21,Kid Bass ( Kurt Blankenship ) — bass ( 2015 – current ),6,6,50,55,10,1.3668692111968994,40.237939043077304,10,60,60,45,60,360,0.75,0.125,5.5,50,1.8342399597167969,50,1.3419279216265645
21,Kid Bass ( Kurt Blankenship ) — bass ( 2015 – current ),6,8,50,50,8,1.2443158626556396,40.182723294460914,8,48,64,42,64,384,0.65625,0.109375,6.25,50,1.8342399597167969,50,1.4740951351388636
21,Kid Bass ( Kurt Blankenship ) — bass ( 2015 – current ),6,10,50,53,9,1.6826636791229248,31.497678744468907,9,54,90,44,90,540,0.4888888888888889,0.08148148148148149,5.888888888888889,50,1.8342399597167969,50,1.0900811507816464
21,Kid Bass ( Kurt Blankenship ) — bass ( 2015 – current ),8,2,50,51,17,1.7261924743652344,29.544793386238126,17,136,34,34,34,272,1.0,0.125,3.0,50,1.8342399597167969,50,1.0625929535414609
21,Kid Bass ( Kurt Blankenship ) — bass ( 2015 – current ),8,4,50,53,14,1.7926807403564453,29.56466190932682,14,112,56,39,56,448,0.6964285714285714,0.08705357142857142,3.7857142857142856,50,1.8342399597167969,50,1.0231827220680065
21,Kid Bass ( Kurt Blankenship ) — bass ( 2015 – current ),8,6,50,56,10,1.5208675861358643,36.82108850927758,10,80,60,46,60,480,0.7666666666666667,0.09583333333333334,5.6,50,1.8342399597167969,50,1.2060484268568914
21,Kid Bass ( Kurt Blankenship ) — bass ( 2015 – current ),8,8,50,52,9,1.6363844871520996,31.777372865773614,9,72,72,43,72,576,0.5972222222222222,0.07465277777777778,5.777777777777778,50,1.8342399597167969,50,1.1209101370235044
21,Kid Bass ( Kurt Blankenship ) — bass ( 2015 – current ),8,10,50,53,11,2.300625801086426,23.037210125597905,11,88,110,42,110,880,0.38181818181818183,0.04772727272727273,4.818181818181818,50,1.8342399597167969,50,0.7972787051464922
22,"By the end of the 1850s it was clear that France was unable to match British building of steam warships , and to regain the strategic initiative a dramatic change was required . The result was the first ocean @-@ going ironclad , the Gloire , begun in 1857 and launched in 1859 .",1,2,50,50,26,1.5420851707458496,32.4236306453922,26,26,52,24,52,52,0.46153846153846156,0.46153846153846156,1.9230769230769231,50,1.8789961338043213,50,1.2184775325318253
22,"By the end of the 1850s it was clear that France was unable to match British building of steam warships , and to regain the strategic initiative a dramatic change was required . The result was the first ocean @-@ going ironclad , the Gloire , begun in 1857 and launched in 1859 .",1,4,50,50,18,1.4194109439849854,35.2258802934303,18,18,72,32,72,72,0.4444444444444444,0.4444444444444444,2.7777777777777777,50,1.8789961338043213,50,1.3237858576241874
22,"By the end of the 1850s it was clear that France was unable to match British building of steam warships , and to regain the strategic initiative a dramatic change was required . The result was the first ocean @-@ going ironclad , the Gloire , begun in 1857 and launched in 1859 .",1,6,50,53,15,1.474501132965088,35.94436030945722,15,15,90,38,90,90,0.4222222222222222,0.4222222222222222,3.533333333333333,50,1.8789961338043213,50,1.2743266802554643
22,"By the end of the 1850s it was clear that France was unable to match British building of steam warships , and to regain the strategic initiative a dramatic change was required . The result was the first ocean @-@ going ironclad , the Gloire , begun in 1857 and launched in 1859 .",1,8,50,55,20,2.3739681243896484,23.167960611998783,20,20,160,35,160,160,0.21875,0.21875,2.75,50,1.8789961338043213,50,0.7915001530559366
22,"By the end of the 1850s it was clear that France was unable to match British building of steam warships , and to regain the strategic initiative a dramatic change was required . The result was the first ocean @-@ going ironclad , the Gloire , begun in 1857 and launched in 1859 .",1,10,50,54,23,3.224033832550049,16.749203887010303,23,23,230,31,230,230,0.13478260869565217,0.13478260869565217,2.347826086956522,50,1.8789961338043213,50,0.5828090619998643
22,"By the end of the 1850s it was clear that France was unable to match British building of steam warships , and to regain the strategic initiative a dramatic change was required . The result was the first ocean @-@ going ironclad , the Gloire , begun in 1857 and launched in 1859 .",2,2,50,50,20,1.4648616313934326,34.13291667175287,20,40,40,30,40,80,0.75,0.375,2.5,50,1.8789961338043213,50,1.282712369233774
22,"By the end of the 1850s it was clear that France was unable to match British building of steam warships , and to regain the strategic initiative a dramatic change was required . The result was the first ocean @-@ going ironclad , the Gloire , begun in 1857 and launched in 1859 .",2,4,50,51,15,1.4272921085357666,35.73199886344218,15,30,60,36,60,120,0.6,0.3,3.4,50,1.8789961338043213,50,1.3164762297550638
22,"By the end of the 1850s it was clear that France was unable to match British building of steam warships , and to regain the strategic initiative a dramatic change was required . The result was the first ocean @-@ going ironclad , the Gloire , begun in 1857 and launched in 1859 .",2,6,50,54,13,1.5381419658660889,35.10729256359244,13,26,78,41,78,156,0.5256410256410257,0.26282051282051283,4.153846153846154,50,1.8789961338043213,50,1.221601240654211
22,"By the end of the 1850s it was clear that France was unable to match British building of steam warships , and to regain the strategic initiative a dramatic change was required . The result was the first ocean @-@ going ironclad , the Gloire , begun in 1857 and launched in 1859 .",2,8,50,56,16,2.1999974250793457,25.454575247050705,16,32,128,40,128,256,0.3125,0.15625,3.5,50,1.8789961338043213,50,0.8540901513721331
22,"By the end of the 1850s it was clear that France was unable to match British building of steam warships , and to regain the strategic initiative a dramatic change was required . The result was the first ocean @-@ going ironclad , the Gloire , begun in 1857 and launched in 1859 .",2,10,50,50,10,1.6023390293121338,31.20438252163429,10,20,100,40,100,200,0.4,0.2,5.0,50,1.8789961338043213,50,1.1726582823180394
22,"By the end of the 1850s it was clear that France was unable to match British building of steam warships , and to regain the strategic initiative a dramatic change was required . The result was the first ocean @-@ going ironclad , the Gloire , begun in 1857 and launched in 1859 .",4,2,50,52,18,1.9352858066558838,26.869416300765646,18,72,36,34,36,144,0.9444444444444444,0.2361111111111111,2.888888888888889,50,1.8789961338043213,50,0.9709140258984127
22,"By the end of the 1850s it was clear that France was unable to match British building of steam warships , and to regain the strategic initiative a dramatic change was required . The result was the first ocean @-@ going ironclad , the Gloire , begun in 1857 and launched in 1859 .",4,4,50,54,18,2.377728223800659,22.710753676332345,18,72,72,36,72,288,0.5,0.125,3.0,50,1.8789961338043213,50,0.7902484880298288
22,"By the end of the 1850s it was clear that France was unable to match British building of steam warships , and to regain the strategic initiative a dramatic change was required . The result was the first ocean @-@ going ironclad , the Gloire , begun in 1857 and launched in 1859 .",4,6,50,50,11,1.6971211433410645,29.461656403364763,11,44,66,39,66,264,0.5909090909090909,0.14772727272727273,4.545454545454546,50,1.8789961338043213,50,1.1071667695478744
22,"By the end of the 1850s it was clear that France was unable to match British building of steam warships , and to regain the strategic initiative a dramatic change was required . The result was the first ocean @-@ going ironclad , the Gloire , begun in 1857 and launched in 1859 .",4,8,50,54,11,1.9805376529693604,27.265323594852855,11,44,88,43,88,352,0.48863636363636365,0.12215909090909091,4.909090909090909,50,1.8789961338043213,50,0.9487303263268937
22,"By the end of the 1850s it was clear that France was unable to match British building of steam warships , and to regain the strategic initiative a dramatic change was required . The result was the first ocean @-@ going ironclad , the Gloire , begun in 1857 and launched in 1859 .",4,10,50,55,12,2.4650321006774902,22.312082664109642,12,48,120,43,120,480,0.35833333333333334,0.08958333333333333,4.583333333333333,50,1.8789961338043213,50,0.7622603102360807
22,"By the end of the 1850s it was clear that France was unable to match British building of steam warships , and to regain the strategic initiative a dramatic change was required . The result was the first ocean @-@ going ironclad , the Gloire , begun in 1857 and launched in 1859 .",6,2,50,50,17,2.3722188472747803,21.07731335894254,17,102,34,33,34,204,0.9705882352941176,0.16176470588235295,2.9411764705882355,50,1.8789961338043213,50,0.7920838062487041
22,"By the end of the 1850s it was clear that France was unable to match British building of steam warships , and to regain the strategic initiative a dramatic change was required . The result was the first ocean @-@ going ironclad , the Gloire , begun in 1857 and launched in 1859 .",6,4,50,52,12,2.043416738510132,25.44757465279135,12,72,48,40,48,288,0.8333333333333334,0.1388888888888889,4.333333333333333,50,1.8789961338043213,50,0.9195364305248421
22,"By the end of the 1850s it was clear that France was unable to match British building of steam warships , and to regain the strategic initiative a dramatic change was required . The result was the first ocean @-@ going ironclad , the Gloire , begun in 1857 and launched in 1859 .",6,6,50,54,10,1.9855282306671143,27.19679285640609,10,60,60,44,60,360,0.7333333333333333,0.12222222222222222,5.4,50,1.8789961338043213,50,0.9463457153530376
22,"By the end of the 1850s it was clear that France was unable to match British building of steam warships , and to regain the strategic initiative a dramatic change was required . The result was the first ocean @-@ going ironclad , the Gloire , begun in 1857 and launched in 1859 .",6,8,50,54,11,2.410780668258667,22.399383200216544,11,66,88,43,88,528,0.48863636363636365,0.08143939393939394,4.909090909090909,50,1.8789961338043213,50,0.7794139709779324
22,"By the end of the 1850s it was clear that France was unable to match British building of steam warships , and to regain the strategic initiative a dramatic change was required . The result was the first ocean @-@ going ironclad , the Gloire , begun in 1857 and launched in 1859 .",6,10,50,50,8,1.9341466426849365,25.851193956313047,8,48,80,42,80,480,0.525,0.0875,6.25,50,1.8789961338043213,50,0.971485869962757
22,"By the end of the 1850s it was clear that France was unable to match British building of steam warships , and to regain the strategic initiative a dramatic change was required . The result was the first ocean @-@ going ironclad , the Gloire , begun in 1857 and launched in 1859 .",8,2,50,52,18,3.213477373123169,16.18184725211286,18,144,36,34,36,288,0.9444444444444444,0.11805555555555555,2.888888888888889,50,1.8789961338043213,50,0.584723623548695
22,"By the end of the 1850s it was clear that France was unable to match British building of steam warships , and to regain the strategic initiative a dramatic change was required . The result was the first ocean @-@ going ironclad , the Gloire , begun in 1857 and launched in 1859 .",8,4,50,51,12,2.5039918422698975,20.36747849536439,12,96,48,39,48,384,0.8125,0.1015625,4.25,50,1.8789961338043213,50,0.7504002617280852
22,"By the end of the 1850s it was clear that France was unable to match British building of steam warships , and to regain the strategic initiative a dramatic change was required . The result was the first ocean @-@ going ironclad , the Gloire , begun in 1857 and launched in 1859 .",8,6,50,50,10,2.3424248695373535,21.345401788649628,10,80,60,40,60,480,0.6666666666666666,0.08333333333333333,5.0,50,1.8789961338043213,50,0.80215854870745
22,"By the end of the 1850s it was clear that France was unable to match British building of steam warships , and to regain the strategic initiative a dramatic change was required . The result was the first ocean @-@ going ironclad , the Gloire , begun in 1857 and launched in 1859 .",8,8,50,52,10,2.742969274520874,18.95755832302681,10,80,80,42,80,640,0.525,0.065625,5.2,50,1.8789961338043213,50,0.685022669141102
22,"By the end of the 1850s it was clear that France was unable to match British building of steam warships , and to regain the strategic initiative a dramatic change was required . The result was the first ocean @-@ going ironclad , the Gloire , begun in 1857 and launched in 1859 .",8,10,50,11,2,0.5150537490844727,21.356994332247677,2,16,20,9,20,160,0.45,0.05625,5.5,50,1.8789961338043213,50,3.648155434543108
23,"The first fleet battle , and the first ocean battle , involving ironclad warships was the Battle of Lissa in 1866 . Waged between the Austrian and Italian navies , the battle pitted combined fleets of wooden frigates and corvettes and ironclad warships on both sides in the largest naval battle between the battles of Navarino and Tsushima .",1,2,50,51,24,1.4260475635528564,35.76318301259079,24,24,48,27,48,48,0.5625,0.5625,2.125,50,1.8848319053649902,50,1.3217174192066343
23,"The first fleet battle , and the first ocean battle , involving ironclad warships was the Battle of Lissa in 1866 . Waged between the Austrian and Italian navies , the battle pitted combined fleets of wooden frigates and corvettes and ironclad warships on both sides in the largest naval battle between the battles of Navarino and Tsushima .",1,4,50,50,23,1.846475601196289,27.07861396468285,23,23,92,27,92,92,0.29347826086956524,0.29347826086956524,2.1739130434782608,50,1.8848319053649902,50,1.0207727110739242
23,"The first fleet battle , and the first ocean battle , involving ironclad warships was the Battle of Lissa in 1866 . Waged between the Austrian and Italian navies , the battle pitted combined fleets of wooden frigates and corvettes and ironclad warships on both sides in the largest naval battle between the battles of Navarino and Tsushima .",1,6,50,50,17,1.7772712707519531,28.13301538309641,17,17,102,33,102,102,0.3235294117647059,0.3235294117647059,2.9411764705882355,50,1.8848319053649902,50,1.0605200997636837
23,"The first fleet battle , and the first ocean battle , involving ironclad warships was the Battle of Lissa in 1866 . Waged between the Austrian and Italian navies , the battle pitted combined fleets of wooden frigates and corvettes and ironclad warships on both sides in the largest naval battle between the battles of Navarino and Tsushima .",1,8,50,50,23,2.740614175796509,18.24408573872622,23,23,184,27,184,184,0.14673913043478262,0.14673913043478262,2.1739130434782608,50,1.8848319053649902,50,0.6877406976913117
23,"The first fleet battle , and the first ocean battle , involving ironclad warships was the Battle of Lissa in 1866 . Waged between the Austrian and Italian navies , the battle pitted combined fleets of wooden frigates and corvettes and ironclad warships on both sides in the largest naval battle between the battles of Navarino and Tsushima .",1,10,50,51,19,2.6956872940063477,18.91910835258769,19,19,190,32,190,190,0.16842105263157894,0.16842105263157894,2.6842105263157894,50,1.8848319053649902,50,0.6992027263532267
23,"The first fleet battle , and the first ocean battle , involving ironclad warships was the Battle of Lissa in 1866 . Waged between the Austrian and Italian navies , the battle pitted combined fleets of wooden frigates and corvettes and ironclad warships on both sides in the largest naval battle between the battles of Navarino and Tsushima .",2,2,50,52,21,1.6158430576324463,32.181343203089945,21,42,42,31,42,84,0.7380952380952381,0.36904761904761907,2.4761904761904763,50,1.8848319053649902,50,1.1664696620516288
23,"The first fleet battle , and the first ocean battle , involving ironclad warships was the Battle of Lissa in 1866 . Waged between the Austrian and Italian navies , the battle pitted combined fleets of wooden frigates and corvettes and ironclad warships on both sides in the largest naval battle between the battles of Navarino and Tsushima .",2,4,50,41,13,1.2348196506500244,33.20322929621106,13,26,52,28,52,104,0.5384615384615384,0.2692307692307692,3.1538461538461537,50,1.8848319053649902,50,1.5264025838694673
23,"The first fleet battle , and the first ocean battle , involving ironclad warships was the Battle of Lissa in 1866 . Waged between the Austrian and Italian navies , the battle pitted combined fleets of wooden frigates and corvettes and ironclad warships on both sides in the largest naval battle between the battles of Navarino and Tsushima .",2,6,50,50,14,1.6797800064086914,29.76580255107226,14,28,84,36,84,168,0.42857142857142855,0.21428571428571427,3.5714285714285716,50,1.8848319053649902,50,1.122070686741112
23,"The first fleet battle , and the first ocean battle , involving ironclad warships was the Battle of Lissa in 1866 . Waged between the Austrian and Italian navies , the battle pitted combined fleets of wooden frigates and corvettes and ironclad warships on both sides in the largest naval battle between the battles of Navarino and Tsushima .",2,8,50,18,2,0.26891589164733887,66.93542687170576,2,4,16,16,16,32,1.0,0.5,9.0,50,1.8848319053649902,50,7.00900156483423
23,"The first fleet battle , and the first ocean battle , involving ironclad warships was the Battle of Lissa in 1866 . Waged between the Austrian and Italian navies , the battle pitted combined fleets of wooden frigates and corvettes and ironclad warships on both sides in the largest naval battle between the battles of Navarino and Tsushima .",2,10,50,50,15,2.520160436630249,19.8400067207054,15,30,150,35,150,300,0.23333333333333334,0.11666666666666667,3.3333333333333335,50,1.8848319053649902,50,0.7479015533968275
23,"The first fleet battle , and the first ocean battle , involving ironclad warships was the Battle of Lissa in 1866 . Waged between the Austrian and Italian navies , the battle pitted combined fleets of wooden frigates and corvettes and ironclad warships on both sides in the largest naval battle between the battles of Navarino and Tsushima .",4,2,50,50,18,2.0472404956817627,24.4231198559548,18,72,36,32,36,144,0.8888888888888888,0.2222222222222222,2.7777777777777777,50,1.8848319053649902,50,0.9206695106611361
23,"The first fleet battle , and the first ocean battle , involving ironclad warships was the Battle of Lissa in 1866 . Waged between the Austrian and Italian navies , the battle pitted combined fleets of wooden frigates and corvettes and ironclad warships on both sides in the largest naval battle between the battles of Navarino and Tsushima .",4,4,50,54,14,1.9623615741729736,27.51786455192795,14,56,56,40,56,224,0.7142857142857143,0.17857142857142858,3.857142857142857,50,1.8848319053649902,50,0.9604916495367792
23,"The first fleet battle , and the first ocean battle , involving ironclad warships was the Battle of Lissa in 1866 . Waged between the Austrian and Italian navies , the battle pitted combined fleets of wooden frigates and corvettes and ironclad warships on both sides in the largest naval battle between the battles of Navarino and Tsushima .",4,6,50,51,9,1.441542148590088,35.37877824098378,9,36,54,42,54,216,0.7777777777777778,0.19444444444444445,5.666666666666667,50,1.8848319053649902,50,1.3075107843419393
23,"The first fleet battle , and the first ocean battle , involving ironclad warships was the Battle of Lissa in 1866 . Waged between the Austrian and Italian navies , the battle pitted combined fleets of wooden frigates and corvettes and ironclad warships on both sides in the largest naval battle between the battles of Navarino and Tsushima .",4,8,50,53,10,1.8668444156646729,28.390153756401727,10,40,80,43,80,320,0.5375,0.134375,5.3,50,1.8848319053649902,50,1.009635237703466
23,"The first fleet battle , and the first ocean battle , involving ironclad warships was the Battle of Lissa in 1866 . Waged between the Austrian and Italian navies , the battle pitted combined fleets of wooden frigates and corvettes and ironclad warships on both sides in the largest naval battle between the battles of Navarino and Tsushima .",4,10,50,53,9,1.914412021636963,27.684740484799665,9,36,90,44,90,360,0.4888888888888889,0.12222222222222222,5.888888888888889,50,1.8848319053649902,50,0.9845487199528347
23,"The first fleet battle , and the first ocean battle , involving ironclad warships was the Battle of Lissa in 1866 . Waged between the Austrian and Italian navies , the battle pitted combined fleets of wooden frigates and corvettes and ironclad warships on both sides in the largest naval battle between the battles of Navarino and Tsushima .",6,2,50,50,18,2.739543914794922,18.251213178213618,18,108,36,32,36,216,0.8888888888888888,0.14814814814814814,2.7777777777777777,50,1.8848319053649902,50,0.6880093781982998
23,"The first fleet battle , and the first ocean battle , involving ironclad warships was the Battle of Lissa in 1866 . Waged between the Austrian and Italian navies , the battle pitted combined fleets of wooden frigates and corvettes and ironclad warships on both sides in the largest naval battle between the battles of Navarino and Tsushima .",6,4,50,54,13,2.360266923904419,22.87876826688386,13,78,52,41,52,312,0.7884615384615384,0.13141025641025642,4.153846153846154,50,1.8848319053649902,50,0.7985672663865699
23,"The first fleet battle , and the first ocean battle , involving ironclad warships was the Battle of Lissa in 1866 . Waged between the Austrian and Italian navies , the battle pitted combined fleets of wooden frigates and corvettes and ironclad warships on both sides in the largest naval battle between the battles of Navarino and Tsushima .",6,6,50,50,11,2.2573211193084717,22.150149383849055,11,66,66,39,66,396,0.5909090909090909,0.09848484848484848,4.545454545454546,50,1.8848319053649902,50,0.8349861653455876
23,"The first fleet battle , and the first ocean battle , involving ironclad warships was the Battle of Lissa in 1866 . Waged between the Austrian and Italian navies , the battle pitted combined fleets of wooden frigates and corvettes and ironclad warships on both sides in the largest naval battle between the battles of Navarino and Tsushima .",6,8,50,54,9,2.084301233291626,25.9079633680016,9,54,72,45,72,432,0.625,0.10416666666666667,6.0,50,1.8848319053649902,50,0.9042991844266078
23,"The first fleet battle , and the first ocean battle , involving ironclad warships was the Battle of Lissa in 1866 . Waged between the Austrian and Italian navies , the battle pitted combined fleets of wooden frigates and corvettes and ironclad warships on both sides in the largest naval battle between the battles of Navarino and Tsushima .",6,10,50,54,10,2.6134212017059326,20.662570566409673,10,60,100,44,100,600,0.44,0.07333333333333333,5.4,50,1.8848319053649902,50,0.7212124490819354
23,"The first fleet battle , and the first ocean battle , involving ironclad warships was the Battle of Lissa in 1866 . Waged between the Austrian and Italian navies , the battle pitted combined fleets of wooden frigates and corvettes and ironclad warships on both sides in the largest naval battle between the battles of Navarino and Tsushima .",8,2,50,52,18,3.530029296875,14.73075593056228,18,144,36,34,36,288,0.9444444444444444,0.11805555555555555,2.888888888888889,50,1.8848319053649902,50,0.533942284001314
23,"The first fleet battle , and the first ocean battle , involving ironclad warships was the Battle of Lissa in 1866 . Waged between the Austrian and Italian navies , the battle pitted combined fleets of wooden frigates and corvettes and ironclad warships on both sides in the largest naval battle between the battles of Navarino and Tsushima .",8,4,50,53,12,2.7447731494903564,19.30942817982642,12,96,48,41,48,384,0.8541666666666666,0.10677083333333333,4.416666666666667,50,1.8848319053649902,50,0.6866986095790691
23,"The first fleet battle , and the first ocean battle , involving ironclad warships was the Battle of Lissa in 1866 . Waged between the Austrian and Italian navies , the battle pitted combined fleets of wooden frigates and corvettes and ironclad warships on both sides in the largest naval battle between the battles of Navarino and Tsushima .",8,6,50,51,9,2.332146167755127,21.868269109860936,9,72,54,42,54,432,0.7777777777777778,0.09722222222222222,5.666666666666667,50,1.8848319053649902,50,0.8081963006543832
23,"The first fleet battle , and the first ocean battle , involving ironclad warships was the Battle of Lissa in 1866 . Waged between the Austrian and Italian navies , the battle pitted combined fleets of wooden frigates and corvettes and ironclad warships on both sides in the largest naval battle between the battles of Navarino and Tsushima .",8,8,50,55,11,3.2334859371185303,17.00950647987428,11,88,88,44,88,704,0.5,0.0625,5.0,50,1.8848319053649902,50,0.582910191050538
23,"The first fleet battle , and the first ocean battle , involving ironclad warships was the Battle of Lissa in 1866 . Waged between the Austrian and Italian navies , the battle pitted combined fleets of wooden frigates and corvettes and ironclad warships on both sides in the largest naval battle between the battles of Navarino and Tsushima .",8,10,50,54,8,2.6207942962646484,20.604440446533644,8,64,80,46,80,640,0.575,0.071875,6.75,50,1.8848319053649902,50,0.7191834582559162
24,"The battles of the American Civil War and at Lissa were very influential on the designs and tactics of the ironclad fleets that followed . In particular , it taught a generation of naval officers the misleading lesson that ramming was the best way to sink enemy ironclads .",1,2,50,50,25,1.4542369842529297,34.38229156693191,25,25,50,25,50,50,0.5,0.5,2.0,50,1.8549840450286865,50,1.275572045763661
24,"The battles of the American Civil War and at Lissa were very influential on the designs and tactics of the ironclad fleets that followed . In particular , it taught a generation of naval officers the misleading lesson that ramming was the best way to sink enemy ironclads .",1,4,50,50,22,1.7141804695129395,29.168457399474867,22,22,88,28,88,88,0.3181818181818182,0.3181818181818182,2.272727272727273,50,1.8549840450286865,50,1.0821404618824961
24,"The battles of the American Civil War and at Lissa were very influential on the designs and tactics of the ironclad fleets that followed . In particular , it taught a generation of naval officers the misleading lesson that ramming was the best way to sink enemy ironclads .",1,6,50,50,21,2.0666511058807373,24.193730551675134,21,21,126,29,126,126,0.23015873015873015,0.23015873015873015,2.380952380952381,50,1.8549840450286865,50,0.8975796832616092
24,"The battles of the American Civil War and at Lissa were very influential on the designs and tactics of the ironclad fleets that followed . In particular , it taught a generation of naval officers the misleading lesson that ramming was the best way to sink enemy ironclads .",1,8,50,55,17,2.025024890899658,27.160159979843577,17,17,136,38,136,136,0.27941176470588236,0.27941176470588236,3.235294117647059,50,1.8549840450286865,50,0.9160302440552088
24,"The battles of the American Civil War and at Lissa were very influential on the designs and tactics of the ironclad fleets that followed . In particular , it taught a generation of naval officers the misleading lesson that ramming was the best way to sink enemy ironclads .",1,10,50,52,16,2.210768461227417,23.52123296128878,16,16,160,36,160,160,0.225,0.225,3.25,50,1.8549840450286865,50,0.8390675358191064
24,"The battles of the American Civil War and at Lissa were very influential on the designs and tactics of the ironclad fleets that followed . In particular , it taught a generation of naval officers the misleading lesson that ramming was the best way to sink enemy ironclads .",2,2,50,51,18,1.2320621013641357,41.39401734988272,18,36,36,33,36,72,0.9166666666666666,0.4583333333333333,2.8333333333333335,50,1.8549840450286865,50,1.5055929753661388
24,"The battles of the American Civil War and at Lissa were very influential on the designs and tactics of the ironclad fleets that followed . In particular , it taught a generation of naval officers the misleading lesson that ramming was the best way to sink enemy ironclads .",2,4,50,50,13,1.173063039779663,42.62345526578991,13,26,52,37,52,104,0.7115384615384616,0.3557692307692308,3.8461538461538463,50,1.8549840450286865,50,1.5813165892406849
24,"The battles of the American Civil War and at Lissa were very influential on the designs and tactics of the ironclad fleets that followed . In particular , it taught a generation of naval officers the misleading lesson that ramming was the best way to sink enemy ironclads .",2,6,50,52,13,1.4789016246795654,35.161229883202594,13,26,78,39,78,156,0.5,0.25,4.0,50,1.8549840450286865,50,1.2542984699408977
24,"The battles of the American Civil War and at Lissa were very influential on the designs and tactics of the ironclad fleets that followed . In particular , it taught a generation of naval officers the misleading lesson that ramming was the best way to sink enemy ironclads .",2,8,50,54,11,1.4647290706634521,36.866886225956165,11,22,88,43,88,176,0.48863636363636365,0.24431818181818182,4.909090909090909,50,1.8549840450286865,50,1.2664349210932693
24,"The battles of the American Civil War and at Lissa were very influential on the designs and tactics of the ironclad fleets that followed . In particular , it taught a generation of naval officers the misleading lesson that ramming was the best way to sink enemy ironclads .",2,10,50,52,11,1.717792272567749,30.271413389391146,11,22,110,41,110,220,0.37272727272727274,0.18636363636363637,4.7272727272727275,50,1.8549840450286865,50,1.0798651703420832
24,"The battles of the American Civil War and at Lissa were very influential on the designs and tactics of the ironclad fleets that followed . In particular , it taught a generation of naval officers the misleading lesson that ramming was the best way to sink enemy ironclads .",4,2,50,52,19,1.9459443092346191,26.722244697975295,19,76,38,33,38,152,0.868421052631579,0.21710526315789475,2.736842105263158,50,1.8549840450286865,50,0.9532564915787805
24,"The battles of the American Civil War and at Lissa were very influential on the designs and tactics of the ironclad fleets that followed . In particular , it taught a generation of naval officers the misleading lesson that ramming was the best way to sink enemy ironclads .",4,4,50,52,12,1.4923133850097656,34.84522790074668,12,48,48,40,48,192,0.8333333333333334,0.20833333333333334,4.333333333333333,50,1.8549840450286865,50,1.2430258038706445
24,"The battles of the American Civil War and at Lissa were very influential on the designs and tactics of the ironclad fleets that followed . In particular , it taught a generation of naval officers the misleading lesson that ramming was the best way to sink enemy ironclads .",4,6,50,53,11,1.6469111442565918,32.181456895735536,11,44,66,42,66,264,0.6363636363636364,0.1590909090909091,4.818181818181818,50,1.8549840450286865,50,1.1263413035352419
24,"The battles of the American Civil War and at Lissa were very influential on the designs and tactics of the ironclad fleets that followed . In particular , it taught a generation of naval officers the misleading lesson that ramming was the best way to sink enemy ironclads .",4,8,50,17,4,0.6420118808746338,26.47926075268318,4,16,32,13,32,128,0.40625,0.1015625,4.25,50,1.8549840450286865,50,2.8893297776695053
24,"The battles of the American Civil War and at Lissa were very influential on the designs and tactics of the ironclad fleets that followed . In particular , it taught a generation of naval officers the misleading lesson that ramming was the best way to sink enemy ironclads .",4,10,50,53,9,1.7679219245910645,29.97869943394664,9,36,90,44,90,360,0.4888888888888889,0.12222222222222222,5.888888888888889,50,1.8549840450286865,50,1.0492454554845572
24,"The battles of the American Civil War and at Lissa were very influential on the designs and tactics of the ironclad fleets that followed . In particular , it taught a generation of naval officers the misleading lesson that ramming was the best way to sink enemy ironclads .",6,2,50,51,18,2.369420289993286,21.524252246588347,18,108,36,33,36,216,0.9166666666666666,0.1527777777777778,2.8333333333333335,50,1.8549840450286865,50,0.7828851862469459
24,"The battles of the American Civil War and at Lissa were very influential on the designs and tactics of the ironclad fleets that followed . In particular , it taught a generation of naval officers the misleading lesson that ramming was the best way to sink enemy ironclads .",6,4,50,54,13,2.083515167236328,25.91773789274984,13,78,52,41,52,312,0.7884615384615384,0.13141025641025642,4.153846153846154,50,1.8549840450286865,50,0.8903146347090067
24,"The battles of the American Civil War and at Lissa were very influential on the designs and tactics of the ironclad fleets that followed . In particular , it taught a generation of naval officers the misleading lesson that ramming was the best way to sink enemy ironclads .",6,6,50,50,9,1.6563563346862793,30.186741193868894,9,54,54,41,54,324,0.7592592592592593,0.12654320987654322,5.555555555555555,50,1.8549840450286865,50,1.1199184657207402
24,"The battles of the American Civil War and at Lissa were very influential on the designs and tactics of the ironclad fleets that followed . In particular , it taught a generation of naval officers the misleading lesson that ramming was the best way to sink enemy ironclads .",6,8,50,52,7,1.4404380321502686,36.10012984895645,7,42,56,45,56,336,0.8035714285714286,0.13392857142857142,7.428571428571429,50,1.8549840450286865,50,1.2877916325630396
24,"The battles of the American Civil War and at Lissa were very influential on the designs and tactics of the ironclad fleets that followed . In particular , it taught a generation of naval officers the misleading lesson that ramming was the best way to sink enemy ironclads .",6,10,50,53,11,2.5956854820251465,20.418498453306274,11,66,110,42,110,660,0.38181818181818183,0.06363636363636363,4.818181818181818,50,1.8549840450286865,50,0.7146412991382274
24,"The battles of the American Civil War and at Lissa were very influential on the designs and tactics of the ironclad fleets that followed . In particular , it taught a generation of naval officers the misleading lesson that ramming was the best way to sink enemy ironclads .",8,2,50,50,17,2.7839772701263428,17.959916748074203,17,136,34,33,34,272,0.9705882352941176,0.1213235294117647,2.9411764705882355,50,1.8549840450286865,50,0.6663071803544227
24,"The battles of the American Civil War and at Lissa were very influential on the designs and tactics of the ironclad fleets that followed . In particular , it taught a generation of naval officers the misleading lesson that ramming was the best way to sink enemy ironclads .",8,4,50,51,11,2.1422131061553955,23.807155251481536,11,88,44,40,44,352,0.9090909090909091,0.11363636363636363,4.636363636363637,50,1.8549840450286865,50,0.8659194735101796
24,"The battles of the American Civil War and at Lissa were very influential on the designs and tactics of the ironclad fleets that followed . In particular , it taught a generation of naval officers the misleading lesson that ramming was the best way to sink enemy ironclads .",8,6,50,52,10,2.3375766277313232,22.245260062540627,10,80,60,42,60,480,0.7,0.0875,5.2,50,1.8549840450286865,50,0.7935500479524366
24,"The battles of the American Civil War and at Lissa were very influential on the designs and tactics of the ironclad fleets that followed . In particular , it taught a generation of naval officers the misleading lesson that ramming was the best way to sink enemy ironclads .",8,8,50,57,11,2.8150041103363037,20.248638284649008,11,88,88,46,88,704,0.5227272727272727,0.06534090909090909,5.181818181818182,50,1.8549840450286865,50,0.6589631745891393
24,"The battles of the American Civil War and at Lissa were very influential on the designs and tactics of the ironclad fleets that followed . In particular , it taught a generation of naval officers the misleading lesson that ramming was the best way to sink enemy ironclads .",8,10,50,52,7,2.001988172531128,25.974179424974338,7,56,70,45,70,560,0.6428571428571429,0.08035714285714286,7.428571428571429,50,1.8549840450286865,50,0.9265709310776881
25,"From the 1860s to the 1880s many naval designers believed that the development of the ironclad meant that the ram was again the most important weapon in naval warfare . With steam power freeing ships from the wind , and armor making them invulnerable to shellfire , the ram seemed to offer the opportunity to strike a decisive blow .",1,2,50,50,23,1.347374677658081,37.10920268065802,23,23,46,27,46,46,0.5869565217391305,0.5869565217391305,2.1739130434782608,50,1.8658604621887207,50,1.3848118813037498
25,"From the 1860s to the 1880s many naval designers believed that the development of the ironclad meant that the ram was again the most important weapon in naval warfare . With steam power freeing ships from the wind , and armor making them invulnerable to shellfire , the ram seemed to offer the opportunity to strike a decisive blow .",1,4,50,52,24,1.9000279903411865,27.368017873601115,24,24,96,28,96,96,0.2916666666666667,0.2916666666666667,2.1666666666666665,50,1.8658604621887207,50,0.9820173553620489
25,"From the 1860s to the 1880s many naval designers believed that the development of the ironclad meant that the ram was again the most important weapon in naval warfare . With steam power freeing ships from the wind , and armor making them invulnerable to shellfire , the ram seemed to offer the opportunity to strike a decisive blow .",1,6,50,50,17,1.695389747619629,29.491743754025464,17,17,102,33,102,102,0.3235294117647059,0.3235294117647059,2.9411764705882355,50,1.8658604621887207,50,1.1005495726327454
25,"From the 1860s to the 1880s many naval designers believed that the development of the ironclad meant that the ram was again the most important weapon in naval warfare . With steam power freeing ships from the wind , and armor making them invulnerable to shellfire , the ram seemed to offer the opportunity to strike a decisive blow .",1,8,50,51,16,1.9032156467437744,26.796753214621933,16,16,128,35,128,128,0.2734375,0.2734375,3.1875,50,1.8658604621887207,50,0.9803725948665013
25,"From the 1860s to the 1880s many naval designers believed that the development of the ironclad meant that the ram was again the most important weapon in naval warfare . With steam power freeing ships from the wind , and armor making them invulnerable to shellfire , the ram seemed to offer the opportunity to strike a decisive blow .",1,10,50,50,14,1.9616847038269043,25.48829580128689,14,14,140,36,140,140,0.2571428571428571,0.2571428571428571,3.5714285714285716,50,1.8658604621887207,50,0.9511520676838396
25,"From the 1860s to the 1880s many naval designers believed that the development of the ironclad meant that the ram was again the most important weapon in naval warfare . With steam power freeing ships from the wind , and armor making them invulnerable to shellfire , the ram seemed to offer the opportunity to strike a decisive blow .",2,2,50,51,20,1.4966702461242676,34.07564233475482,20,40,40,31,40,80,0.775,0.3875,2.55,50,1.8658604621887207,50,1.2466743873745716
25,"From the 1860s to the 1880s many naval designers believed that the development of the ironclad meant that the ram was again the most important weapon in naval warfare . With steam power freeing ships from the wind , and armor making them invulnerable to shellfire , the ram seemed to offer the opportunity to strike a decisive blow .",2,4,50,54,14,1.345463752746582,40.134860481946326,14,28,56,40,56,112,0.7142857142857143,0.35714285714285715,3.857142857142857,50,1.8658604621887207,50,1.3867786912726703
25,"From the 1860s to the 1880s many naval designers believed that the development of the ironclad meant that the ram was again the most important weapon in naval warfare . With steam power freeing ships from the wind , and armor making them invulnerable to shellfire , the ram seemed to offer the opportunity to strike a decisive blow .",2,6,50,50,15,1.7327032089233398,28.856644197634285,15,30,90,35,90,180,0.3888888888888889,0.19444444444444445,3.3333333333333335,50,1.8658604621887207,50,1.0768494295962674
25,"From the 1860s to the 1880s many naval designers believed that the development of the ironclad meant that the ram was again the most important weapon in naval warfare . With steam power freeing ships from the wind , and armor making them invulnerable to shellfire , the ram seemed to offer the opportunity to strike a decisive blow .",2,8,50,50,15,2.1193432807922363,23.59221389623553,15,30,120,35,120,240,0.2916666666666667,0.14583333333333334,3.3333333333333335,50,1.8658604621887207,50,0.8803955824897037
25,"From the 1860s to the 1880s many naval designers believed that the development of the ironclad meant that the ram was again the most important weapon in naval warfare . With steam power freeing ships from the wind , and armor making them invulnerable to shellfire , the ram seemed to offer the opportunity to strike a decisive blow .",2,10,50,56,15,2.462561845779419,22.740545621616903,15,30,150,41,150,300,0.2733333333333333,0.13666666666666666,3.7333333333333334,50,1.8658604621887207,50,0.7576908029281035
25,"From the 1860s to the 1880s many naval designers believed that the development of the ironclad meant that the ram was again the most important weapon in naval warfare . With steam power freeing ships from the wind , and armor making them invulnerable to shellfire , the ram seemed to offer the opportunity to strike a decisive blow .",4,2,50,3,1,0.09871888160705566,30.389323209123383,1,4,2,2,2,8,1.0,0.25,3.0,50,1.8658604621887207,50,18.90074554952579
25,"From the 1860s to the 1880s many naval designers believed that the development of the ironclad meant that the ram was again the most important weapon in naval warfare . With steam power freeing ships from the wind , and armor making them invulnerable to shellfire , the ram seemed to offer the opportunity to strike a decisive blow .",4,4,50,51,13,1.7761859893798828,28.713209261269736,13,52,52,38,52,208,0.7307692307692307,0.18269230769230768,3.923076923076923,50,1.8658604621887207,50,1.0504870961402786
25,"From the 1860s to the 1880s many naval designers believed that the development of the ironclad meant that the ram was again the most important weapon in naval warfare . With steam power freeing ships from the wind , and armor making them invulnerable to shellfire , the ram seemed to offer the opportunity to strike a decisive blow .",4,6,50,50,11,1.7185943126678467,29.093544434220128,11,44,66,39,66,264,0.5909090909090909,0.14772727272727273,4.545454545454546,50,1.8658604621887207,50,1.0856898852948411
25,"From the 1860s to the 1880s many naval designers believed that the development of the ironclad meant that the ram was again the most important weapon in naval warfare . With steam power freeing ships from the wind , and armor making them invulnerable to shellfire , the ram seemed to offer the opportunity to strike a decisive blow .",4,8,50,53,8,1.458254098892212,36.34483183710052,8,32,64,45,64,256,0.703125,0.17578125,6.625,50,1.8658604621887207,50,1.2795166930140323
25,"From the 1860s to the 1880s many naval designers believed that the development of the ironclad meant that the ram was again the most important weapon in naval warfare . With steam power freeing ships from the wind , and armor making them invulnerable to shellfire , the ram seemed to offer the opportunity to strike a decisive blow .",4,10,50,50,10,2.0355279445648193,24.563651967298156,10,40,100,40,100,400,0.4,0.1,5.0,50,1.8658604621887207,50,0.9166469402549163
25,"From the 1860s to the 1880s many naval designers believed that the development of the ironclad meant that the ram was again the most important weapon in naval warfare . With steam power freeing ships from the wind , and armor making them invulnerable to shellfire , the ram seemed to offer the opportunity to strike a decisive blow .",6,2,50,50,17,2.4597859382629395,20.3269720434735,17,102,34,33,34,204,0.9705882352941176,0.16176470588235295,2.9411764705882355,50,1.8658604621887207,50,0.7585458690386533
25,"From the 1860s to the 1880s many naval designers believed that the development of the ironclad meant that the ram was again the most important weapon in naval warfare . With steam power freeing ships from the wind , and armor making them invulnerable to shellfire , the ram seemed to offer the opportunity to strike a decisive blow .",6,4,50,54,13,2.2774441242218018,23.71079027831328,13,78,52,41,52,312,0.7884615384615384,0.13141025641025642,4.153846153846154,50,1.8658604621887207,50,0.8192782612509897
25,"From the 1860s to the 1880s many naval designers believed that the development of the ironclad meant that the ram was again the most important weapon in naval warfare . With steam power freeing ships from the wind , and armor making them invulnerable to shellfire , the ram seemed to offer the opportunity to strike a decisive blow .",6,6,50,50,9,1.755554437637329,28.48103079463107,9,54,54,41,54,324,0.7592592592592593,0.12654320987654322,5.555555555555555,50,1.8658604621887207,50,1.0628325856416303
25,"From the 1860s to the 1880s many naval designers believed that the development of the ironclad meant that the ram was again the most important weapon in naval warfare . With steam power freeing ships from the wind , and armor making them invulnerable to shellfire , the ram seemed to offer the opportunity to strike a decisive blow .",6,8,50,50,8,1.8272030353546143,27.364227747299168,8,48,64,42,64,384,0.65625,0.109375,6.25,50,1.8658604621887207,50,1.021156612640261
25,"From the 1860s to the 1880s many naval designers believed that the development of the ironclad meant that the ram was again the most important weapon in naval warfare . With steam power freeing ships from the wind , and armor making them invulnerable to shellfire , the ram seemed to offer the opportunity to strike a decisive blow .",6,10,50,53,11,2.790632963180542,18.992107059322773,11,66,110,42,110,660,0.38181818181818183,0.06363636363636363,4.818181818181818,50,1.8658604621887207,50,0.6686155029367105
25,"From the 1860s to the 1880s many naval designers believed that the development of the ironclad meant that the ram was again the most important weapon in naval warfare . With steam power freeing ships from the wind , and armor making them invulnerable to shellfire , the ram seemed to offer the opportunity to strike a decisive blow .",8,2,50,50,17,3.139404773712158,15.92658596262437,17,136,34,33,34,272,0.9705882352941176,0.1213235294117647,2.9411764705882355,50,1.8658604621887207,50,0.594335740906214
25,"From the 1860s to the 1880s many naval designers believed that the development of the ironclad meant that the ram was again the most important weapon in naval warfare . With steam power freeing ships from the wind , and armor making them invulnerable to shellfire , the ram seemed to offer the opportunity to strike a decisive blow .",8,4,50,50,11,2.3485493659973145,21.289737709544564,11,88,44,39,44,352,0.8863636363636364,0.11079545454545454,4.545454545454546,50,1.8658604621887207,50,0.794473596852149
25,"From the 1860s to the 1880s many naval designers believed that the development of the ironclad meant that the ram was again the most important weapon in naval warfare . With steam power freeing ships from the wind , and armor making them invulnerable to shellfire , the ram seemed to offer the opportunity to strike a decisive blow .",8,6,50,54,8,1.9782614707946777,27.29669500074119,8,64,48,46,48,384,0.9583333333333334,0.11979166666666667,6.75,50,1.8658604621887207,50,0.9431819250056945
25,"From the 1860s to the 1880s many naval designers believed that the development of the ironclad meant that the ram was again the most important weapon in naval warfare . With steam power freeing ships from the wind , and armor making them invulnerable to shellfire , the ram seemed to offer the opportunity to strike a decisive blow .",8,8,50,54,9,2.544692277908325,21.220640495041184,9,72,72,45,72,576,0.625,0.078125,6.0,50,1.8658604621887207,50,0.7332361867040412
25,"From the 1860s to the 1880s many naval designers believed that the development of the ironclad meant that the ram was again the most important weapon in naval warfare . With steam power freeing ships from the wind , and armor making them invulnerable to shellfire , the ram seemed to offer the opportunity to strike a decisive blow .",8,10,50,54,8,2.5814831256866455,20.918207623625896,8,64,80,46,80,640,0.575,0.071875,6.75,50,1.8658604621887207,50,0.7227862323107082
26,"The ram finally fell out of favour in the 1880s , as the same effect could be achieved with a torpedo , with less vulnerability to quick @-@ firing guns .",1,2,50,50,25,1.4813580513000488,33.752812128114265,25,25,50,25,50,50,0.5,0.5,2.0,1,0.03967928886413574,1,0.026785751648167003
26,"The ram finally fell out of favour in the 1880s , as the same effect could be achieved with a torpedo , with less vulnerability to quick @-@ firing guns .",1,4,50,50,20,1.5696110725402832,31.85502502800214,20,20,80,30,80,80,0.375,0.375,2.5,1,0.03967928886413574,1,0.025279694797207413
26,"The ram finally fell out of favour in the 1880s , as the same effect could be achieved with a torpedo , with less vulnerability to quick @-@ firing guns .",1,6,50,52,20,1.9818434715270996,26.238197288069202,20,20,120,32,120,120,0.26666666666666666,0.26666666666666666,2.6,1,0.03967928886413574,1,0.020021404028220786
26,"The ram finally fell out of favour in the 1880s , as the same effect could be achieved with a torpedo , with less vulnerability to quick @-@ firing guns .",1,8,50,51,16,1.913323163986206,26.655193936891926,16,16,128,35,128,128,0.2734375,0.2734375,3.1875,1,0.03967928886413574,1,0.02073841450885283
26,"The ram finally fell out of favour in the 1880s , as the same effect could be achieved with a torpedo , with less vulnerability to quick @-@ firing guns .",1,10,50,52,16,2.196659803390503,23.672304614369043,16,16,160,36,160,160,0.225,0.225,3.25,1,0.03967928886413574,1,0.018063465632180052
26,"The ram finally fell out of favour in the 1880s , as the same effect could be achieved with a torpedo , with less vulnerability to quick @-@ firing guns .",2,2,50,51,22,1.372380018234253,37.16171856365134,22,44,44,29,44,88,0.6590909090909091,0.32954545454545453,2.3181818181818183,1,0.03967928886413574,1,0.028912756187741903
26,"The ram finally fell out of favour in the 1880s , as the same effect could be achieved with a torpedo , with less vulnerability to quick @-@ firing guns .",2,4,50,51,15,1.2579736709594727,40.541389042826026,15,30,60,36,60,120,0.6,0.3,3.4,1,0.03967928886413574,1,0.03154222523105101
26,"The ram finally fell out of favour in the 1880s , as the same effect could be achieved with a torpedo , with less vulnerability to quick @-@ firing guns .",2,6,50,54,14,1.4559154510498047,37.09006588333318,14,28,84,40,84,168,0.47619047619047616,0.23809523809523808,3.857142857142857,1,0.03967928886413574,1,0.02725384144767784
26,"The ram finally fell out of favour in the 1880s , as the same effect could be achieved with a torpedo , with less vulnerability to quick @-@ firing guns .",2,8,50,52,13,1.6362807750701904,31.7793870051241,13,26,104,39,104,208,0.375,0.1875,4.0,1,0.03967928886413574,1,0.0242496822481054
26,"The ram finally fell out of favour in the 1880s , as the same effect could be achieved with a torpedo , with less vulnerability to quick @-@ firing guns .",2,10,50,50,15,2.1553046703338623,23.19857637215386,15,30,150,35,150,300,0.23333333333333334,0.11666666666666667,3.3333333333333335,1,0.03967928886413574,1,0.018410060262148142
26,"The ram finally fell out of favour in the 1880s , as the same effect could be achieved with a torpedo , with less vulnerability to quick @-@ firing guns .",4,2,50,50,20,1.73103928565979,28.884382009240404,20,80,40,30,40,160,0.75,0.1875,2.5,1,0.03967928886413574,1,0.022922234748133912
26,"The ram finally fell out of favour in the 1880s , as the same effect could be achieved with a torpedo , with less vulnerability to quick @-@ firing guns .",4,4,50,53,12,1.3083734512329102,40.50831201906221,12,48,48,41,48,192,0.8541666666666666,0.21354166666666666,4.416666666666667,1,0.03967928886413574,1,0.030327188943451155
26,"The ram finally fell out of favour in the 1880s , as the same effect could be achieved with a torpedo , with less vulnerability to quick @-@ firing guns .",4,6,50,52,13,1.7552099227905273,29.626085931264335,13,52,78,39,78,312,0.5,0.125,4.0,1,0.03967928886413574,1,0.022606577338083567
26,"The ram finally fell out of favour in the 1880s , as the same effect could be achieved with a torpedo , with less vulnerability to quick @-@ firing guns .",4,8,50,51,9,1.4090373516082764,36.194924103174806,9,36,72,42,72,288,0.5833333333333334,0.14583333333333334,5.666666666666667,1,0.03967928886413574,1,0.02816056566481064
26,"The ram finally fell out of favour in the 1880s , as the same effect could be achieved with a torpedo , with less vulnerability to quick @-@ firing guns .",4,10,50,50,9,1.5833301544189453,31.579010770718966,9,36,90,41,90,360,0.45555555555555555,0.11388888888888889,5.555555555555555,1,0.03967928886413574,1,0.025060653808300234
26,"The ram finally fell out of favour in the 1880s , as the same effect could be achieved with a torpedo , with less vulnerability to quick @-@ firing guns .",6,2,50,50,17,1.841313123703003,27.154534096540125,17,102,34,33,34,204,0.9705882352941176,0.16176470588235295,2.9411764705882355,1,0.03967928886413574,1,0.021549452047752778
26,"The ram finally fell out of favour in the 1880s , as the same effect could be achieved with a torpedo , with less vulnerability to quick @-@ firing guns .",6,4,50,52,12,1.5992693901062012,32.51484729320486,12,72,48,40,48,288,0.8333333333333334,0.1388888888888889,4.333333333333333,1,0.03967928886413574,1,0.02481088496385265
26,"The ram finally fell out of favour in the 1880s , as the same effect could be achieved with a torpedo , with less vulnerability to quick @-@ firing guns .",6,6,50,51,10,1.5834150314331055,32.20886437704289,10,60,60,41,60,360,0.6833333333333333,0.11388888888888889,5.1,1,0.03967928886413574,1,0.025059310462793263
26,"The ram finally fell out of favour in the 1880s , as the same effect could be achieved with a torpedo , with less vulnerability to quick @-@ firing guns .",6,8,50,58,9,1.675534725189209,34.615814956297235,9,54,72,49,72,432,0.6805555555555556,0.11342592592592593,6.444444444444445,1,0.03967928886413574,1,0.023681567602041178
26,"The ram finally fell out of favour in the 1880s , as the same effect could be achieved with a torpedo , with less vulnerability to quick @-@ firing guns .",6,10,50,58,8,1.704045295715332,34.036653923364454,8,48,80,50,80,480,0.625,0.10416666666666667,7.25,1,0.03967928886413574,1,0.02328534867230685
26,"The ram finally fell out of favour in the 1880s , as the same effect could be achieved with a torpedo , with less vulnerability to quick @-@ firing guns .",8,2,50,51,17,2.2481460571289062,22.685358826344135,17,136,34,34,34,272,1.0,0.125,3.0,1,0.03967928886413574,1,0.01764978246778589
26,"The ram finally fell out of favour in the 1880s , as the same effect could be achieved with a torpedo , with less vulnerability to quick @-@ firing guns .",8,4,50,53,11,1.753575325012207,30.22396542881958,11,88,44,42,44,352,0.9545454545454546,0.11931818181818182,4.818181818181818,1,0.03967928886413574,1,0.022627650091882723
26,"The ram finally fell out of favour in the 1880s , as the same effect could be achieved with a torpedo , with less vulnerability to quick @-@ firing guns .",8,6,50,55,8,1.4928994178771973,36.84106199077116,8,64,48,47,48,384,0.9791666666666666,0.12239583333333333,6.875,1,0.03967928886413574,1,0.026578675287151646
26,"The ram finally fell out of favour in the 1880s , as the same effect could be achieved with a torpedo , with less vulnerability to quick @-@ firing guns .",8,8,50,50,7,1.5454039573669434,32.354000235116466,7,56,56,43,56,448,0.7678571428571429,0.09598214285714286,7.142857142857143,1,0.03967928886413574,1,0.02567567442479004
26,"The ram finally fell out of favour in the 1880s , as the same effect could be achieved with a torpedo , with less vulnerability to quick @-@ firing guns .",8,10,50,50,9,2.1117427349090576,23.67712656160896,9,72,90,41,90,720,0.45555555555555555,0.05694444444444444,5.555555555555555,1,0.03967928886413574,1,0.01878983088621566
27,"In the Royal Navy , the switch to breech @-@ loaders was finally made in 1879 ; as well as the significant advantages in terms of performance , opinion was swayed by an explosion on board HMS Thunderer caused by a gun being double @-@ loaded , a problem which could only happen with a muzzle @-@ loading gun .",1,2,50,11,5,0.29441142082214355,37.36268100361906,5,5,10,6,10,10,0.6,0.6,2.2,10,0.3735487461090088,10,1.2687984218338892
27,"In the Royal Navy , the switch to breech @-@ loaders was finally made in 1879 ; as well as the significant advantages in terms of performance , opinion was swayed by an explosion on board HMS Thunderer caused by a gun being double @-@ loaded , a problem which could only happen with a muzzle @-@ loading gun .",1,4,50,52,21,1.6718368530273438,31.10351342347728,21,21,84,31,84,84,0.36904761904761907,0.36904761904761907,2.4761904761904763,10,0.3735487461090088,10,0.22343612382547426
27,"In the Royal Navy , the switch to breech @-@ loaders was finally made in 1879 ; as well as the significant advantages in terms of performance , opinion was swayed by an explosion on board HMS Thunderer caused by a gun being double @-@ loaded , a problem which could only happen with a muzzle @-@ loading gun .",1,6,50,50,23,2.332725763320923,21.434152606442186,23,23,138,27,138,138,0.1956521739130435,0.1956521739130435,2.1739130434782608,10,0.3735487461090088,10,0.16013401660091242
27,"In the Royal Navy , the switch to breech @-@ loaders was finally made in 1879 ; as well as the significant advantages in terms of performance , opinion was swayed by an explosion on board HMS Thunderer caused by a gun being double @-@ loaded , a problem which could only happen with a muzzle @-@ loading gun .",1,8,50,51,15,1.8039443492889404,28.271382107825353,15,15,120,36,120,120,0.3,0.3,3.4,10,0.3735487461090088,10,0.20707332033621229
27,"In the Royal Navy , the switch to breech @-@ loaders was finally made in 1879 ; as well as the significant advantages in terms of performance , opinion was swayed by an explosion on board HMS Thunderer caused by a gun being double @-@ loaded , a problem which could only happen with a muzzle @-@ loading gun .",1,10,50,52,13,1.814103364944458,28.664298300109305,13,13,130,39,130,130,0.3,0.3,4.0,10,0.3735487461090088,10,0.20591370554039276
27,"In the Royal Navy , the switch to breech @-@ loaders was finally made in 1879 ; as well as the significant advantages in terms of performance , opinion was swayed by an explosion on board HMS Thunderer caused by a gun being double @-@ loaded , a problem which could only happen with a muzzle @-@ loading gun .",2,2,50,52,20,1.5271203517913818,34.05101630595233,20,40,40,32,40,80,0.8,0.4,2.6,10,0.3735487461090088,10,0.24460989316972895
27,"In the Royal Navy , the switch to breech @-@ loaders was finally made in 1879 ; as well as the significant advantages in terms of performance , opinion was swayed by an explosion on board HMS Thunderer caused by a gun being double @-@ loaded , a problem which could only happen with a muzzle @-@ loading gun .",2,4,50,50,17,1.654691457748413,30.217113750038003,17,34,68,33,68,136,0.4852941176470588,0.2426470588235294,2.9411764705882355,10,0.3735487461090088,10,0.22575129904719968
27,"In the Royal Navy , the switch to breech @-@ loaders was finally made in 1879 ; as well as the significant advantages in terms of performance , opinion was swayed by an explosion on board HMS Thunderer caused by a gun being double @-@ loaded , a problem which could only happen with a muzzle @-@ loading gun .",2,6,50,51,15,1.8136584758758545,28.119957907384414,15,30,90,36,90,180,0.4,0.2,3.4,10,0.3735487461090088,10,0.20596421601846185
27,"In the Royal Navy , the switch to breech @-@ loaders was finally made in 1879 ; as well as the significant advantages in terms of performance , opinion was swayed by an explosion on board HMS Thunderer caused by a gun being double @-@ loaded , a problem which could only happen with a muzzle @-@ loading gun .",2,8,50,40,10,1.3826942443847656,28.929027630253955,10,20,80,30,80,160,0.375,0.1875,4.0,10,0.3735487461090088,10,0.27016004993585585
27,"In the Royal Navy , the switch to breech @-@ loaders was finally made in 1879 ; as well as the significant advantages in terms of performance , opinion was swayed by an explosion on board HMS Thunderer caused by a gun being double @-@ loaded , a problem which could only happen with a muzzle @-@ loading gun .",2,10,50,55,10,1.6336686611175537,33.66655755174725,10,20,100,45,100,200,0.45,0.225,5.5,10,0.3735487461090088,10,0.2286563701683994
27,"In the Royal Navy , the switch to breech @-@ loaders was finally made in 1879 ; as well as the significant advantages in terms of performance , opinion was swayed by an explosion on board HMS Thunderer caused by a gun being double @-@ loaded , a problem which could only happen with a muzzle @-@ loading gun .",4,2,50,51,19,2.1544268131256104,23.672189600170245,19,76,38,32,38,152,0.8421052631578947,0.21052631578947367,2.6842105263157894,10,0.3735487461090088,10,0.17338660279996693
27,"In the Royal Navy , the switch to breech @-@ loaders was finally made in 1879 ; as well as the significant advantages in terms of performance , opinion was swayed by an explosion on board HMS Thunderer caused by a gun being double @-@ loaded , a problem which could only happen with a muzzle @-@ loading gun .",4,4,50,51,13,1.8099701404571533,28.177260419952933,13,52,52,38,52,208,0.7307692307692307,0.18269230769230768,3.923076923076923,10,0.3735487461090088,10,0.20638392742471415
27,"In the Royal Navy , the switch to breech @-@ loaders was finally made in 1879 ; as well as the significant advantages in terms of performance , opinion was swayed by an explosion on board HMS Thunderer caused by a gun being double @-@ loaded , a problem which could only happen with a muzzle @-@ loading gun .",4,6,50,56,12,1.9346363544464111,28.946008313807475,12,48,72,44,72,288,0.6111111111111112,0.1527777777777778,4.666666666666667,10,0.3735487461090088,10,0.1930847341157808
27,"In the Royal Navy , the switch to breech @-@ loaders was finally made in 1879 ; as well as the significant advantages in terms of performance , opinion was swayed by an explosion on board HMS Thunderer caused by a gun being double @-@ loaded , a problem which could only happen with a muzzle @-@ loading gun .",4,8,50,51,15,2.779280424118042,18.350073478527808,15,60,120,36,120,480,0.3,0.075,3.4,10,0.3735487461090088,10,0.13440484193945568
27,"In the Royal Navy , the switch to breech @-@ loaders was finally made in 1879 ; as well as the significant advantages in terms of performance , opinion was swayed by an explosion on board HMS Thunderer caused by a gun being double @-@ loaded , a problem which could only happen with a muzzle @-@ loading gun .",4,10,50,52,12,2.504960775375366,20.758808086409196,12,48,120,40,120,480,0.3333333333333333,0.08333333333333333,4.333333333333333,10,0.3735487461090088,10,0.149123590988379
27,"In the Royal Navy , the switch to breech @-@ loaders was finally made in 1879 ; as well as the significant advantages in terms of performance , opinion was swayed by an explosion on board HMS Thunderer caused by a gun being double @-@ loaded , a problem which could only happen with a muzzle @-@ loading gun .",6,2,50,52,18,2.756336212158203,18.865623058111677,18,108,36,34,36,216,0.9444444444444444,0.1574074074074074,2.888888888888889,10,0.3735487461090088,10,0.13552365072928502
27,"In the Royal Navy , the switch to breech @-@ loaders was finally made in 1879 ; as well as the significant advantages in terms of performance , opinion was swayed by an explosion on board HMS Thunderer caused by a gun being double @-@ loaded , a problem which could only happen with a muzzle @-@ loading gun .",6,4,50,50,12,2.1646459102630615,23.098466018363105,12,72,48,38,48,288,0.7916666666666666,0.13194444444444445,4.166666666666667,10,0.3735487461090088,10,0.17256806036402175
27,"In the Royal Navy , the switch to breech @-@ loaders was finally made in 1879 ; as well as the significant advantages in terms of performance , opinion was swayed by an explosion on board HMS Thunderer caused by a gun being double @-@ loaded , a problem which could only happen with a muzzle @-@ loading gun .",6,6,50,54,8,1.6610007286071777,32.51052156086733,8,48,48,46,48,288,0.9583333333333334,0.1597222222222222,6.75,10,0.3735487461090088,10,0.22489378822984976
27,"In the Royal Navy , the switch to breech @-@ loaders was finally made in 1879 ; as well as the significant advantages in terms of performance , opinion was swayed by an explosion on board HMS Thunderer caused by a gun being double @-@ loaded , a problem which could only happen with a muzzle @-@ loading gun .",6,8,50,51,12,2.87616229057312,17.7319618462272,12,72,96,39,96,576,0.40625,0.06770833333333333,4.25,10,0.3735487461090088,10,0.129877492425705
27,"In the Royal Navy , the switch to breech @-@ loaders was finally made in 1879 ; as well as the significant advantages in terms of performance , opinion was swayed by an explosion on board HMS Thunderer caused by a gun being double @-@ loaded , a problem which could only happen with a muzzle @-@ loading gun .",6,10,50,51,9,2.369863986968994,21.5202223758115,9,54,90,42,90,540,0.4666666666666667,0.07777777777777778,5.666666666666667,10,0.3735487461090088,10,0.1576245506759102
27,"In the Royal Navy , the switch to breech @-@ loaders was finally made in 1879 ; as well as the significant advantages in terms of performance , opinion was swayed by an explosion on board HMS Thunderer caused by a gun being double @-@ loaded , a problem which could only happen with a muzzle @-@ loading gun .",8,2,50,50,17,3.298936605453491,15.15639916127661,17,136,34,33,34,272,0.9705882352941176,0.1213235294117647,2.9411764705882355,10,0.3735487461090088,10,0.1132330780444502
27,"In the Royal Navy , the switch to breech @-@ loaders was finally made in 1879 ; as well as the significant advantages in terms of performance , opinion was swayed by an explosion on board HMS Thunderer caused by a gun being double @-@ loaded , a problem which could only happen with a muzzle @-@ loading gun .",8,4,50,54,12,2.7274670600891113,19.798589244276968,12,96,48,42,48,384,0.875,0.109375,4.5,10,0.3735487461090088,10,0.13695811457272164
27,"In the Royal Navy , the switch to breech @-@ loaders was finally made in 1879 ; as well as the significant advantages in terms of performance , opinion was swayed by an explosion on board HMS Thunderer caused by a gun being double @-@ loaded , a problem which could only happen with a muzzle @-@ loading gun .",8,6,50,52,9,2.293394088745117,22.67381792566361,9,72,54,43,54,432,0.7962962962962963,0.09953703703703703,5.777777777777778,10,0.3735487461090088,10,0.1628803126083771
27,"In the Royal Navy , the switch to breech @-@ loaders was finally made in 1879 ; as well as the significant advantages in terms of performance , opinion was swayed by an explosion on board HMS Thunderer caused by a gun being double @-@ loaded , a problem which could only happen with a muzzle @-@ loading gun .",8,8,50,51,9,2.6500065326690674,19.245235576318812,9,72,72,42,72,576,0.5833333333333334,0.07291666666666667,5.666666666666667,10,0.3735487461090088,10,0.14096144349228196
27,"In the Royal Navy , the switch to breech @-@ loaders was finally made in 1879 ; as well as the significant advantages in terms of performance , opinion was swayed by an explosion on board HMS Thunderer caused by a gun being double @-@ loaded , a problem which could only happen with a muzzle @-@ loading gun .",8,10,50,50,9,2.855893850326538,17.507653512501204,9,72,90,41,90,720,0.45555555555555555,0.05694444444444444,5.555555555555555,10,0.3735487461090088,10,0.13079924033811616
28,"The nature of the projectiles also changed during the ironclad period . Initially , the best armor @-@ piercing projectile was a solid cast @-@ iron shot . Later , shot of chilled iron , a harder iron alloy , gave better armor @-@ piercing qualities . Eventually the armor @-@ piercing shell was developed .",1,2,50,51,24,1.4197585582733154,35.921600685418845,24,24,48,27,48,48,0.5625,0.5625,2.125,50,1.8760640621185303,50,1.3213965509742482
28,"The nature of the projectiles also changed during the ironclad period . Initially , the best armor @-@ piercing projectile was a solid cast @-@ iron shot . Later , shot of chilled iron , a harder iron alloy , gave better armor @-@ piercing qualities . Eventually the armor @-@ piercing shell was developed .",1,4,50,50,26,2.058270215988159,24.292242880265068,26,26,104,24,104,104,0.23076923076923078,0.23076923076923078,1.9230769230769231,50,1.8760640621185303,50,0.9114760771184005
28,"The nature of the projectiles also changed during the ironclad period . Initially , the best armor @-@ piercing projectile was a solid cast @-@ iron shot . Later , shot of chilled iron , a harder iron alloy , gave better armor @-@ piercing qualities . Eventually the armor @-@ piercing shell was developed .",1,6,50,54,17,1.6643660068511963,32.44478665012046,17,17,102,37,102,102,0.3627450980392157,0.3627450980392157,3.176470588235294,50,1.8760640621185303,50,1.1271944118035937
28,"The nature of the projectiles also changed during the ironclad period . Initially , the best armor @-@ piercing projectile was a solid cast @-@ iron shot . Later , shot of chilled iron , a harder iron alloy , gave better armor @-@ piercing qualities . Eventually the armor @-@ piercing shell was developed .",1,8,50,51,19,2.2943179607391357,22.228828293515985,19,19,152,32,152,152,0.21052631578947367,0.21052631578947367,2.6842105263157894,50,1.8760640621185303,50,0.8177001157739003
28,"The nature of the projectiles also changed during the ironclad period . Initially , the best armor @-@ piercing projectile was a solid cast @-@ iron shot . Later , shot of chilled iron , a harder iron alloy , gave better armor @-@ piercing qualities . Eventually the armor @-@ piercing shell was developed .",1,10,50,52,13,1.8169562816619873,28.619290692253255,13,13,130,39,130,130,0.3,0.3,4.0,50,1.8760640621185303,50,1.0325312067511478
28,"The nature of the projectiles also changed during the ironclad period . Initially , the best armor @-@ piercing projectile was a solid cast @-@ iron shot . Later , shot of chilled iron , a harder iron alloy , gave better armor @-@ piercing qualities . Eventually the armor @-@ piercing shell was developed .",2,2,50,51,21,1.5462110042572021,32.983855282093494,21,42,42,30,42,84,0.7142857142857143,0.35714285714285715,2.4285714285714284,50,1.8760640621185303,50,1.2133299122520405
28,"The nature of the projectiles also changed during the ironclad period . Initially , the best armor @-@ piercing projectile was a solid cast @-@ iron shot . Later , shot of chilled iron , a harder iron alloy , gave better armor @-@ piercing qualities . Eventually the armor @-@ piercing shell was developed .",2,4,50,50,15,1.4238145351409912,35.116933256373045,15,30,60,35,60,120,0.5833333333333334,0.2916666666666667,3.3333333333333335,50,1.8760640621185303,50,1.3176323290819303
28,"The nature of the projectiles also changed during the ironclad period . Initially , the best armor @-@ piercing projectile was a solid cast @-@ iron shot . Later , shot of chilled iron , a harder iron alloy , gave better armor @-@ piercing qualities . Eventually the armor @-@ piercing shell was developed .",2,6,50,55,13,1.5121595859527588,36.371822465646986,13,26,78,42,78,156,0.5384615384615384,0.2692307692307692,4.230769230769231,50,1.8760640621185303,50,1.2406521636646493
28,"The nature of the projectiles also changed during the ironclad period . Initially , the best armor @-@ piercing projectile was a solid cast @-@ iron shot . Later , shot of chilled iron , a harder iron alloy , gave better armor @-@ piercing qualities . Eventually the armor @-@ piercing shell was developed .",2,8,50,51,17,2.4118173122406006,21.14588022117667,17,34,136,34,136,272,0.25,0.125,3.0,50,1.8760640621185303,50,0.7778632538198548
28,"The nature of the projectiles also changed during the ironclad period . Initially , the best armor @-@ piercing projectile was a solid cast @-@ iron shot . Later , shot of chilled iron , a harder iron alloy , gave better armor @-@ piercing qualities . Eventually the armor @-@ piercing shell was developed .",2,10,50,54,14,2.2621660232543945,23.870926998680048,14,28,140,40,140,280,0.2857142857142857,0.14285714285714285,3.857142857142857,50,1.8760640621185303,50,0.8293220050310849
28,"The nature of the projectiles also changed during the ironclad period . Initially , the best armor @-@ piercing projectile was a solid cast @-@ iron shot . Later , shot of chilled iron , a harder iron alloy , gave better armor @-@ piercing qualities . Eventually the armor @-@ piercing shell was developed .",4,2,50,52,19,2.1093051433563232,24.65266827978131,19,76,38,33,38,152,0.868421052631579,0.21710526315789475,2.736842105263158,50,1.8760640621185303,50,0.889422788365907
28,"The nature of the projectiles also changed during the ironclad period . Initially , the best armor @-@ piercing projectile was a solid cast @-@ iron shot . Later , shot of chilled iron , a harder iron alloy , gave better armor @-@ piercing qualities . Eventually the armor @-@ piercing shell was developed .",4,4,50,51,13,1.7330491542816162,29.42790161144652,13,52,52,38,52,208,0.7307692307692307,0.18269230769230768,3.923076923076923,50,1.8760640621185303,50,1.0825221301332313
28,"The nature of the projectiles also changed during the ironclad period . Initially , the best armor @-@ piercing projectile was a solid cast @-@ iron shot . Later , shot of chilled iron , a harder iron alloy , gave better armor @-@ piercing qualities . Eventually the armor @-@ piercing shell was developed .",4,6,50,52,11,1.7474470138549805,29.7576977085472,11,44,66,41,66,264,0.6212121212121212,0.1553030303030303,4.7272727272727275,50,1.8760640621185303,50,1.0736028315844681
28,"The nature of the projectiles also changed during the ironclad period . Initially , the best armor @-@ piercing projectile was a solid cast @-@ iron shot . Later , shot of chilled iron , a harder iron alloy , gave better armor @-@ piercing qualities . Eventually the armor @-@ piercing shell was developed .",4,8,50,50,12,2.1354146003723145,23.414656803078138,12,48,96,38,96,384,0.3958333333333333,0.09895833333333333,4.166666666666667,50,1.8760640621185303,50,0.8785479231018811
28,"The nature of the projectiles also changed during the ironclad period . Initially , the best armor @-@ piercing projectile was a solid cast @-@ iron shot . Later , shot of chilled iron , a harder iron alloy , gave better armor @-@ piercing qualities . Eventually the armor @-@ piercing shell was developed .",4,10,50,51,7,1.4586546421051025,34.963725153198546,7,28,70,44,70,280,0.6285714285714286,0.15714285714285714,7.285714285714286,50,1.8760640621185303,50,1.2861605536805
28,"The nature of the projectiles also changed during the ironclad period . Initially , the best armor @-@ piercing projectile was a solid cast @-@ iron shot . Later , shot of chilled iron , a harder iron alloy , gave better armor @-@ piercing qualities . Eventually the armor @-@ piercing shell was developed .",6,2,50,50,18,2.641557455062866,18.92822732444033,18,108,36,32,36,216,0.8888888888888888,0.14814814814814814,2.7777777777777777,50,1.8760640621185303,50,0.7102113408598496
28,"The nature of the projectiles also changed during the ironclad period . Initially , the best armor @-@ piercing projectile was a solid cast @-@ iron shot . Later , shot of chilled iron , a harder iron alloy , gave better armor @-@ piercing qualities . Eventually the armor @-@ piercing shell was developed .",6,4,50,52,13,2.2304112911224365,23.314085705615046,13,78,52,39,52,312,0.75,0.125,4.0,50,1.8760640621185303,50,0.8411291987203025
28,"The nature of the projectiles also changed during the ironclad period . Initially , the best armor @-@ piercing projectile was a solid cast @-@ iron shot . Later , shot of chilled iron , a harder iron alloy , gave better armor @-@ piercing qualities . Eventually the armor @-@ piercing shell was developed .",6,6,50,51,9,1.7643277645111084,28.90619363694704,9,54,54,42,54,324,0.7777777777777778,0.12962962962962962,5.666666666666667,50,1.8760640621185303,50,1.0633308049983468
28,"The nature of the projectiles also changed during the ironclad period . Initially , the best armor @-@ piercing projectile was a solid cast @-@ iron shot . Later , shot of chilled iron , a harder iron alloy , gave better armor @-@ piercing qualities . Eventually the armor @-@ piercing shell was developed .",6,8,50,52,9,1.987529993057251,26.16312718884446,9,54,72,43,72,432,0.5972222222222222,0.09953703703703703,5.777777777777778,50,1.8760640621185303,50,0.9439173590697557
28,"The nature of the projectiles also changed during the ironclad period . Initially , the best armor @-@ piercing projectile was a solid cast @-@ iron shot . Later , shot of chilled iron , a harder iron alloy , gave better armor @-@ piercing qualities . Eventually the armor @-@ piercing shell was developed .",6,10,50,55,9,2.247447967529297,24.472201712622315,9,54,90,46,90,540,0.5111111111111111,0.08518518518518518,6.111111111111111,50,1.8760640621185303,50,0.8347530573448413
28,"The nature of the projectiles also changed during the ironclad period . Initially , the best armor @-@ piercing projectile was a solid cast @-@ iron shot . Later , shot of chilled iron , a harder iron alloy , gave better armor @-@ piercing qualities . Eventually the armor @-@ piercing shell was developed .",8,2,50,51,17,3.1404173374176025,16.239879774048703,17,136,34,34,34,272,1.0,0.125,3.0,50,1.8760640621185303,50,0.597393231710164
28,"The nature of the projectiles also changed during the ironclad period . Initially , the best armor @-@ piercing projectile was a solid cast @-@ iron shot . Later , shot of chilled iron , a harder iron alloy , gave better armor @-@ piercing qualities . Eventually the armor @-@ piercing shell was developed .",8,4,50,52,11,2.3810365200042725,21.839228236577696,11,88,44,41,44,352,0.9318181818181818,0.11647727272727272,4.7272727272727275,50,1.8760640621185303,50,0.787919062289378
28,"The nature of the projectiles also changed during the ironclad period . Initially , the best armor @-@ piercing projectile was a solid cast @-@ iron shot . Later , shot of chilled iron , a harder iron alloy , gave better armor @-@ piercing qualities . Eventually the armor @-@ piercing shell was developed .",8,6,50,56,10,2.5100531578063965,22.31028447578374,10,80,60,46,60,480,0.7666666666666667,0.09583333333333334,5.6,50,1.8760640621185303,50,0.7474200521546219
28,"The nature of the projectiles also changed during the ironclad period . Initially , the best armor @-@ piercing projectile was a solid cast @-@ iron shot . Later , shot of chilled iron , a harder iron alloy , gave better armor @-@ piercing qualities . Eventually the armor @-@ piercing shell was developed .",8,8,50,53,8,2.2554619312286377,23.49851232963566,8,64,64,45,64,512,0.703125,0.087890625,6.625,50,1.8760640621185303,50,0.8317870659411065
28,"The nature of the projectiles also changed during the ironclad period . Initially , the best armor @-@ piercing projectile was a solid cast @-@ iron shot . Later , shot of chilled iron , a harder iron alloy , gave better armor @-@ piercing qualities . Eventually the armor @-@ piercing shell was developed .",8,10,50,55,11,3.371093511581421,16.315180759906845,11,88,110,44,110,880,0.4,0.05,5.0,50,1.8760640621185303,50,0.556514987102344
29,"The first ironclads were built on wooden or iron hulls , and protected by wrought iron armor backed by thick wooden planking . Ironclads were still being built with wooden hulls into the 1870s .",1,2,50,51,26,1.519282579421997,33.56847547044387,26,26,52,25,52,52,0.4807692307692308,0.4807692307692308,1.9615384615384615,50,1.8867666721343994,50,1.2418800147449922
29,"The first ironclads were built on wooden or iron hulls , and protected by wrought iron armor backed by thick wooden planking . Ironclads were still being built with wooden hulls into the 1870s .",1,4,50,51,19,1.4938063621520996,34.14097120762374,19,19,76,32,76,76,0.42105263157894735,0.42105263157894735,2.6842105263157894,50,1.8867666721343994,50,1.2630597378204824
29,"The first ironclads were built on wooden or iron hulls , and protected by wrought iron armor backed by thick wooden planking . Ironclads were still being built with wooden hulls into the 1870s .",1,6,50,53,16,1.5732982158660889,33.68719259039133,16,16,96,37,96,96,0.3854166666666667,0.3854166666666667,3.3125,50,1.8867666721343994,50,1.1992428727796838
29,"The first ironclads were built on wooden or iron hulls , and protected by wrought iron armor backed by thick wooden planking . Ironclads were still being built with wooden hulls into the 1870s .",1,8,50,52,14,1.665398359298706,31.22376079552344,14,14,112,38,112,112,0.3392857142857143,0.3392857142857143,3.7142857142857144,50,1.8867666721343994,50,1.1329221393786595
29,"The first ironclads were built on wooden or iron hulls , and protected by wrought iron armor backed by thick wooden planking . Ironclads were still being built with wooden hulls into the 1870s .",1,10,50,50,20,2.770418882369995,18.047812306717592,20,20,200,30,200,200,0.15,0.15,2.5,50,1.8867666721343994,50,0.6810402153050362
29,"The first ironclads were built on wooden or iron hulls , and protected by wrought iron armor backed by thick wooden planking . Ironclads were still being built with wooden hulls into the 1870s .",2,2,50,50,19,1.2244677543640137,40.83406837117561,19,38,38,31,38,76,0.8157894736842105,0.40789473684210525,2.6315789473684212,50,1.8867666721343994,50,1.540887185807831
29,"The first ironclads were built on wooden or iron hulls , and protected by wrought iron armor backed by thick wooden planking . Ironclads were still being built with wooden hulls into the 1870s .",2,4,50,52,21,1.8202807903289795,28.56702123994949,21,42,84,31,84,168,0.36904761904761907,0.18452380952380953,2.4761904761904763,50,1.8867666721343994,50,1.0365250691863885
29,"The first ironclads were built on wooden or iron hulls , and protected by wrought iron armor backed by thick wooden planking . Ironclads were still being built with wooden hulls into the 1870s .",2,6,50,51,17,1.8196213245391846,28.027809584456065,17,34,102,34,102,204,0.3333333333333333,0.16666666666666666,3.0,50,1.8867666721343994,50,1.0369007258211922
29,"The first ironclads were built on wooden or iron hulls , and protected by wrought iron armor backed by thick wooden planking . Ironclads were still being built with wooden hulls into the 1870s .",2,8,50,55,13,1.6972224712371826,32.405887225796626,13,26,104,42,104,208,0.40384615384615385,0.20192307692307693,4.230769230769231,50,1.8867666721343994,50,1.1116790545196171
29,"The first ironclads were built on wooden or iron hulls , and protected by wrought iron armor backed by thick wooden planking . Ironclads were still being built with wooden hulls into the 1870s .",2,10,50,56,17,2.5455305576324463,21.999343057222863,17,34,170,39,170,340,0.22941176470588234,0.11470588235294117,3.2941176470588234,50,1.8867666721343994,50,0.7412076301646319
29,"The first ironclads were built on wooden or iron hulls , and protected by wrought iron armor backed by thick wooden planking . Ironclads were still being built with wooden hulls into the 1870s .",4,2,50,51,19,1.7602787017822266,28.972684807447884,19,76,38,32,38,152,0.8421052631578947,0.21052631578947367,2.6842105263157894,50,1.8867666721343994,50,1.0718567862146533
29,"The first ironclads were built on wooden or iron hulls , and protected by wrought iron armor backed by thick wooden planking . Ironclads were still being built with wooden hulls into the 1870s .",4,4,50,50,14,1.6271965503692627,30.72769542723859,14,56,56,36,56,224,0.6428571428571429,0.16071428571428573,3.5714285714285716,50,1.8867666721343994,50,1.1595198328722072
29,"The first ironclads were built on wooden or iron hulls , and protected by wrought iron armor backed by thick wooden planking . Ironclads were still being built with wooden hulls into the 1870s .",4,6,50,50,14,2.025968313217163,24.679556769869635,14,56,84,36,84,336,0.42857142857142855,0.10714285714285714,3.5714285714285716,50,1.8867666721343994,50,0.9312913039287783
29,"The first ironclads were built on wooden or iron hulls , and protected by wrought iron armor backed by thick wooden planking . Ironclads were still being built with wooden hulls into the 1870s .",4,8,50,50,10,1.6237342357635498,30.793216586018367,10,40,80,40,80,320,0.5,0.125,5.0,50,1.8867666721343994,50,1.1619922956463133
29,"The first ironclads were built on wooden or iron hulls , and protected by wrought iron armor backed by thick wooden planking . Ironclads were still being built with wooden hulls into the 1870s .",4,10,50,52,8,1.5077946186065674,34.48745562446425,8,32,80,44,80,320,0.55,0.1375,6.5,50,1.8867666721343994,50,1.2513419592106385
29,"The first ironclads were built on wooden or iron hulls , and protected by wrought iron armor backed by thick wooden planking . Ironclads were still being built with wooden hulls into the 1870s .",6,2,50,50,17,2.0173373222351074,24.78514596884696,17,102,34,33,34,204,0.9705882352941176,0.16176470588235295,2.9411764705882355,50,1.8867666721343994,50,0.9352757475601342
29,"The first ironclads were built on wooden or iron hulls , and protected by wrought iron armor backed by thick wooden planking . Ironclads were still being built with wooden hulls into the 1870s .",6,4,50,50,12,1.7303102016448975,28.89655274092942,12,72,48,38,48,288,0.7916666666666666,0.13194444444444445,4.166666666666667,50,1.8867666721343994,50,1.0904210530231913
29,"The first ironclads were built on wooden or iron hulls , and protected by wrought iron armor backed by thick wooden planking . Ironclads were still being built with wooden hulls into the 1870s .",6,6,50,53,11,1.8644664287567139,28.42636326540999,11,66,66,42,66,396,0.6363636363636364,0.10606060606060606,4.818181818181818,50,1.8867666721343994,50,1.0119606569653046
29,"The first ironclads were built on wooden or iron hulls , and protected by wrought iron armor backed by thick wooden planking . Ironclads were still being built with wooden hulls into the 1870s .",6,8,50,50,11,2.146202802658081,23.29695960608885,11,66,88,39,88,528,0.4431818181818182,0.07386363636363637,4.545454545454546,50,1.8867666721343994,50,0.8791185389365959
29,"The first ironclads were built on wooden or iron hulls , and protected by wrought iron armor backed by thick wooden planking . Ironclads were still being built with wooden hulls into the 1870s .",6,10,50,50,11,2.3914401531219482,20.907903521953752,11,66,110,39,110,660,0.35454545454545455,0.05909090909090909,4.545454545454546,50,1.8867666721343994,50,0.7889667109884754
29,"The first ironclads were built on wooden or iron hulls , and protected by wrought iron armor backed by thick wooden planking . Ironclads were still being built with wooden hulls into the 1870s .",8,2,50,50,18,2.654278039932251,18.837514099041496,18,144,36,32,36,288,0.8888888888888888,0.1111111111111111,2.7777777777777777,50,1.8867666721343994,50,0.710839875758667
29,"The first ironclads were built on wooden or iron hulls , and protected by wrought iron armor backed by thick wooden planking . Ironclads were still being built with wooden hulls into the 1870s .",8,4,50,51,11,1.9276516437530518,26.457062491179826,11,88,44,40,44,352,0.9090909090909091,0.11363636363636363,4.636363636363637,50,1.8867666721343994,50,0.9787902696261804
29,"The first ironclads were built on wooden or iron hulls , and protected by wrought iron armor backed by thick wooden planking . Ironclads were still being built with wooden hulls into the 1870s .",8,6,50,50,10,2.04756236076355,24.41928068132424,10,80,60,40,60,480,0.6666666666666666,0.08333333333333333,5.0,50,1.8867666721343994,50,0.9214696989403592
29,"The first ironclads were built on wooden or iron hulls , and protected by wrought iron armor backed by thick wooden planking . Ironclads were still being built with wooden hulls into the 1870s .",8,8,50,50,7,1.629608392715454,30.68221802459169,7,56,56,43,56,448,0.7678571428571429,0.09598214285714286,7.142857142857143,50,1.8867666721343994,50,1.157803727919219
29,"The first ironclads were built on wooden or iron hulls , and protected by wrought iron armor backed by thick wooden planking . Ironclads were still being built with wooden hulls into the 1870s .",8,10,50,50,7,1.842888593673706,27.131319913553487,7,56,70,43,70,560,0.6142857142857143,0.07678571428571429,7.142857142857143,50,1.8867666721343994,50,1.0238094036781815
30,"Using iron construction for warships offered advantages for the engineering of the hull . However , unarmored iron had many military disadvantages , and offered technical problems which kept wooden hulls in use for many years , particularly for long @-@ range cruising warships .",1,2,50,50,28,1.6212427616119385,30.84053861883519,28,28,56,22,56,56,0.39285714285714285,0.39285714285714285,1.7857142857142858,50,1.877565622329712,50,1.1581027016971361
30,"Using iron construction for warships offered advantages for the engineering of the hull . However , unarmored iron had many military disadvantages , and offered technical problems which kept wooden hulls in use for many years , particularly for long @-@ range cruising warships .",1,4,50,51,25,1.9333715438842773,26.37878899238243,25,25,100,26,100,100,0.26,0.26,2.04,50,1.877565622329712,50,0.9711354386428759
30,"Using iron construction for warships offered advantages for the engineering of the hull . However , unarmored iron had many military disadvantages , and offered technical problems which kept wooden hulls in use for many years , particularly for long @-@ range cruising warships .",1,6,50,50,22,2.1549270153045654,23.20264196647666,22,22,132,28,132,132,0.21212121212121213,0.21212121212121213,2.272727272727273,50,1.877565622329712,50,0.8712896580696248
30,"Using iron construction for warships offered advantages for the engineering of the hull . However , unarmored iron had many military disadvantages , and offered technical problems which kept wooden hulls in use for many years , particularly for long @-@ range cruising warships .",1,8,50,51,18,2.134472608566284,23.893490033707426,18,18,144,33,144,144,0.22916666666666666,0.22916666666666666,2.8333333333333335,50,1.877565622329712,50,0.8796391271522872
30,"Using iron construction for warships offered advantages for the engineering of the hull . However , unarmored iron had many military disadvantages , and offered technical problems which kept wooden hulls in use for many years , particularly for long @-@ range cruising warships .",1,10,50,52,17,2.3230528831481934,22.38433760041217,17,17,170,35,170,170,0.20588235294117646,0.20588235294117646,3.0588235294117645,50,1.877565622329712,50,0.8082319760991585
30,"Using iron construction for warships offered advantages for the engineering of the hull . However , unarmored iron had many military disadvantages , and offered technical problems which kept wooden hulls in use for many years , particularly for long @-@ range cruising warships .",2,2,50,52,20,1.3425979614257812,38.73087960358456,20,40,40,32,40,80,0.8,0.4,2.6,50,1.877565622329712,50,1.398457078197719
30,"Using iron construction for warships offered advantages for the engineering of the hull . However , unarmored iron had many military disadvantages , and offered technical problems which kept wooden hulls in use for many years , particularly for long @-@ range cruising warships .",2,4,50,54,16,1.4172842502593994,38.101037240847496,16,32,64,38,64,128,0.59375,0.296875,3.375,50,1.877565622329712,50,1.3247629203429512
30,"Using iron construction for warships offered advantages for the engineering of the hull . However , unarmored iron had many military disadvantages , and offered technical problems which kept wooden hulls in use for many years , particularly for long @-@ range cruising warships .",2,6,50,50,12,1.3203792572021484,37.86790782062783,12,24,72,38,72,144,0.5277777777777778,0.2638888888888889,4.166666666666667,50,1.877565622329712,50,1.4219896382712252
30,"Using iron construction for warships offered advantages for the engineering of the hull . However , unarmored iron had many military disadvantages , and offered technical problems which kept wooden hulls in use for many years , particularly for long @-@ range cruising warships .",2,8,50,50,18,2.3687474727630615,21.108201940022226,18,36,144,32,144,288,0.2222222222222222,0.1111111111111111,2.7777777777777777,50,1.877565622329712,50,0.7926406862355813
30,"Using iron construction for warships offered advantages for the engineering of the hull . However , unarmored iron had many military disadvantages , and offered technical problems which kept wooden hulls in use for many years , particularly for long @-@ range cruising warships .",2,10,50,50,13,1.9952383041381836,25.05966324739181,13,26,130,37,130,260,0.2846153846153846,0.1423076923076923,3.8461538461538463,50,1.877565622329712,50,0.9410232444092442
30,"Using iron construction for warships offered advantages for the engineering of the hull . However , unarmored iron had many military disadvantages , and offered technical problems which kept wooden hulls in use for many years , particularly for long @-@ range cruising warships .",4,2,50,51,17,1.678187608718872,30.389927642793992,17,68,34,34,34,136,1.0,0.25,3.0,50,1.877565622329712,50,1.1188055570038709
30,"Using iron construction for warships offered advantages for the engineering of the hull . However , unarmored iron had many military disadvantages , and offered technical problems which kept wooden hulls in use for many years , particularly for long @-@ range cruising warships .",4,4,50,51,13,1.606560230255127,31.74484158113452,13,52,52,38,52,208,0.7307692307692307,0.18269230769230768,3.923076923076923,50,1.877565622329712,50,1.1686867301772734
30,"Using iron construction for warships offered advantages for the engineering of the hull . However , unarmored iron had many military disadvantages , and offered technical problems which kept wooden hulls in use for many years , particularly for long @-@ range cruising warships .",4,6,50,54,14,2.0752127170562744,26.021428818439368,14,56,84,40,84,336,0.47619047619047616,0.11904761904761904,3.857142857142857,50,1.877565622329712,50,0.9047581517296558
30,"Using iron construction for warships offered advantages for the engineering of the hull . However , unarmored iron had many military disadvantages , and offered technical problems which kept wooden hulls in use for many years , particularly for long @-@ range cruising warships .",4,8,50,52,8,1.3723280429840088,37.891814763859585,8,32,64,44,64,256,0.6875,0.171875,6.5,50,1.877565622329712,50,1.3681609378520807
30,"Using iron construction for warships offered advantages for the engineering of the hull . However , unarmored iron had many military disadvantages , and offered technical problems which kept wooden hulls in use for many years , particularly for long @-@ range cruising warships .",4,10,50,50,9,1.7384822368621826,28.76071951718407,9,36,90,41,90,360,0.45555555555555555,0.11388888888888889,5.555555555555555,50,1.877565622329712,50,1.08000276477864
30,"Using iron construction for warships offered advantages for the engineering of the hull . However , unarmored iron had many military disadvantages , and offered technical problems which kept wooden hulls in use for many years , particularly for long @-@ range cruising warships .",6,2,50,51,17,2.16056489944458,23.60493777026122,17,102,34,34,34,204,1.0,0.16666666666666666,3.0,50,1.877565622329712,50,0.8690160720524437
30,"Using iron construction for warships offered advantages for the engineering of the hull . However , unarmored iron had many military disadvantages , and offered technical problems which kept wooden hulls in use for many years , particularly for long @-@ range cruising warships .",6,4,50,52,12,1.8434724807739258,28.207635612856766,12,72,48,40,48,288,0.8333333333333334,0.1388888888888889,4.333333333333333,50,1.877565622329712,50,1.0184939791135224
30,"Using iron construction for warships offered advantages for the engineering of the hull . However , unarmored iron had many military disadvantages , and offered technical problems which kept wooden hulls in use for many years , particularly for long @-@ range cruising warships .",6,6,50,28,4,0.6450436115264893,43.40791769681786,4,24,24,24,24,144,1.0,0.16666666666666666,7.0,50,1.877565622329712,50,2.9107576430165265
30,"Using iron construction for warships offered advantages for the engineering of the hull . However , unarmored iron had many military disadvantages , and offered technical problems which kept wooden hulls in use for many years , particularly for long @-@ range cruising warships .",6,8,50,54,9,1.8369519710540771,29.39652252802984,9,54,72,45,72,432,0.625,0.10416666666666667,6.0,50,1.877565622329712,50,1.0221092613827731
30,"Using iron construction for warships offered advantages for the engineering of the hull . However , unarmored iron had many military disadvantages , and offered technical problems which kept wooden hulls in use for many years , particularly for long @-@ range cruising warships .",6,10,50,55,8,1.8449485301971436,29.811129741447544,8,48,80,47,80,480,0.5875,0.09791666666666667,6.875,50,1.877565622329712,50,1.0176791339155045
30,"Using iron construction for warships offered advantages for the engineering of the hull . However , unarmored iron had many military disadvantages , and offered technical problems which kept wooden hulls in use for many years , particularly for long @-@ range cruising warships .",8,2,50,51,17,2.6866159439086914,18.982988661118924,17,136,34,34,34,272,1.0,0.125,3.0,50,1.877565622329712,50,0.6988589591998355
30,"Using iron construction for warships offered advantages for the engineering of the hull . However , unarmored iron had many military disadvantages , and offered technical problems which kept wooden hulls in use for many years , particularly for long @-@ range cruising warships .",8,4,50,50,10,1.8430976867675781,27.128241958618005,10,80,40,40,40,320,1.0,0.125,5.0,50,1.877565622329712,50,1.0187010899148723
30,"Using iron construction for warships offered advantages for the engineering of the hull . However , unarmored iron had many military disadvantages , and offered technical problems which kept wooden hulls in use for many years , particularly for long @-@ range cruising warships .",8,6,50,50,9,1.8618104457855225,26.855580337505486,9,72,54,41,54,432,0.7592592592592593,0.09490740740740741,5.555555555555555,50,1.877565622329712,50,1.0084622881882812
30,"Using iron construction for warships offered advantages for the engineering of the hull . However , unarmored iron had many military disadvantages , and offered technical problems which kept wooden hulls in use for many years , particularly for long @-@ range cruising warships .",8,8,50,53,8,1.9914312362670898,26.61402464458063,8,64,64,45,64,512,0.703125,0.087890625,6.625,50,1.877565622329712,50,0.9428222215943457
30,"Using iron construction for warships offered advantages for the engineering of the hull . However , unarmored iron had many military disadvantages , and offered technical problems which kept wooden hulls in use for many years , particularly for long @-@ range cruising warships .",8,10,50,50,7,1.8814308643341064,26.575518105841464,7,56,70,43,70,560,0.6142857142857143,0.07678571428571429,7.142857142857143,50,1.877565622329712,50,0.997945583822575
31,"Seagoing ships intended to "" stand in the line of battle "" ; the precursors of the battleship .",1,2,50,50,24,1.3889427185058594,35.998604790402716,24,24,48,26,48,48,0.5416666666666666,0.5416666666666666,2.0833333333333335,50,1.8533313274383545,50,1.3343468400425154
31,"Seagoing ships intended to "" stand in the line of battle "" ; the precursors of the battleship .",1,4,50,52,24,1.850283145904541,28.103806768762926,24,24,96,28,96,96,0.2916666666666667,0.2916666666666667,2.1666666666666665,50,1.8533313274383545,50,1.001647413554277
31,"Seagoing ships intended to "" stand in the line of battle "" ; the precursors of the battleship .",1,6,50,53,15,1.4575166702270508,36.36322045753597,15,15,90,38,90,90,0.4222222222222222,0.4222222222222222,3.533333333333333,50,1.8533313274383545,50,1.2715678422735597
31,"Seagoing ships intended to "" stand in the line of battle "" ; the precursors of the battleship .",1,8,50,51,26,3.0860891342163086,16.52577024900193,26,26,208,25,208,208,0.1201923076923077,0.1201923076923077,1.9615384615384615,50,1.8533313274383545,50,0.6005436806377258
31,"Seagoing ships intended to "" stand in the line of battle "" ; the precursors of the battleship .",1,10,50,54,23,3.151407480239868,17.135200807446775,23,23,230,31,230,230,0.13478260869565217,0.13478260869565217,2.347826086956522,50,1.8533313274383545,50,0.5880963788590389
31,"Seagoing ships intended to "" stand in the line of battle "" ; the precursors of the battleship .",2,2,50,50,19,1.138753890991211,43.90764360548376,19,38,38,31,38,76,0.8157894736842105,0.40789473684210525,2.6315789473684212,50,1.8533313274383545,50,1.6275082281608282
31,"Seagoing ships intended to "" stand in the line of battle "" ; the precursors of the battleship .",2,4,50,50,17,1.3806977272033691,36.213574495611,17,34,68,33,68,136,0.4852941176470588,0.2426470588235294,2.9411764705882355,50,1.8533313274383545,50,1.3423150418247694
31,"Seagoing ships intended to "" stand in the line of battle "" ; the precursors of the battleship .",2,6,50,54,16,1.619086742401123,33.352135241325875,16,32,96,38,96,192,0.3958333333333333,0.19791666666666666,3.375,50,1.8533313274383545,50,1.1446769829575927
31,"Seagoing ships intended to "" stand in the line of battle "" ; the precursors of the battleship .",2,8,50,50,17,2.081027030944824,24.026598048223857,17,34,136,33,136,272,0.2426470588235294,0.1213235294117647,2.9411764705882355,50,1.8533313274383545,50,0.89058493709085
31,"Seagoing ships intended to "" stand in the line of battle "" ; the precursors of the battleship .",2,10,50,56,15,2.1255719661712646,26.345849912986615,15,30,150,41,150,300,0.2733333333333333,0.13666666666666666,3.7333333333333334,50,1.8533313274383545,50,0.8719212319951275
31,"Seagoing ships intended to "" stand in the line of battle "" ; the precursors of the battleship .",4,2,50,50,21,1.6489498615264893,30.322328875247482,21,84,42,29,42,168,0.6904761904761905,0.17261904761904762,2.380952380952381,50,1.8533313274383545,50,1.123946440507695
31,"Seagoing ships intended to "" stand in the line of battle "" ; the precursors of the battleship .",4,4,50,54,14,1.4287285804748535,37.795842218017725,14,56,56,40,56,224,0.7142857142857143,0.17857142857142858,3.857142857142857,50,1.8533313274383545,50,1.2971892301772108
31,"Seagoing ships intended to "" stand in the line of battle "" ; the precursors of the battleship .",4,6,50,51,12,1.4443635940551758,35.30966870801076,12,48,72,39,72,288,0.5416666666666666,0.13541666666666666,4.25,50,1.8533313274383545,50,1.2831473564318845
31,"Seagoing ships intended to "" stand in the line of battle "" ; the precursors of the battleship .",4,8,50,51,14,1.9793376922607422,25.766194520223216,14,56,112,37,112,448,0.33035714285714285,0.08258928571428571,3.642857142857143,50,1.8533313274383545,50,0.9363391273176499
31,"Seagoing ships intended to "" stand in the line of battle "" ; the precursors of the battleship .",4,10,50,52,14,2.4108917713165283,21.568782397728327,14,56,140,38,140,560,0.2714285714285714,0.06785714285714285,3.7142857142857144,50,1.8533313274383545,50,0.7687326944694395
31,"Seagoing ships intended to "" stand in the line of battle "" ; the precursors of the battleship .",6,2,50,52,18,1.7839739322662354,29.14840797810473,18,108,36,34,36,216,0.9444444444444444,0.1574074074074074,2.888888888888889,50,1.8533313274383545,50,1.0388780317456838
31,"Seagoing ships intended to "" stand in the line of battle "" ; the precursors of the battleship .",6,4,50,50,11,1.3376812934875488,37.37811109673367,11,66,44,39,44,264,0.8863636363636364,0.14772727272727273,4.545454545454546,50,1.8533313274383545,50,1.3854804851209541
31,"Seagoing ships intended to "" stand in the line of battle "" ; the precursors of the battleship .",6,6,50,53,10,1.4320731163024902,37.009283532144075,10,60,60,43,60,360,0.7166666666666667,0.11944444444444445,5.3,50,1.8533313274383545,50,1.2941597089843588
31,"Seagoing ships intended to "" stand in the line of battle "" ; the precursors of the battleship .",6,8,50,52,8,1.337278127670288,38.88495513688745,8,48,64,44,64,384,0.6875,0.11458333333333333,6.5,50,1.8533313274383545,50,1.3858981831005477
31,"Seagoing ships intended to "" stand in the line of battle "" ; the precursors of the battleship .",6,10,50,51,11,2.107043743133545,24.204528342707317,11,66,110,40,110,660,0.36363636363636365,0.06060606060606061,4.636363636363637,50,1.8533313274383545,50,0.8795884439884122
31,"Seagoing ships intended to "" stand in the line of battle "" ; the precursors of the battleship .",8,2,50,51,17,1.9770987033843994,25.79537375281171,17,136,34,34,34,272,1.0,0.125,3.0,50,1.8533313274383545,50,0.9373994956679806
31,"Seagoing ships intended to "" stand in the line of battle "" ; the precursors of the battleship .",8,4,50,50,11,1.5451138019561768,32.36007596119973,11,88,44,39,44,352,0.8863636363636364,0.11079545454545454,4.545454545454546,50,1.8533313274383545,50,1.1994788507435257
31,"Seagoing ships intended to "" stand in the line of battle "" ; the precursors of the battleship .",8,6,50,55,10,1.6682956218719482,32.967778179676586,10,80,60,45,60,480,0.75,0.09375,5.5,50,1.8533313274383545,50,1.1109130199351496
31,"Seagoing ships intended to "" stand in the line of battle "" ; the precursors of the battleship .",8,8,50,50,11,2.0599405765533447,24.272544834113173,11,88,88,39,88,704,0.4431818181818182,0.05539772727272727,4.545454545454546,50,1.8533313274383545,50,0.8997013547542788
31,"Seagoing ships intended to "" stand in the line of battle "" ; the precursors of the battleship .",8,10,50,50,7,1.5078647136688232,33.15947349039275,7,56,70,43,70,560,0.6142857142857143,0.07678571428571429,7.142857142857143,50,1.8533313274383545,50,1.2291098204221305
32,"Coastal service and riverine vessels , including ' floating batteries ' and ' monitors'",1,2,50,50,25,1.4446849822998047,34.60962120642012,25,25,50,25,50,50,0.5,0.5,2.0,50,1.875084638595581,50,1.2979193814354046
32,"Coastal service and riverine vessels , including ' floating batteries ' and ' monitors'",1,4,50,51,18,1.4066388607025146,36.25664086553757,18,18,72,33,72,72,0.4583333333333333,0.4583333333333333,2.8333333333333335,50,1.875084638595581,50,1.3330249085107115
32,"Coastal service and riverine vessels , including ' floating batteries ' and ' monitors'",1,6,50,52,12,1.181241512298584,44.02148033115847,12,12,72,40,72,72,0.5555555555555556,0.5555555555555556,4.333333333333333,50,1.875084638595581,50,1.5873846449460145
32,"Coastal service and riverine vessels , including ' floating batteries ' and ' monitors'",1,8,50,57,11,1.3265435695648193,42.96881105737009,11,11,88,46,88,88,0.5227272727272727,0.5227272727272727,5.181818181818182,50,1.875084638595581,50,1.4135115360068526
32,"Coastal service and riverine vessels , including ' floating batteries ' and ' monitors'",1,10,50,50,18,2.4802279472351074,20.159437383865736,18,18,180,32,180,180,0.17777777777777778,0.17777777777777778,2.7777777777777777,50,1.875084638595581,50,0.7560130272243226
32,"Coastal service and riverine vessels , including ' floating batteries ' and ' monitors'",2,2,50,51,18,1.074385166168213,47.46900981692733,18,36,36,33,36,72,0.9166666666666666,0.4583333333333333,2.8333333333333335,50,1.875084638595581,50,1.745262963079672
32,"Coastal service and riverine vessels , including ' floating batteries ' and ' monitors'",2,4,50,50,16,1.2793850898742676,39.081274587086035,16,32,64,34,64,128,0.53125,0.265625,3.125,50,1.875084638595581,50,1.4656139526996177
32,"Coastal service and riverine vessels , including ' floating batteries ' and ' monitors'",2,6,50,50,19,1.916534662246704,26.088753302998597,19,38,114,31,114,228,0.2719298245614035,0.13596491228070176,2.6315789473684212,50,1.875084638595581,50,0.9783724111712478
32,"Coastal service and riverine vessels , including ' floating batteries ' and ' monitors'",2,8,50,52,13,1.6013307571411133,32.472991459201474,13,26,104,39,104,208,0.375,0.1875,4.0,50,1.875084638595581,50,1.1709539895075805
32,"Coastal service and riverine vessels , including ' floating batteries ' and ' monitors'",2,10,50,50,14,2.011143445968628,24.861478727549677,14,28,140,36,140,280,0.2571428571428571,0.12857142857142856,3.5714285714285716,50,1.875084638595581,50,0.9323475370959843
32,"Coastal service and riverine vessels , including ' floating batteries ' and ' monitors'",4,2,50,50,18,1.2983736991882324,38.50971413797194,18,72,36,32,36,144,0.8888888888888888,0.2222222222222222,2.7777777777777777,50,1.875084638595581,50,1.4441794683363651
32,"Coastal service and riverine vessels , including ' floating batteries ' and ' monitors'",4,4,50,52,12,1.1382806301116943,45.682934967361675,12,48,48,40,48,192,0.8333333333333334,0.20833333333333334,4.333333333333333,50,1.875084638595581,50,1.6472955692934768
32,"Coastal service and riverine vessels , including ' floating batteries ' and ' monitors'",4,6,50,54,12,1.4495174884796143,37.253776121487235,12,48,72,42,72,288,0.5833333333333334,0.14583333333333334,4.5,50,1.875084638595581,50,1.2935922839829552
32,"Coastal service and riverine vessels , including ' floating batteries ' and ' monitors'",4,8,50,53,10,1.440932273864746,36.781742599079905,10,40,80,43,80,320,0.5375,0.134375,5.3,50,1.875084638595581,50,1.3012996326096495
32,"Coastal service and riverine vessels , including ' floating batteries ' and ' monitors'",4,10,50,51,8,1.2682576179504395,40.212650236170674,8,32,80,43,80,320,0.5375,0.134375,6.375,50,1.875084638595581,50,1.4784729948051099
32,"Coastal service and riverine vessels , including ' floating batteries ' and ' monitors'",6,2,50,51,17,1.535276174545288,33.218779035052094,17,102,34,34,34,204,1.0,0.16666666666666666,3.0,50,1.875084638595581,50,1.221333770226022
32,"Coastal service and riverine vessels , including ' floating batteries ' and ' monitors'",6,4,50,53,12,1.400320053100586,37.848490338082,12,72,48,41,48,288,0.8541666666666666,0.1423611111111111,4.416666666666667,50,1.875084638595581,50,1.3390400533390723
32,"Coastal service and riverine vessels , including ' floating batteries ' and ' monitors'",6,6,50,53,11,1.5490155220031738,34.21528012286207,11,66,66,42,66,396,0.6363636363636364,0.10606060606060606,4.818181818181818,50,1.875084638595581,50,1.210500871011762
32,"Coastal service and riverine vessels , including ' floating batteries ' and ' monitors'",6,8,50,54,11,1.8237168788909912,29.609859197463585,11,66,88,43,88,528,0.48863636363636365,0.08143939393939394,4.909090909090909,50,1.875084638595581,50,1.0281665209655935
32,"Coastal service and riverine vessels , including ' floating batteries ' and ' monitors'",6,10,50,52,9,1.6189942359924316,32.118706073171644,9,54,90,43,90,540,0.4777777777777778,0.07962962962962963,5.777777777777778,50,1.875084638595581,50,1.158178699410976
32,"Coastal service and riverine vessels , including ' floating batteries ' and ' monitors'",8,2,50,50,17,1.7862353324890137,27.991832369774002,17,136,34,33,34,272,0.9705882352941176,0.1213235294117647,2.9411764705882355,50,1.875084638595581,50,1.0497410976541155
32,"Coastal service and riverine vessels , including ' floating batteries ' and ' monitors'",8,4,50,54,11,1.471571683883667,36.69546009303947,11,88,44,43,44,352,0.9772727272727273,0.12215909090909091,4.909090909090909,50,1.875084638595581,50,1.2742054356788053
32,"Coastal service and riverine vessels , including ' floating batteries ' and ' monitors'",8,6,50,50,10,1.60664701461792,31.12071260524553,10,80,60,40,60,480,0.6666666666666666,0.08333333333333333,5.0,50,1.875084638595581,50,1.1670794029648752
32,"Coastal service and riverine vessels , including ' floating batteries ' and ' monitors'",8,8,50,49,8,1.4693381786346436,33.34834738013299,8,64,64,41,64,512,0.640625,0.080078125,6.125,50,1.875084638595581,50,1.2761423243885013
32,"Coastal service and riverine vessels , including ' floating batteries ' and ' monitors'",8,10,50,58,9,1.9366929531097412,29.947958403457605,9,72,90,49,90,720,0.5444444444444444,0.06805555555555555,6.444444444444445,50,1.875084638595581,50,0.9681889096486689
33,"Vessels intended for commerce raiding or protection of commerce , called ' armoured cruisers'",1,2,50,50,22,1.2856395244598389,38.89115031758804,22,22,44,28,44,44,0.6363636363636364,0.6363636363636364,2.272727272727273,50,1.882098913192749,50,1.4639398349109658
33,"Vessels intended for commerce raiding or protection of commerce , called ' armoured cruisers'",1,4,50,50,18,1.4065186977386475,35.548763113059415,18,18,72,32,72,72,0.4444444444444444,0.4444444444444444,2.7777777777777777,50,1.882098913192749,50,1.3381257684087122
33,"Vessels intended for commerce raiding or protection of commerce , called ' armoured cruisers'",1,6,50,50,18,1.7609705924987793,28.393432697278083,18,18,108,32,108,108,0.2962962962962963,0.2962962962962963,2.7777777777777777,50,1.882098913192749,50,1.0687849764271709
33,"Vessels intended for commerce raiding or protection of commerce , called ' armoured cruisers'",1,8,50,53,17,2.0043299198150635,26.442752500990572,17,17,136,36,136,136,0.2647058823529412,0.2647058823529412,3.1176470588235294,50,1.882098913192749,50,0.939016523470551
33,"Vessels intended for commerce raiding or protection of commerce , called ' armoured cruisers'",1,10,50,52,20,2.763629913330078,18.815833389696454,20,20,200,32,200,200,0.16,0.16,2.6,50,1.882098913192749,50,0.6810242225685295
33,"Vessels intended for commerce raiding or protection of commerce , called ' armoured cruisers'",2,2,50,50,20,1.215731143951416,41.127514293569945,20,40,40,30,40,80,0.75,0.375,2.5,50,1.882098913192749,50,1.5481209990849447
33,"Vessels intended for commerce raiding or protection of commerce , called ' armoured cruisers'",2,4,50,50,16,1.2809028625488281,39.03496624287854,16,32,64,34,64,128,0.53125,0.265625,3.125,50,1.882098913192749,50,1.469353350844747
33,"Vessels intended for commerce raiding or protection of commerce , called ' armoured cruisers'",2,6,50,51,13,1.3128342628479004,38.84724937736383,13,26,78,38,78,156,0.48717948717948717,0.24358974358974358,3.923076923076923,50,1.882098913192749,50,1.4336150163463561
33,"Vessels intended for commerce raiding or protection of commerce , called ' armoured cruisers'",2,8,50,50,17,2.046251058578491,24.434929326186626,17,34,136,33,136,272,0.2426470588235294,0.1213235294117647,2.9411764705882355,50,1.882098913192749,50,0.9197790785751495
33,"Vessels intended for commerce raiding or protection of commerce , called ' armoured cruisers'",2,10,50,50,16,2.2811119556427,21.919134602892637,16,32,160,34,160,320,0.2125,0.10625,3.125,50,1.882098913192749,50,0.8250795882845962
33,"Vessels intended for commerce raiding or protection of commerce , called ' armoured cruisers'",4,2,50,51,19,1.3800933361053467,36.954022359040664,19,76,38,32,38,152,0.8421052631578947,0.21052631578947367,2.6842105263157894,50,1.882098913192749,50,1.3637475552951173
33,"Vessels intended for commerce raiding or protection of commerce , called ' armoured cruisers'",4,4,50,51,14,1.3451783657073975,37.91318779735229,14,56,56,37,56,224,0.6607142857142857,0.16517857142857142,3.642857142857143,50,1.882098913192749,50,1.399144500962144
33,"Vessels intended for commerce raiding or protection of commerce , called ' armoured cruisers'",4,6,50,53,12,1.3783321380615234,38.45227034649197,12,48,72,41,72,288,0.5694444444444444,0.1423611111111111,4.416666666666667,50,1.882098913192749,50,1.3654901175269116
33,"Vessels intended for commerce raiding or protection of commerce , called ' armoured cruisers'",4,8,50,56,12,1.737621784210205,32.2279569172491,12,48,96,44,96,384,0.4583333333333333,0.11458333333333333,4.666666666666667,50,1.882098913192749,50,1.0831464765781655
33,"Vessels intended for commerce raiding or protection of commerce , called ' armoured cruisers'",4,10,50,54,12,1.9652705192565918,27.47713328566427,12,48,120,42,120,480,0.35,0.0875,4.5,50,1.882098913192749,50,0.9576793091592783
33,"Vessels intended for commerce raiding or protection of commerce , called ' armoured cruisers'",6,2,50,50,18,1.6088955402374268,31.077219589173225,18,108,36,32,36,216,0.8888888888888888,0.14814814814814814,2.7777777777777777,50,1.882098913192749,50,1.1698080242767068
33,"Vessels intended for commerce raiding or protection of commerce , called ' armoured cruisers'",6,4,50,10,2,0.18033337593078613,55.452851965895135,2,12,8,8,8,48,1.0,0.16666666666666666,5.0,50,1.882098913192749,50,10.436775241844963
33,"Vessels intended for commerce raiding or protection of commerce , called ' armoured cruisers'",6,6,50,54,8,1.103651762008667,48.928477132785964,8,48,48,46,48,288,0.9583333333333334,0.1597222222222222,6.75,50,1.882098913192749,50,1.7053376599220877
33,"Vessels intended for commerce raiding or protection of commerce , called ' armoured cruisers'",6,8,50,51,9,1.4536831378936768,35.08329887756473,9,54,72,42,72,432,0.5833333333333334,0.09722222222222222,5.666666666666667,50,1.882098913192749,50,1.294710562523156
33,"Vessels intended for commerce raiding or protection of commerce , called ' armoured cruisers'",6,10,50,53,12,2.2440524101257324,23.617986710493295,12,72,120,41,120,720,0.3416666666666667,0.05694444444444444,4.416666666666667,50,1.882098913192749,50,0.838705417351325
33,"Vessels intended for commerce raiding or protection of commerce , called ' armoured cruisers'",8,2,50,51,17,1.8027558326721191,28.29002079799442,17,136,34,34,34,272,1.0,0.125,3.0,50,1.882098913192749,50,1.0440121058452072
33,"Vessels intended for commerce raiding or protection of commerce , called ' armoured cruisers'",8,4,50,51,11,1.449096441268921,35.194344936311595,11,88,44,40,44,352,0.9090909090909091,0.11363636363636363,4.636363636363637,50,1.882098913192749,50,1.2988085951992703
33,"Vessels intended for commerce raiding or protection of commerce , called ' armoured cruisers'",8,6,50,53,12,1.9021272659301758,27.863540441959866,12,96,72,41,72,576,0.5694444444444444,0.07118055555555555,4.416666666666667,50,1.882098913192749,50,0.9894705506323561
33,"Vessels intended for commerce raiding or protection of commerce , called ' armoured cruisers'",8,8,50,55,7,1.2758958339691162,43.10696730539784,7,56,56,48,56,448,0.8571428571428571,0.10714285714285714,7.857142857142857,50,1.882098913192749,50,1.475119569391357
33,"Vessels intended for commerce raiding or protection of commerce , called ' armoured cruisers'",8,10,50,53,7,1.4926071166992188,35.50833933929329,7,56,70,46,70,560,0.6571428571428571,0.08214285714285714,7.571428571428571,50,1.882098913192749,50,1.2609472996181743
34,"There is no clearly defined end to the ironclad , besides the transition from wood hulls to all @-@ metal . Ironclads continued to be used in World War I. Towards the end of the 19th century , the descriptions ' battleship ' and ' armored cruiser ' came to replace the term ' ironclad ' .",1,2,50,50,23,1.3653895854949951,36.61958501160933,23,23,46,27,46,46,0.5869565217391305,0.5869565217391305,2.1739130434782608,33,1.2253401279449463,33,0.8974289396683243
34,"There is no clearly defined end to the ironclad , besides the transition from wood hulls to all @-@ metal . Ironclads continued to be used in World War I. Towards the end of the 19th century , the descriptions ' battleship ' and ' armored cruiser ' came to replace the term ' ironclad ' .",1,4,50,51,21,1.6728613376617432,30.48668700257351,21,21,84,30,84,84,0.35714285714285715,0.35714285714285715,2.4285714285714284,33,1.2253401279449463,33,0.7324815873009991
34,"There is no clearly defined end to the ironclad , besides the transition from wood hulls to all @-@ metal . Ironclads continued to be used in World War I. Towards the end of the 19th century , the descriptions ' battleship ' and ' armored cruiser ' came to replace the term ' ironclad ' .",1,6,50,51,19,1.871131181716919,27.256239700523427,19,19,114,32,114,114,0.2807017543859649,0.2807017543859649,2.6842105263157894,33,1.2253401279449463,33,0.6548659655281863
34,"There is no clearly defined end to the ironclad , besides the transition from wood hulls to all @-@ metal . Ironclads continued to be used in World War I. Towards the end of the 19th century , the descriptions ' battleship ' and ' armored cruiser ' came to replace the term ' ironclad ' .",1,8,50,51,20,2.3837270736694336,21.39506681085441,20,20,160,31,160,160,0.19375,0.19375,2.55,33,1.2253401279449463,33,0.5140438020275101
34,"There is no clearly defined end to the ironclad , besides the transition from wood hulls to all @-@ metal . Ironclads continued to be used in World War I. Towards the end of the 19th century , the descriptions ' battleship ' and ' armored cruiser ' came to replace the term ' ironclad ' .",1,10,50,54,19,2.647139310836792,20.399379730011248,19,19,190,35,190,190,0.18421052631578946,0.18421052631578946,2.8421052631578947,33,1.2253401279449463,33,0.4628921957105468
34,"There is no clearly defined end to the ironclad , besides the transition from wood hulls to all @-@ metal . Ironclads continued to be used in World War I. Towards the end of the 19th century , the descriptions ' battleship ' and ' armored cruiser ' came to replace the term ' ironclad ' .",2,2,50,51,21,1.5776255130767822,32.32706341097176,21,42,42,30,42,84,0.7142857142857143,0.35714285714285715,2.4285714285714284,33,1.2253401279449463,33,0.7766989807075398
34,"There is no clearly defined end to the ironclad , besides the transition from wood hulls to all @-@ metal . Ironclads continued to be used in World War I. Towards the end of the 19th century , the descriptions ' battleship ' and ' armored cruiser ' came to replace the term ' ironclad ' .",2,4,50,54,20,1.9251737594604492,28.04941618107972,20,40,80,34,80,160,0.425,0.2125,2.7,33,1.2253401279449463,33,0.6364828742982458
34,"There is no clearly defined end to the ironclad , besides the transition from wood hulls to all @-@ metal . Ironclads continued to be used in World War I. Towards the end of the 19th century , the descriptions ' battleship ' and ' armored cruiser ' came to replace the term ' ironclad ' .",2,6,50,52,12,1.4295024871826172,36.376292078012355,12,24,72,40,72,144,0.5555555555555556,0.2777777777777778,4.333333333333333,33,1.2253401279449463,33,0.8571794305583538
34,"There is no clearly defined end to the ironclad , besides the transition from wood hulls to all @-@ metal . Ironclads continued to be used in World War I. Towards the end of the 19th century , the descriptions ' battleship ' and ' armored cruiser ' came to replace the term ' ironclad ' .",2,8,50,52,12,1.6793017387390137,30.96525109242533,12,24,96,40,96,192,0.4166666666666667,0.20833333333333334,4.333333333333333,33,1.2253401279449463,33,0.7296723987584585
34,"There is no clearly defined end to the ironclad , besides the transition from wood hulls to all @-@ metal . Ironclads continued to be used in World War I. Towards the end of the 19th century , the descriptions ' battleship ' and ' armored cruiser ' came to replace the term ' ironclad ' .",2,10,50,51,14,2.2419211864471436,22.748346511155287,14,28,140,37,140,280,0.2642857142857143,0.13214285714285715,3.642857142857143,33,1.2253401279449463,33,0.54655807499049
34,"There is no clearly defined end to the ironclad , besides the transition from wood hulls to all @-@ metal . Ironclads continued to be used in World War I. Towards the end of the 19th century , the descriptions ' battleship ' and ' armored cruiser ' came to replace the term ' ironclad ' .",4,2,50,50,19,2.1251797676086426,23.52742142668828,19,76,38,31,38,152,0.8157894736842105,0.20394736842105263,2.6315789473684212,33,1.2253401279449463,33,0.5765818716238578
34,"There is no clearly defined end to the ironclad , besides the transition from wood hulls to all @-@ metal . Ironclads continued to be used in World War I. Towards the end of the 19th century , the descriptions ' battleship ' and ' armored cruiser ' came to replace the term ' ironclad ' .",4,4,50,52,13,1.774623155593872,29.301995658113885,13,52,52,39,52,208,0.75,0.1875,4.0,33,1.2253401279449463,33,0.6904790597837601
34,"There is no clearly defined end to the ironclad , besides the transition from wood hulls to all @-@ metal . Ironclads continued to be used in World War I. Towards the end of the 19th century , the descriptions ' battleship ' and ' armored cruiser ' came to replace the term ' ironclad ' .",4,6,50,56,13,2.071045160293579,27.03948763341393,13,52,78,43,78,312,0.5512820512820513,0.13782051282051283,4.3076923076923075,33,1.2253401279449463,33,0.5916530220766646
34,"There is no clearly defined end to the ironclad , besides the transition from wood hulls to all @-@ metal . Ironclads continued to be used in World War I. Towards the end of the 19th century , the descriptions ' battleship ' and ' armored cruiser ' came to replace the term ' ironclad ' .",4,8,50,52,12,2.2266833782196045,23.353118143621202,12,48,96,40,96,384,0.4166666666666667,0.10416666666666667,4.333333333333333,33,1.2253401279449463,33,0.5502983225772741
34,"There is no clearly defined end to the ironclad , besides the transition from wood hulls to all @-@ metal . Ironclads continued to be used in World War I. Towards the end of the 19th century , the descriptions ' battleship ' and ' armored cruiser ' came to replace the term ' ironclad ' .",4,10,50,52,13,2.686732053756714,19.35436767030459,13,52,130,39,130,520,0.3,0.075,4.0,33,1.2253401279449463,33,0.45607083379662616
34,"There is no clearly defined end to the ironclad , besides the transition from wood hulls to all @-@ metal . Ironclads continued to be used in World War I. Towards the end of the 19th century , the descriptions ' battleship ' and ' armored cruiser ' came to replace the term ' ironclad ' .",6,2,50,52,18,2.670692205429077,19.470607617864975,18,108,36,34,36,216,0.9444444444444444,0.1574074074074074,2.888888888888889,33,1.2253401279449463,33,0.4588099390315484
34,"There is no clearly defined end to the ironclad , besides the transition from wood hulls to all @-@ metal . Ironclads continued to be used in World War I. Towards the end of the 19th century , the descriptions ' battleship ' and ' armored cruiser ' came to replace the term ' ironclad ' .",6,4,50,52,13,2.271376848220825,22.893603076359486,13,78,52,39,52,312,0.75,0.125,4.0,33,1.2253401279449463,33,0.5394702023597528
34,"There is no clearly defined end to the ironclad , besides the transition from wood hulls to all @-@ metal . Ironclads continued to be used in World War I. Towards the end of the 19th century , the descriptions ' battleship ' and ' armored cruiser ' came to replace the term ' ironclad ' .",6,6,50,45,8,1.5862457752227783,28.368869883155423,8,48,48,37,48,288,0.7708333333333334,0.1284722222222222,5.625,33,1.2253401279449463,33,0.7724781033839822
34,"There is no clearly defined end to the ironclad , besides the transition from wood hulls to all @-@ metal . Ironclads continued to be used in World War I. Towards the end of the 19th century , the descriptions ' battleship ' and ' armored cruiser ' came to replace the term ' ironclad ' .",6,8,50,52,10,2.291414737701416,22.693403836689424,10,60,80,42,80,480,0.525,0.0875,5.2,33,1.2253401279449463,33,0.5347526607837567
34,"There is no clearly defined end to the ironclad , besides the transition from wood hulls to all @-@ metal . Ironclads continued to be used in World War I. Towards the end of the 19th century , the descriptions ' battleship ' and ' armored cruiser ' came to replace the term ' ironclad ' .",6,10,50,50,12,3.0133650302886963,16.592745816529813,12,72,120,38,120,720,0.31666666666666665,0.05277777777777778,4.166666666666667,33,1.2253401279449463,33,0.40663514563569225
34,"There is no clearly defined end to the ironclad , besides the transition from wood hulls to all @-@ metal . Ironclads continued to be used in World War I. Towards the end of the 19th century , the descriptions ' battleship ' and ' armored cruiser ' came to replace the term ' ironclad ' .",8,2,50,51,17,3.1992714405059814,15.941129394114206,17,136,34,34,34,272,1.0,0.125,3.0,33,1.2253401279449463,33,0.3830059908111931
34,"There is no clearly defined end to the ironclad , besides the transition from wood hulls to all @-@ metal . Ironclads continued to be used in World War I. Towards the end of the 19th century , the descriptions ' battleship ' and ' armored cruiser ' came to replace the term ' ironclad ' .",8,4,50,51,11,2.390789031982422,21.331869653806816,11,88,44,40,44,352,0.9090909090909091,0.11363636363636363,4.636363636363637,33,1.2253401279449463,33,0.5125254096255012
34,"There is no clearly defined end to the ironclad , besides the transition from wood hulls to all @-@ metal . Ironclads continued to be used in World War I. Towards the end of the 19th century , the descriptions ' battleship ' and ' armored cruiser ' came to replace the term ' ironclad ' .",8,6,50,53,11,2.8289735317230225,18.73471045440276,11,88,66,42,66,528,0.6363636363636364,0.07954545454545454,4.818181818181818,33,1.2253401279449463,33,0.433139481230366
34,"There is no clearly defined end to the ironclad , besides the transition from wood hulls to all @-@ metal . Ironclads continued to be used in World War I. Towards the end of the 19th century , the descriptions ' battleship ' and ' armored cruiser ' came to replace the term ' ironclad ' .",8,8,50,52,10,2.778251886367798,18.716805432635994,10,80,80,42,80,640,0.525,0.065625,5.2,33,1.2253401279449463,33,0.44104716852974724
34,"There is no clearly defined end to the ironclad , besides the transition from wood hulls to all @-@ metal . Ironclads continued to be used in World War I. Towards the end of the 19th century , the descriptions ' battleship ' and ' armored cruiser ' came to replace the term ' ironclad ' .",8,10,50,51,8,2.5147907733917236,20.280017144812323,8,64,80,43,80,640,0.5375,0.0671875,6.375,33,1.2253401279449463,33,0.48725330986176546
35,A number of ironclads have been preserved or reconstructed as museum ships .,1,2,50,50,28,1.6425955295562744,30.439629902990692,28,28,56,22,56,56,0.39285714285714285,0.39285714285714285,1.7857142857142858,50,1.874359130859375,50,1.1410959649730135
35,A number of ironclads have been preserved or reconstructed as museum ships .,1,4,50,50,17,1.3283112049102783,37.641781395179365,17,17,68,33,68,68,0.4852941176470588,0.4852941176470588,2.9411764705882355,50,1.874359130859375,50,1.4110843331973397
35,A number of ironclads have been preserved or reconstructed as museum ships .,1,6,50,51,19,1.8714983463287354,27.250892366560322,19,19,114,32,114,114,0.2807017543859649,0.2807017543859649,2.6842105263157894,50,1.874359130859375,50,1.0015286064966349
35,A number of ironclads have been preserved or reconstructed as museum ships .,1,8,50,50,23,2.6774532794952393,18.67446217751599,23,23,184,27,184,184,0.14673913043478262,0.14673913043478262,2.1739130434782608,50,1.874359130859375,50,0.700052973926303
35,A number of ironclads have been preserved or reconstructed as museum ships .,1,10,50,51,16,2.172487258911133,23.47539659475913,16,16,160,35,160,160,0.21875,0.21875,3.1875,50,1.874359130859375,50,0.8627710579986637
35,A number of ironclads have been preserved or reconstructed as museum ships .,2,2,50,50,20,1.1580772399902344,43.175013093618546,20,40,40,30,40,80,0.75,0.375,2.5,50,1.874359130859375,50,1.61850960033994
35,A number of ironclads have been preserved or reconstructed as museum ships .,2,4,50,51,15,1.1811103820800781,43.17970680283314,15,30,60,36,60,120,0.6,0.3,3.4,50,1.874359130859375,50,1.586946621837666
35,A number of ironclads have been preserved or reconstructed as museum ships .,2,6,50,50,12,1.2094197273254395,41.34214025975255,12,24,72,38,72,144,0.5277777777777778,0.2638888888888889,4.166666666666667,50,1.874359130859375,50,1.5498003617027232
35,A number of ironclads have been preserved or reconstructed as museum ships .,2,8,50,50,13,1.5767793655395508,31.710206952696094,13,26,104,37,104,208,0.3557692307692308,0.1778846153846154,3.8461538461538463,50,1.874359130859375,50,1.1887263188645272
35,A number of ironclads have been preserved or reconstructed as museum ships .,2,10,50,51,12,1.6852226257324219,30.26306389509497,12,24,120,39,120,240,0.325,0.1625,4.25,50,1.874359130859375,50,1.1122323556774891
35,A number of ironclads have been preserved or reconstructed as museum ships .,4,2,50,50,17,1.1902356147766113,42.008489226214444,17,68,34,33,34,136,0.9705882352941176,0.2426470588235294,2.9411764705882355,50,1.874359130859375,50,1.5747799070952544
35,A number of ironclads have been preserved or reconstructed as museum ships .,4,4,50,50,13,1.1811020374298096,42.3333449739912,13,52,52,37,52,208,0.7115384615384616,0.1778846153846154,3.8461538461538463,50,1.874359130859375,50,1.586957833836405
35,A number of ironclads have been preserved or reconstructed as museum ships .,4,6,50,56,13,1.4868626594543457,37.66319615595908,13,52,78,43,78,312,0.5512820512820513,0.13782051282051283,4.3076923076923075,50,1.874359130859375,50,1.260613493076243
35,A number of ironclads have been preserved or reconstructed as museum ships .,4,8,50,50,11,1.5280892848968506,32.720601141689905,11,44,88,39,88,352,0.4431818181818182,0.11079545454545454,4.545454545454546,50,1.874359130859375,50,1.2266031503426833
35,A number of ironclads have been preserved or reconstructed as museum ships .,4,10,50,44,7,1.1037232875823975,39.86506445503916,7,28,70,37,70,280,0.5285714285714286,0.13214285714285715,6.285714285714286,50,1.874359130859375,50,1.6982147173545492
35,A number of ironclads have been preserved or reconstructed as museum ships .,6,2,50,51,17,1.4728953838348389,34.62567712529325,17,102,34,34,34,204,1.0,0.16666666666666666,3.0,50,1.874359130859375,50,1.2725677270976863
35,A number of ironclads have been preserved or reconstructed as museum ships .,6,4,50,53,11,1.2266619205474854,43.206688910947015,11,66,44,42,44,264,0.9545454545454546,0.1590909090909091,4.818181818181818,50,1.874359130859375,50,1.528016073102529
35,A number of ironclads have been preserved or reconstructed as museum ships .,6,6,50,56,10,1.368257761001587,40.92796079519921,10,60,60,46,60,360,0.7666666666666667,0.12777777777777777,5.6,50,1.874359130859375,50,1.369887446856003
35,A number of ironclads have been preserved or reconstructed as museum ships .,6,8,50,53,9,1.4158008098602295,37.43464450004959,9,54,72,44,72,432,0.6111111111111112,0.10185185185185185,5.888888888888889,50,1.874359130859375,50,1.323886183568729
35,A number of ironclads have been preserved or reconstructed as museum ships .,6,10,50,50,12,2.1415319442749023,23.34777220282344,12,72,120,38,120,720,0.31666666666666665,0.05277777777777778,4.166666666666667,50,1.874359130859375,50,0.8752422002717364
35,A number of ironclads have been preserved or reconstructed as museum ships .,8,2,50,38,13,1.2013168334960938,31.631954985107235,13,104,26,25,26,208,0.9615384615384616,0.1201923076923077,2.923076923076923,50,1.874359130859375,50,1.5602537803491703
35,A number of ironclads have been preserved or reconstructed as museum ships .,8,4,50,52,11,1.3937463760375977,37.30951405078111,11,88,44,41,44,352,0.9318181818181818,0.11647727272727272,4.7272727272727275,50,1.874359130859375,50,1.3448351601732254
35,A number of ironclads have been preserved or reconstructed as museum ships .,8,6,50,53,9,1.3873395919799805,38.20261477895226,9,72,54,44,54,432,0.8148148148148148,0.10185185185185185,5.888888888888889,50,1.874359130859375,50,1.3510456572383485
35,A number of ironclads have been preserved or reconstructed as museum ships .,8,8,50,52,8,1.385270118713379,37.53780529698925,8,64,64,44,64,512,0.6875,0.0859375,6.5,50,1.874359130859375,50,1.353064002131408
35,A number of ironclads have been preserved or reconstructed as museum ships .,8,10,50,54,7,1.4313218593597412,37.72736344860636,7,56,70,47,70,560,0.6714285714285714,0.08392857142857142,7.714285714285714,50,1.874359130859375,50,1.3095301511693627
36,"Parts of USS Monitor have been recovered and are being conserved and displayed at the Mariners ' Museum in Newport News , Virginia",1,2,50,52,22,1.2935330867767334,40.19997673934669,22,22,44,30,44,44,0.6818181818181818,0.6818181818181818,2.3636363636363638,2,0.07486176490783691,2,0.05787386938387469
36,"Parts of USS Monitor have been recovered and are being conserved and displayed at the Mariners ' Museum in Newport News , Virginia",1,4,50,51,25,1.9644970893859863,25.96084273962468,25,25,100,26,100,100,0.26,0.26,2.04,2,0.07486176490783691,2,0.03810734325457074
36,"Parts of USS Monitor have been recovered and are being conserved and displayed at the Mariners ' Museum in Newport News , Virginia",1,6,50,11,4,0.3946371078491211,27.87370924126465,4,4,24,7,24,24,0.2916666666666667,0.2916666666666667,2.75,2,0.07486176490783691,2,0.1896977334844505
36,"Parts of USS Monitor have been recovered and are being conserved and displayed at the Mariners ' Museum in Newport News , Virginia",1,8,50,50,17,2.008419990539551,24.8951913621253,17,17,136,33,136,136,0.2426470588235294,0.2426470588235294,2.9411764705882355,2,0.07486176490783691,2,0.03727395926174073
36,"Parts of USS Monitor have been recovered and are being conserved and displayed at the Mariners ' Museum in Newport News , Virginia",1,10,50,52,20,2.7587947845458984,18.848810462920778,20,20,200,32,200,200,0.16,0.16,2.6,2,0.07486176490783691,2,0.027135677262837537
36,"Parts of USS Monitor have been recovered and are being conserved and displayed at the Mariners ' Museum in Newport News , Virginia",2,2,50,52,21,1.275254726409912,40.776167241810604,21,42,42,31,42,84,0.7380952380952381,0.36904761904761907,2.4761904761904763,2,0.07486176490783691,2,0.05870338165190512
36,"Parts of USS Monitor have been recovered and are being conserved and displayed at the Mariners ' Museum in Newport News , Virginia",2,4,50,51,15,1.2200465202331543,41.8016847343278,15,30,60,36,60,120,0.6,0.3,3.4,2,0.07486176490783691,2,0.06135976265358359
36,"Parts of USS Monitor have been recovered and are being conserved and displayed at the Mariners ' Museum in Newport News , Virginia",2,6,50,52,12,1.2384026050567627,41.98957575482212,12,24,72,40,72,144,0.5555555555555556,0.2777777777777778,4.333333333333333,2,0.07486176490783691,2,0.06045026439879428
36,"Parts of USS Monitor have been recovered and are being conserved and displayed at the Mariners ' Museum in Newport News , Virginia",2,8,50,54,16,1.9673709869384766,27.447797267780224,16,32,128,38,128,256,0.296875,0.1484375,3.375,2,0.07486176490783691,2,0.03805167678330614
36,"Parts of USS Monitor have been recovered and are being conserved and displayed at the Mariners ' Museum in Newport News , Virginia",2,10,50,50,13,1.8458411693572998,27.087921122384227,13,26,130,37,130,260,0.2846153846153846,0.1423076923076923,3.8461538461538463,2,0.07486176490783691,2,0.04055699165811916
36,"Parts of USS Monitor have been recovered and are being conserved and displayed at the Mariners ' Museum in Newport News , Virginia",4,2,50,50,17,1.30464768409729,38.32452286503381,17,68,34,33,34,136,0.9705882352941176,0.2426470588235294,2.9411764705882355,2,0.07486176490783691,2,0.05738082841854363
36,"Parts of USS Monitor have been recovered and are being conserved and displayed at the Mariners ' Museum in Newport News , Virginia",4,4,50,50,11,1.1083910465240479,45.110432962086534,11,44,44,39,44,176,0.8863636363636364,0.2215909090909091,4.545454545454546,2,0.07486176490783691,2,0.06754093254596918
36,"Parts of USS Monitor have been recovered and are being conserved and displayed at the Mariners ' Museum in Newport News , Virginia",4,6,50,53,8,0.9964234828948975,53.19023578812065,8,32,48,45,48,192,0.9375,0.234375,6.625,2,0.07486176490783691,2,0.07513047032005098
36,"Parts of USS Monitor have been recovered and are being conserved and displayed at the Mariners ' Museum in Newport News , Virginia",4,8,50,8,1,0.12176156044006348,65.70218031936245,1,4,8,7,8,32,0.875,0.21875,8.0,2,0.07486176490783691,2,0.6148226471250526
36,"Parts of USS Monitor have been recovered and are being conserved and displayed at the Mariners ' Museum in Newport News , Virginia",4,10,50,55,10,1.750121831893921,31.426383579525385,10,40,100,45,100,400,0.45,0.1125,5.5,2,0.07486176490783691,2,0.04277517344425338
36,"Parts of USS Monitor have been recovered and are being conserved and displayed at the Mariners ' Museum in Newport News , Virginia",6,2,50,51,17,1.6533372402191162,30.846701301690263,17,102,34,34,34,204,1.0,0.16666666666666666,3.0,2,0.07486176490783691,2,0.045279186294694185
36,"Parts of USS Monitor have been recovered and are being conserved and displayed at the Mariners ' Museum in Newport News , Virginia",6,4,50,50,12,1.5089161396026611,33.13636767989397,12,72,48,38,48,288,0.7916666666666666,0.13194444444444445,4.166666666666667,2,0.07486176490783691,2,0.04961293934303736
36,"Parts of USS Monitor have been recovered and are being conserved and displayed at the Mariners ' Museum in Newport News , Virginia",6,6,50,51,9,1.3191540241241455,38.661141206662,9,54,54,42,54,324,0.7777777777777778,0.12962962962962962,5.666666666666667,2,0.07486176490783691,2,0.056749828707486606
36,"Parts of USS Monitor have been recovered and are being conserved and displayed at the Mariners ' Museum in Newport News , Virginia",6,8,50,46,6,0.9803111553192139,46.92387692458855,6,36,48,40,48,288,0.8333333333333334,0.1388888888888889,7.666666666666667,2,0.07486176490783691,2,0.07636530962810481
36,"Parts of USS Monitor have been recovered and are being conserved and displayed at the Mariners ' Museum in Newport News , Virginia",6,10,50,57,9,1.746962070465088,32.62806958643646,9,54,90,48,90,540,0.5333333333333333,0.08888888888888889,6.333333333333333,2,0.07486176490783691,2,0.04285254166274298
36,"Parts of USS Monitor have been recovered and are being conserved and displayed at the Mariners ' Museum in Newport News , Virginia",8,2,50,51,17,1.968503475189209,25.908006078118795,17,136,34,34,34,272,1.0,0.125,3.0,2,0.07486176490783691,2,0.03802978549511646
36,"Parts of USS Monitor have been recovered and are being conserved and displayed at the Mariners ' Museum in Newport News , Virginia",8,4,50,53,11,1.5669260025024414,33.82418819737304,11,88,44,42,44,352,0.9545454545454546,0.11931818181818182,4.818181818181818,2,0.07486176490783691,2,0.0477761966986825
36,"Parts of USS Monitor have been recovered and are being conserved and displayed at the Mariners ' Museum in Newport News , Virginia",8,6,50,52,10,1.724543571472168,30.152905881995117,10,80,60,42,60,480,0.7,0.0875,5.2,2,0.07486176490783691,2,0.04340961060434714
36,"Parts of USS Monitor have been recovered and are being conserved and displayed at the Mariners ' Museum in Newport News , Virginia",8,8,50,57,12,2.3756046295166016,23.993891614699628,12,96,96,45,96,768,0.46875,0.05859375,4.75,2,0.07486176490783691,2,0.031512720583925666
36,"Parts of USS Monitor have been recovered and are being conserved and displayed at the Mariners ' Museum in Newport News , Virginia",8,10,50,50,10,2.173473834991455,23.004647764805767,10,80,100,40,100,800,0.4,0.05,5.0,2,0.07486176490783691,2,0.03444337065512971
37,"HMS Warrior is today a fully restored museum ship in Portsmouth , England",1,2,50,50,26,1.5129871368408203,33.04720759516969,26,26,52,24,52,52,0.46153846153846156,0.46153846153846156,1.9230769230769231,50,1.8707234859466553,50,1.2364437478647725
37,"HMS Warrior is today a fully restored museum ship in Portsmouth , England",1,4,50,52,21,1.6470727920532227,31.571160819903643,21,21,84,31,84,84,0.36904761904761907,0.36904761904761907,2.4761904761904763,50,1.8707234859466553,50,1.1357867696998578
37,"HMS Warrior is today a fully restored museum ship in Portsmouth , England",1,6,50,53,16,1.566901683807373,33.824713156997,16,16,96,37,96,96,0.3854166666666667,0.3854166666666667,3.3125,50,1.8707234859466553,50,1.1938997227962853
37,"HMS Warrior is today a fully restored museum ship in Portsmouth , England",1,8,50,51,15,1.7804205417633057,28.644917761671213,15,15,120,36,120,120,0.3,0.3,3.4,50,1.8707234859466553,50,1.050720008034683
37,"HMS Warrior is today a fully restored museum ship in Portsmouth , England",1,10,50,50,21,2.8938276767730713,17.2781539140421,21,21,210,29,210,210,0.1380952380952381,0.1380952380952381,2.380952380952381,50,1.8707234859466553,50,0.6464529664159937
37,"HMS Warrior is today a fully restored museum ship in Portsmouth , England",2,2,50,52,24,1.4112980365753174,36.84551289122756,24,48,48,28,48,96,0.5833333333333334,0.2916666666666667,2.1666666666666665,50,1.8707234859466553,50,1.325533967641724
37,"HMS Warrior is today a fully restored museum ship in Portsmouth , England",2,4,50,51,18,1.4444808959960938,35.3068013162134,18,36,72,33,72,144,0.4583333333333333,0.22916666666666666,2.8333333333333335,50,1.8707234859466553,50,1.2950835771743665
37,"HMS Warrior is today a fully restored museum ship in Portsmouth , England",2,6,50,52,11,1.1048791408538818,47.06397114150687,11,22,66,41,66,132,0.6212121212121212,0.3106060606060606,4.7272727272727275,50,1.8707234859466553,50,1.69314761839101
37,"HMS Warrior is today a fully restored museum ship in Portsmouth , England",2,8,50,50,14,1.7120742797851562,29.204340366747623,14,28,112,36,112,224,0.32142857142857145,0.16071428571428573,3.5714285714285716,50,1.8707234859466553,50,1.0926649083130946
37,"HMS Warrior is today a fully restored museum ship in Portsmouth , England",2,10,50,51,16,2.29708194732666,22.202081235871322,16,32,160,35,160,320,0.21875,0.109375,3.1875,50,1.8707234859466553,50,0.8143912706831378
37,"HMS Warrior is today a fully restored museum ship in Portsmouth , England",4,2,50,51,20,1.3849208354949951,36.825209566416625,20,80,40,31,40,160,0.775,0.19375,2.55,50,1.8707234859466553,50,1.350780086486334
37,"HMS Warrior is today a fully restored museum ship in Portsmouth , England",4,4,50,51,13,1.1994538307189941,42.519352303396985,13,52,52,38,52,208,0.7307692307692307,0.18269230769230768,3.923076923076923,50,1.8707234859466553,50,1.5596460972785247
37,"HMS Warrior is today a fully restored museum ship in Portsmouth , England",4,6,50,51,12,1.3870265483856201,36.769303413377074,12,48,72,39,72,288,0.5416666666666666,0.13541666666666666,4.25,50,1.8707234859466553,50,1.3487294011235884
37,"HMS Warrior is today a fully restored museum ship in Portsmouth , England",4,8,50,51,9,1.2564878463745117,40.58933012934119,9,36,72,42,72,288,0.5833333333333334,0.14583333333333334,5.666666666666667,50,1.8707234859466553,50,1.4888512382706032
37,"HMS Warrior is today a fully restored museum ship in Portsmouth , England",4,10,50,50,12,1.9009413719177246,26.3027575382604,12,48,120,38,120,480,0.31666666666666665,0.07916666666666666,4.166666666666667,50,1.8707234859466553,50,0.9841037254396833
37,"HMS Warrior is today a fully restored museum ship in Portsmouth , England",6,2,50,51,17,1.4580941200256348,34.977165945298076,17,102,34,34,34,204,1.0,0.16666666666666666,3.0,50,1.8707234859466553,50,1.2829922707004442
37,"HMS Warrior is today a fully restored museum ship in Portsmouth , England",6,4,50,54,13,1.4516925811767578,37.19795823178142,13,78,52,41,52,312,0.7884615384615384,0.13141025641025642,4.153846153846154,50,1.8707234859466553,50,1.2886498906195598
37,"HMS Warrior is today a fully restored museum ship in Portsmouth , England",6,6,50,7,1,0.10074949264526367,69.47925807077577,1,6,6,6,6,36,1.0,0.16666666666666666,7.0,50,1.8707234859466553,50,18.56806855130699
37,"HMS Warrior is today a fully restored museum ship in Portsmouth , England",6,8,50,40,5,0.7341976165771484,54.481244690606886,5,30,40,35,40,240,0.875,0.14583333333333334,8.0,50,1.8707234859466553,50,2.5479835996581204
37,"HMS Warrior is today a fully restored museum ship in Portsmouth , England",6,10,50,50,10,1.8145740032196045,27.55467669617488,10,60,100,40,100,600,0.4,0.06666666666666667,5.0,50,1.8707234859466553,50,1.030943616864027
37,"HMS Warrior is today a fully restored museum ship in Portsmouth , England",8,2,50,52,18,1.8203933238983154,28.565255276065077,18,144,36,34,36,288,0.9444444444444444,0.11805555555555555,2.888888888888889,50,1.8707234859466553,50,1.027647960134549
37,"HMS Warrior is today a fully restored museum ship in Portsmouth , England",8,4,50,52,12,1.4803431034088135,35.126991763097784,12,96,48,40,48,384,0.8333333333333334,0.10416666666666667,4.333333333333333,50,1.8707234859466553,50,1.263709393882341
37,"HMS Warrior is today a fully restored museum ship in Portsmouth , England",8,6,50,52,9,1.3412656784057617,38.76935109665043,9,72,54,43,54,432,0.7962962962962963,0.09953703703703703,5.777777777777778,50,1.8707234859466553,50,1.394744915988763
37,"HMS Warrior is today a fully restored museum ship in Portsmouth , England",8,8,50,52,8,1.3703827857971191,37.94560216235702,8,64,64,44,64,512,0.6875,0.0859375,6.5,50,1.8707234859466553,50,1.365110176029028
37,"HMS Warrior is today a fully restored museum ship in Portsmouth , England",8,10,50,55,11,2.331162929534912,23.593374492692792,11,88,110,44,110,880,0.4,0.05,5.0,50,1.8707234859466553,50,0.8024850868402756
38,"Huáscar is berthed at the port of Talcahuano , Chile , on display for visitors .",1,2,50,1,1,0.05745410919189453,17.40519545190472,1,1,2,0,2,2,0.0,0.0,1.0,50,1.8473403453826904,50,32.1533197775749
38,"Huáscar is berthed at the port of Talcahuano , Chile , on display for visitors .",1,4,50,50,23,1.800333023071289,27.77263948350078,23,23,92,27,92,92,0.29347826086956524,0.29347826086956524,2.1739130434782608,50,1.8473403453826904,50,1.0261103483127854
38,"Huáscar is berthed at the port of Talcahuano , Chile , on display for visitors .",1,6,50,50,18,1.7450096607208252,28.653136498594566,18,18,108,32,108,108,0.2962962962962963,0.2962962962962963,2.7777777777777777,50,1.8473403453826904,50,1.0586419015122213
38,"Huáscar is berthed at the port of Talcahuano , Chile , on display for visitors .",1,8,50,11,5,0.5840201377868652,18.834966961386503,5,5,40,6,40,40,0.15,0.15,2.2,50,1.8473403453826904,50,3.1631449428835734
38,"Huáscar is berthed at the port of Talcahuano , Chile , on display for visitors .",1,10,50,51,19,2.6005866527557373,19.610959683253526,19,19,190,32,190,190,0.16842105263157894,0.16842105263157894,2.6842105263157894,50,1.8473403453826904,50,0.7103552359715213
38,"Huáscar is berthed at the port of Talcahuano , Chile , on display for visitors .",2,2,50,52,21,1.2642793655395508,41.13015004227977,21,42,42,31,42,84,0.7380952380952381,0.36904761904761907,2.4761904761904763,50,1.8473403453826904,50,1.4611804920143654
38,"Huáscar is berthed at the port of Talcahuano , Chile , on display for visitors .",2,4,50,51,18,1.448761224746704,35.202488256073146,18,36,72,33,72,144,0.4583333333333333,0.22916666666666666,2.8333333333333335,50,1.8473403453826904,50,1.2751171924177307
38,"Huáscar is berthed at the port of Talcahuano , Chile , on display for visitors .",2,6,50,54,15,1.4964044094085693,36.08650152357053,15,30,90,39,90,180,0.43333333333333335,0.21666666666666667,3.6,50,1.8473403453826904,50,1.2345194479297366
38,"Huáscar is berthed at the port of Talcahuano , Chile , on display for visitors .",2,8,50,53,13,1.5944154262542725,33.24102309052028,13,26,104,40,104,208,0.38461538461538464,0.19230769230769232,4.076923076923077,50,1.8473403453826904,50,1.1586317561682211
38,"Huáscar is berthed at the port of Talcahuano , Chile , on display for visitors .",2,10,50,50,16,2.3138279914855957,21.60921217306972,16,32,160,34,160,320,0.2125,0.10625,3.125,50,1.8473403453826904,50,0.7983913895849292
38,"Huáscar is berthed at the port of Talcahuano , Chile , on display for visitors .",4,2,50,50,17,1.296543836593628,38.56406439088365,17,68,34,33,34,136,0.9705882352941176,0.2426470588235294,2.9411764705882355,50,1.8473403453826904,50,1.4248190406243064
38,"Huáscar is berthed at the port of Talcahuano , Chile , on display for visitors .",4,4,50,51,15,1.4736809730529785,34.60721888425071,15,60,60,36,60,240,0.6,0.15,3.4,50,1.8473403453826904,50,1.253555131105217
38,"Huáscar is berthed at the port of Talcahuano , Chile , on display for visitors .",4,6,50,53,10,1.215865135192871,43.59036085987668,10,40,60,43,60,240,0.7166666666666667,0.17916666666666667,5.3,50,1.8473403453826904,50,1.5193628733252962
38,"Huáscar is berthed at the port of Talcahuano , Chile , on display for visitors .",4,8,50,57,11,1.5709528923034668,36.28371052961472,11,44,88,46,88,352,0.5227272727272727,0.13068181818181818,5.181818181818182,50,1.8473403453826904,50,1.1759361814305969
38,"Huáscar is berthed at the port of Talcahuano , Chile , on display for visitors .",4,10,50,50,10,1.694617748260498,29.505179000588374,10,40,100,40,100,400,0.4,0.1,5.0,50,1.8473403453826904,50,1.0901221513105006
38,"Huáscar is berthed at the port of Talcahuano , Chile , on display for visitors .",6,2,50,8,4,0.2769432067871094,28.88678907422967,4,24,8,4,8,48,0.5,0.08333333333333333,2.0,50,1.8473403453826904,50,6.6704663631730465
38,"Huáscar is berthed at the port of Talcahuano , Chile , on display for visitors .",6,4,50,53,12,1.466902494430542,36.1305541446876,12,72,48,41,48,288,0.8541666666666666,0.1423611111111111,4.416666666666667,50,1.8473403453826904,50,1.2593477428776452
38,"Huáscar is berthed at the port of Talcahuano , Chile , on display for visitors .",6,6,50,43,8,1.1223931312561035,38.3109971030181,8,48,48,35,48,288,0.7291666666666666,0.12152777777777778,5.375,50,1.8473403453826904,50,1.6458942004708073
38,"Huáscar is berthed at the port of Talcahuano , Chile , on display for visitors .",6,8,50,55,7,1.171576738357544,46.945281686887675,7,42,56,48,56,336,0.8571428571428571,0.14285714285714285,7.857142857142857,50,1.8473403453826904,50,1.5767984161007775
38,"Huáscar is berthed at the port of Talcahuano , Chile , on display for visitors .",6,10,50,52,11,2.094099760055542,24.831672775045252,11,66,110,41,110,660,0.37272727272727274,0.06212121212121212,4.7272727272727275,50,1.8473403453826904,50,0.8821644415515779
38,"Huáscar is berthed at the port of Talcahuano , Chile , on display for visitors .",8,2,50,51,18,2.088714599609375,24.416930876787983,18,144,36,33,36,288,0.9166666666666666,0.11458333333333333,2.8333333333333335,50,1.8473403453826904,50,0.8844388533158979
38,"Huáscar is berthed at the port of Talcahuano , Chile , on display for visitors .",8,4,50,54,12,1.6962616443634033,31.834711454709495,12,96,48,42,48,384,0.875,0.109375,4.5,50,1.8473403453826904,50,1.0890656824796543
38,"Huáscar is berthed at the port of Talcahuano , Chile , on display for visitors .",8,6,50,50,9,1.4880199432373047,33.60170018368239,9,72,54,41,54,432,0.7592592592592593,0.09490740740740741,5.555555555555555,50,1.8473403453826904,50,1.2414755284553887
38,"Huáscar is berthed at the port of Talcahuano , Chile , on display for visitors .",8,8,50,53,8,1.5736844539642334,33.67892455599271,8,64,64,45,64,512,0.703125,0.087890625,6.625,50,1.8473403453826904,50,1.1738950211582104
38,"Huáscar is berthed at the port of Talcahuano , Chile , on display for visitors .",8,10,50,51,7,1.5109889507293701,33.75272861881734,7,56,70,44,70,560,0.6285714285714286,0.07857142857142857,7.285714285714286,50,1.8473403453826904,50,1.222603477339103
39,"The City @-@ class ironclad USS Cairo is currently on display in Vicksburg , Mississippi .",1,2,50,50,26,1.522054672241211,32.8503311424257,26,26,52,24,52,52,0.46153846153846156,0.46153846153846156,1.9230769230769231,50,1.8865721225738525,50,1.2394903790124
39,"The City @-@ class ironclad USS Cairo is currently on display in Vicksburg , Mississippi .",1,4,50,54,21,1.6592636108398438,32.54455750564412,21,21,84,33,84,84,0.39285714285714285,0.39285714285714285,2.5714285714285716,50,1.8865721225738525,50,1.1369936098453672
39,"The City @-@ class ironclad USS Cairo is currently on display in Vicksburg , Mississippi .",1,6,50,50,20,1.9676647186279297,25.410833221050712,20,20,120,30,120,120,0.25,0.25,2.5,50,1.8865721225738525,50,0.9587873913241562
39,"The City @-@ class ironclad USS Cairo is currently on display in Vicksburg , Mississippi .",1,8,50,52,16,1.8619256019592285,27.92807615152964,16,16,128,36,128,128,0.28125,0.28125,3.25,50,1.8865721225738525,50,1.0132371135499127
39,"The City @-@ class ironclad USS Cairo is currently on display in Vicksburg , Mississippi .",1,10,50,50,12,1.6408116817474365,30.472723077367935,12,12,120,38,120,120,0.31666666666666665,0.31666666666666665,4.166666666666667,50,1.8865721225738525,50,1.1497797971335049
39,"The City @-@ class ironclad USS Cairo is currently on display in Vicksburg , Mississippi .",2,2,50,51,22,1.3017475605010986,39.17810299592028,22,44,44,29,44,88,0.6590909090909091,0.32954545454545453,2.3181818181818183,50,1.8865721225738525,50,1.449261116224124
39,"The City @-@ class ironclad USS Cairo is currently on display in Vicksburg , Mississippi .",2,4,50,51,19,1.5047721862792969,33.89217348979763,19,38,76,32,76,152,0.42105263157894735,0.21052631578947367,2.6842105263157894,50,1.8865721225738525,50,1.2537260721429169
39,"The City @-@ class ironclad USS Cairo is currently on display in Vicksburg , Mississippi .",2,6,50,50,16,1.6035006046295166,31.181778077066788,16,32,96,34,96,192,0.3541666666666667,0.17708333333333334,3.125,50,1.8865721225738525,50,1.1765334650495742
39,"The City @-@ class ironclad USS Cairo is currently on display in Vicksburg , Mississippi .",2,8,50,50,11,1.3176357746124268,37.946753544018755,11,22,88,39,88,176,0.4431818181818182,0.2215909090909091,4.545454545454546,50,1.8865721225738525,50,1.4317857475665263
39,"The City @-@ class ironclad USS Cairo is currently on display in Vicksburg , Mississippi .",2,10,50,53,13,1.805082082748413,29.36154566406329,13,26,130,40,130,260,0.3076923076923077,0.15384615384615385,4.076923076923077,50,1.8865721225738525,50,1.0451447835000185
39,"The City @-@ class ironclad USS Cairo is currently on display in Vicksburg , Mississippi .",4,2,50,52,18,1.3754935264587402,37.80461267155212,18,72,36,34,36,144,0.9444444444444444,0.2361111111111111,2.888888888888889,50,1.8865721225738525,50,1.3715601609779315
39,"The City @-@ class ironclad USS Cairo is currently on display in Vicksburg , Mississippi .",4,4,50,52,14,1.3901238441467285,37.40673913259729,14,56,56,38,56,224,0.6785714285714286,0.16964285714285715,3.7142857142857144,50,1.8865721225738525,50,1.3571252162298164
39,"The City @-@ class ironclad USS Cairo is currently on display in Vicksburg , Mississippi .",4,6,50,56,13,1.5896999835968018,35.226772710468474,13,52,78,43,78,312,0.5512820512820513,0.13782051282051283,4.3076923076923075,50,1.8865721225738525,50,1.1867472743538425
39,"The City @-@ class ironclad USS Cairo is currently on display in Vicksburg , Mississippi .",4,8,50,50,9,1.2867052555084229,38.85893819579001,9,36,72,41,72,288,0.5694444444444444,0.1423611111111111,5.555555555555555,50,1.8865721225738525,50,1.4662037902599543
39,"The City @-@ class ironclad USS Cairo is currently on display in Vicksburg , Mississippi .",4,10,50,50,12,1.9202485084533691,26.038296491255515,12,48,120,38,120,480,0.31666666666666665,0.07916666666666666,4.166666666666667,50,1.8865721225738525,50,0.9824624855943043
39,"The City @-@ class ironclad USS Cairo is currently on display in Vicksburg , Mississippi .",6,2,50,50,18,1.7136666774749756,29.177202694793102,18,108,36,32,36,216,0.8888888888888888,0.14814814814814814,2.7777777777777777,50,1.8865721225738525,50,1.100897944373667
39,"The City @-@ class ironclad USS Cairo is currently on display in Vicksburg , Mississippi .",6,4,50,36,9,0.9762020111083984,36.8776130251206,9,54,36,27,36,216,0.75,0.125,4.0,50,1.8865721225738525,50,1.9325632411183034
39,"The City @-@ class ironclad USS Cairo is currently on display in Vicksburg , Mississippi .",6,6,50,54,12,1.6944096088409424,31.8695076551995,12,72,72,42,72,432,0.5833333333333334,0.09722222222222222,4.5,50,1.8865721225738525,50,1.1134097167120993
39,"The City @-@ class ironclad USS Cairo is currently on display in Vicksburg , Mississippi .",6,8,50,52,12,1.966132402420044,26.447862786857595,12,72,96,40,96,576,0.4166666666666667,0.06944444444444445,4.333333333333333,50,1.8865721225738525,50,0.9595346276027681
39,"The City @-@ class ironclad USS Cairo is currently on display in Vicksburg , Mississippi .",6,10,50,56,11,2.144800901412964,26.10964960109258,11,66,110,45,110,660,0.4090909090909091,0.06818181818181818,5.090909090909091,50,1.8865721225738525,50,0.8796024476355853
39,"The City @-@ class ironclad USS Cairo is currently on display in Vicksburg , Mississippi .",8,2,50,9,3,0.2376418113708496,37.87212337796541,3,24,6,6,6,48,1.0,0.125,3.0,50,1.8865721225738525,50,7.938721354171892
39,"The City @-@ class ironclad USS Cairo is currently on display in Vicksburg , Mississippi .",8,4,50,53,11,1.5051922798156738,35.211448205468066,11,88,44,42,44,352,0.9545454545454546,0.11931818181818182,4.818181818181818,50,1.8865721225738525,50,1.2533761618847012
39,"The City @-@ class ironclad USS Cairo is currently on display in Vicksburg , Mississippi .",8,6,50,55,9,1.4854977130889893,37.02462785057496,9,72,54,46,54,432,0.8518518518518519,0.10648148148148148,6.111111111111111,50,1.8865721225738525,50,1.2699932863921122
39,"The City @-@ class ironclad USS Cairo is currently on display in Vicksburg , Mississippi .",8,8,50,9,1,0.14869427680969238,60.526875634350915,1,8,8,8,8,64,1.0,0.125,9.0,50,1.8865721225738525,50,12.68759069314011
39,"The City @-@ class ironclad USS Cairo is currently on display in Vicksburg , Mississippi .",8,10,50,60,7,1.545724630355835,38.81674576550394,7,56,70,53,70,560,0.7571428571428571,0.09464285714285714,8.571428571428571,50,1.8865721225738525,50,1.2205098408372728
40,Northrop Grumman in Newport News constructed a full @-@ scale replica of USS Monitor . The replica was laid down in February 2005 and completed just two months later .,1,2,50,52,25,1.468888521194458,35.40091657719205,25,25,50,27,50,50,0.54,0.54,2.08,50,1.8805584907531738,50,1.2802595048016017
40,Northrop Grumman in Newport News constructed a full @-@ scale replica of USS Monitor . The replica was laid down in February 2005 and completed just two months later .,1,4,50,50,20,1.5864741802215576,31.516428457106876,20,20,80,30,80,80,0.375,0.375,2.5,50,1.8805584907531738,50,1.1853697426645458
40,Northrop Grumman in Newport News constructed a full @-@ scale replica of USS Monitor . The replica was laid down in February 2005 and completed just two months later .,1,6,50,51,23,2.276806116104126,22.399799279908294,23,23,138,28,138,138,0.2028985507246377,0.2028985507246377,2.217391304347826,50,1.8805584907531738,50,0.8259633868038896
40,Northrop Grumman in Newport News constructed a full @-@ scale replica of USS Monitor . The replica was laid down in February 2005 and completed just two months later .,1,8,50,53,16,1.8979625701904297,27.92468135695759,16,16,128,37,128,128,0.2890625,0.2890625,3.3125,50,1.8805584907531738,50,0.9908301250453482
40,Northrop Grumman in Newport News constructed a full @-@ scale replica of USS Monitor . The replica was laid down in February 2005 and completed just two months later .,1,10,50,50,21,2.915616273880005,17.149033104230025,21,21,210,29,210,210,0.1380952380952381,0.1380952380952381,2.380952380952381,50,1.8805584907531738,50,0.6449951962473407
40,Northrop Grumman in Newport News constructed a full @-@ scale replica of USS Monitor . The replica was laid down in February 2005 and completed just two months later .,2,2,50,52,21,1.31864595413208,39.434390889422545,21,42,42,31,42,84,0.7380952380952381,0.36904761904761907,2.4761904761904763,50,1.8805584907531738,50,1.4261284348996763
40,Northrop Grumman in Newport News constructed a full @-@ scale replica of USS Monitor . The replica was laid down in February 2005 and completed just two months later .,2,4,50,50,16,1.3447635173797607,37.181258528952206,16,32,64,34,64,128,0.53125,0.265625,3.125,50,1.8805584907531738,50,1.3984306284701988
40,Northrop Grumman in Newport News constructed a full @-@ scale replica of USS Monitor . The replica was laid down in February 2005 and completed just two months later .,2,6,50,4,1,0.10036873817443848,39.85304660349615,1,2,6,3,6,12,0.5,0.25,4.0,50,1.8805584907531738,50,18.736496293146658
40,Northrop Grumman in Newport News constructed a full @-@ scale replica of USS Monitor . The replica was laid down in February 2005 and completed just two months later .,2,8,50,53,13,1.662517786026001,31.879358191221844,13,26,104,40,104,208,0.38461538461538464,0.19230769230769232,4.076923076923077,50,1.8805584907531738,50,1.131150900495547
40,Northrop Grumman in Newport News constructed a full @-@ scale replica of USS Monitor . The replica was laid down in February 2005 and completed just two months later .,2,10,50,22,6,0.8515098094940186,25.836461018661392,6,12,60,16,60,120,0.26666666666666666,0.13333333333333333,3.6666666666666665,50,1.8805584907531738,50,2.208498915438958
40,Northrop Grumman in Newport News constructed a full @-@ scale replica of USS Monitor . The replica was laid down in February 2005 and completed just two months later .,4,2,50,52,18,1.5682063102722168,33.1589024093224,18,72,36,34,36,144,0.9444444444444444,0.2361111111111111,2.888888888888889,50,1.8805584907531738,50,1.199177989805906
40,Northrop Grumman in Newport News constructed a full @-@ scale replica of USS Monitor . The replica was laid down in February 2005 and completed just two months later .,4,4,50,52,14,1.519812822341919,34.21473962818122,14,56,56,38,56,224,0.6785714285714286,0.16964285714285715,3.7142857142857144,50,1.8805584907531738,50,1.2373619060901015
40,Northrop Grumman in Newport News constructed a full @-@ scale replica of USS Monitor . The replica was laid down in February 2005 and completed just two months later .,4,6,50,53,14,1.8917481899261475,28.0164137501139,14,56,84,39,84,336,0.4642857142857143,0.11607142857142858,3.7857142857142856,50,1.8805584907531738,50,0.9940849954383144
40,Northrop Grumman in Newport News constructed a full @-@ scale replica of USS Monitor . The replica was laid down in February 2005 and completed just two months later .,4,8,50,53,11,1.7348551750183105,30.550100528962375,11,44,88,42,88,352,0.4772727272727273,0.11931818181818182,4.818181818181818,50,1.8805584907531738,50,1.083985866851004
40,Northrop Grumman in Newport News constructed a full @-@ scale replica of USS Monitor . The replica was laid down in February 2005 and completed just two months later .,4,10,50,52,9,1.6121389865875244,32.255283466638545,9,36,90,43,90,360,0.4777777777777778,0.11944444444444445,5.777777777777778,50,1.8805584907531738,50,1.1664989845161076
40,Northrop Grumman in Newport News constructed a full @-@ scale replica of USS Monitor . The replica was laid down in February 2005 and completed just two months later .,6,2,50,50,17,1.8673501014709473,26.775910934223877,17,102,34,33,34,204,0.9705882352941176,0.16176470588235295,2.9411764705882355,50,1.8805584907531738,50,1.0070733331001092
40,Northrop Grumman in Newport News constructed a full @-@ scale replica of USS Monitor . The replica was laid down in February 2005 and completed just two months later .,6,4,50,53,11,1.487579584121704,35.628345915551286,11,66,44,42,44,264,0.9545454545454546,0.1590909090909091,4.818181818181818,50,1.8805584907531738,50,1.2641733664713422
40,Northrop Grumman in Newport News constructed a full @-@ scale replica of USS Monitor . The replica was laid down in February 2005 and completed just two months later .,6,6,50,53,9,1.4198682308197021,37.327407466115815,9,54,54,44,54,324,0.8148148148148148,0.13580246913580246,5.888888888888889,50,1.8805584907531738,50,1.3244598688341038
40,Northrop Grumman in Newport News constructed a full @-@ scale replica of USS Monitor . The replica was laid down in February 2005 and completed just two months later .,6,8,50,57,9,1.7188489437103271,33.16172733420026,9,54,72,48,72,432,0.6666666666666666,0.1111111111111111,6.333333333333333,50,1.8805584907531738,50,1.0940801387082792
40,Northrop Grumman in Newport News constructed a full @-@ scale replica of USS Monitor . The replica was laid down in February 2005 and completed just two months later .,6,10,50,53,10,2.150785446166992,24.642160423046192,10,60,100,43,100,600,0.43,0.07166666666666667,5.3,50,1.8805584907531738,50,0.8743589436615347
40,Northrop Grumman in Newport News constructed a full @-@ scale replica of USS Monitor . The replica was laid down in February 2005 and completed just two months later .,8,2,50,51,19,2.487659215927124,20.501200354724972,19,152,38,32,38,304,0.8421052631578947,0.10526315789473684,2.6842105263157894,50,1.8805584907531738,50,0.7559550274060789
40,Northrop Grumman in Newport News constructed a full @-@ scale replica of USS Monitor . The replica was laid down in February 2005 and completed just two months later .,8,4,50,52,11,1.7865126132965088,29.106987329940292,11,88,44,41,44,352,0.9318181818181818,0.11647727272727272,4.7272727272727275,50,1.8805584907531738,50,1.0526421569916204
40,Northrop Grumman in Newport News constructed a full @-@ scale replica of USS Monitor . The replica was laid down in February 2005 and completed just two months later .,8,6,50,52,9,1.6612095832824707,31.30249218599527,9,72,54,43,54,432,0.7962962962962963,0.09953703703703703,5.777777777777778,50,1.8805584907531738,50,1.1320416819636208
40,Northrop Grumman in Newport News constructed a full @-@ scale replica of USS Monitor . The replica was laid down in February 2005 and completed just two months later .,8,8,50,50,7,1.5511128902435303,32.23492004643828,7,56,56,43,56,448,0.7678571428571429,0.09598214285714286,7.142857142857143,50,1.8805584907531738,50,1.2123930518415842
40,Northrop Grumman in Newport News constructed a full @-@ scale replica of USS Monitor . The replica was laid down in February 2005 and completed just two months later .,8,10,50,53,8,1.8790175914764404,28.206228744434043,8,64,80,45,80,640,0.5625,0.0703125,6.625,50,1.8805584907531738,50,1.0008200558013525
41,The Dutch Ramtorenschip ( Coastal ram ) Zr . Ms. Buffel is currently under display in the Maritime Museum Rotterdam .,1,2,50,50,25,1.442326545715332,34.66621352046332,25,25,50,25,50,50,0.5,0.5,2.0,50,1.849228858947754,50,1.2821152494497117
41,The Dutch Ramtorenschip ( Coastal ram ) Zr . Ms. Buffel is currently under display in the Maritime Museum Rotterdam .,1,4,50,50,18,1.3900160789489746,35.970806926065364,18,18,72,32,72,72,0.4444444444444444,0.4444444444444444,2.7777777777777777,50,1.849228858947754,50,1.3303650849463564
41,The Dutch Ramtorenschip ( Coastal ram ) Zr . Ms. Buffel is currently under display in the Maritime Museum Rotterdam .,1,6,50,55,22,2.135136604309082,25.75947594594196,22,22,132,33,132,132,0.25,0.25,2.5,50,1.849228858947754,50,0.8660939329201158
41,The Dutch Ramtorenschip ( Coastal ram ) Zr . Ms. Buffel is currently under display in the Maritime Museum Rotterdam .,1,8,50,50,15,1.7747879028320312,28.17238044062332,15,15,120,35,120,120,0.2916666666666667,0.2916666666666667,3.3333333333333335,50,1.849228858947754,50,1.0419435787211178
41,The Dutch Ramtorenschip ( Coastal ram ) Zr . Ms. Buffel is currently under display in the Maritime Museum Rotterdam .,1,10,50,52,20,2.734549045562744,19.015932475001154,20,20,200,32,200,200,0.16,0.16,2.6,50,1.849228858947754,50,0.6762463675494985
41,The Dutch Ramtorenschip ( Coastal ram ) Zr . Ms. Buffel is currently under display in the Maritime Museum Rotterdam .,2,2,50,50,21,1.2916271686553955,38.710861162862344,21,42,42,29,42,84,0.6904761904761905,0.34523809523809523,2.380952380952381,50,1.849228858947754,50,1.431704832341697
41,The Dutch Ramtorenschip ( Coastal ram ) Zr . Ms. Buffel is currently under display in the Maritime Museum Rotterdam .,2,4,50,51,15,1.245396614074707,40.95080990555888,15,30,60,36,60,120,0.6,0.3,3.4,50,1.849228858947754,50,1.4848513622479025
41,The Dutch Ramtorenschip ( Coastal ram ) Zr . Ms. Buffel is currently under display in the Maritime Museum Rotterdam .,2,6,50,45,12,1.226383924484253,36.69324026643975,12,24,72,33,72,144,0.4583333333333333,0.22916666666666666,3.75,50,1.849228858947754,50,1.5078710850889814
41,The Dutch Ramtorenschip ( Coastal ram ) Zr . Ms. Buffel is currently under display in the Maritime Museum Rotterdam .,2,8,50,53,15,1.8616294860839844,28.469682284356015,15,30,120,38,120,240,0.31666666666666665,0.15833333333333333,3.533333333333333,50,1.849228858947754,50,0.9933388317982029
41,The Dutch Ramtorenschip ( Coastal ram ) Zr . Ms. Buffel is currently under display in the Maritime Museum Rotterdam .,2,10,50,58,16,2.3454790115356445,24.728424221552054,16,32,160,42,160,320,0.2625,0.13125,3.625,50,1.849228858947754,50,0.7884226845999431
41,The Dutch Ramtorenschip ( Coastal ram ) Zr . Ms. Buffel is currently under display in the Maritime Museum Rotterdam .,4,2,50,3,1,0.06026172637939453,49.78284195033946,1,4,2,2,2,8,1.0,0.25,3.0,50,1.849228858947754,50,30.686622671667536
41,The Dutch Ramtorenschip ( Coastal ram ) Zr . Ms. Buffel is currently under display in the Maritime Museum Rotterdam .,4,4,50,52,14,1.5142931938171387,34.33945302819565,14,56,56,38,56,224,0.6785714285714286,0.16964285714285715,3.7142857142857144,50,1.849228858947754,50,1.2211828373119276
41,The Dutch Ramtorenschip ( Coastal ram ) Zr . Ms. Buffel is currently under display in the Maritime Museum Rotterdam .,4,6,50,53,12,1.5055036544799805,35.2041656240993,12,48,72,41,72,288,0.5694444444444444,0.1423611111111111,4.416666666666667,50,1.849228858947754,50,1.2283124344766205
41,The Dutch Ramtorenschip ( Coastal ram ) Zr . Ms. Buffel is currently under display in the Maritime Museum Rotterdam .,4,8,50,50,11,1.5973715782165527,31.301420835235113,11,44,88,39,88,352,0.4431818181818182,0.11079545454545454,4.545454545454546,50,1.849228858947754,50,1.1576698146917055
41,The Dutch Ramtorenschip ( Coastal ram ) Zr . Ms. Buffel is currently under display in the Maritime Museum Rotterdam .,4,10,50,50,11,1.929809808731079,25.90928897437662,11,44,110,39,110,440,0.35454545454545455,0.08863636363636364,4.545454545454546,50,1.849228858947754,50,0.9582440977246819
41,The Dutch Ramtorenschip ( Coastal ram ) Zr . Ms. Buffel is currently under display in the Maritime Museum Rotterdam .,6,2,50,50,17,1.7583634853363037,28.435531343189275,17,102,34,33,34,204,0.9705882352941176,0.16176470588235295,2.9411764705882355,50,1.849228858947754,50,1.0516761035867799
41,The Dutch Ramtorenschip ( Coastal ram ) Zr . Ms. Buffel is currently under display in the Maritime Museum Rotterdam .,6,4,50,5,1,0.10465741157531738,47.774925107924325,1,6,4,4,4,24,1.0,0.16666666666666666,5.0,50,1.849228858947754,50,17.66935404872826
41,The Dutch Ramtorenschip ( Coastal ram ) Zr . Ms. Buffel is currently under display in the Maritime Museum Rotterdam .,6,6,50,53,10,1.5491490364074707,34.21233125697758,10,60,60,43,60,360,0.7166666666666667,0.11944444444444445,5.3,50,1.849228858947754,50,1.193706231929872
41,The Dutch Ramtorenschip ( Coastal ram ) Zr . Ms. Buffel is currently under display in the Maritime Museum Rotterdam .,6,8,50,52,11,1.9608700275421143,26.518840754162724,11,66,88,41,88,528,0.4659090909090909,0.07765151515151515,4.7272727272727275,50,1.849228858947754,50,0.9430654928545678
41,The Dutch Ramtorenschip ( Coastal ram ) Zr . Ms. Buffel is currently under display in the Maritime Museum Rotterdam .,6,10,50,50,7,1.3998019695281982,35.719338226715344,7,42,70,43,70,420,0.6142857142857143,0.10238095238095238,7.142857142857143,50,1.849228858947754,50,1.3210646214271542
41,The Dutch Ramtorenschip ( Coastal ram ) Zr . Ms. Buffel is currently under display in the Maritime Museum Rotterdam .,8,2,50,50,17,2.1230530738830566,23.550989193383742,17,136,34,33,34,272,0.9705882352941176,0.1213235294117647,2.9411764705882355,50,1.849228858947754,50,0.8710233774634379
41,The Dutch Ramtorenschip ( Coastal ram ) Zr . Ms. Buffel is currently under display in the Maritime Museum Rotterdam .,8,4,50,15,3,0.3682217597961426,40.73632152620313,3,24,12,12,12,96,1.0,0.125,5.0,50,1.849228858947754,50,5.022052091575295
41,The Dutch Ramtorenschip ( Coastal ram ) Zr . Ms. Buffel is currently under display in the Maritime Museum Rotterdam .,8,6,50,54,9,1.6204736232757568,33.323590846755046,9,72,54,45,54,432,0.8333333333333334,0.10416666666666667,6.0,50,1.849228858947754,50,1.141165664399753
41,The Dutch Ramtorenschip ( Coastal ram ) Zr . Ms. Buffel is currently under display in the Maritime Museum Rotterdam .,8,8,50,6,1,0.16489553451538086,36.3866736454306,1,8,8,5,8,64,0.625,0.078125,6.0,50,1.849228858947754,50,11.214547831040655
41,The Dutch Ramtorenschip ( Coastal ram ) Zr . Ms. Buffel is currently under display in the Maritime Museum Rotterdam .,8,10,50,32,7,1.4820847511291504,21.591207908738202,7,56,70,25,70,560,0.35714285714285715,0.044642857142857144,4.571428571428571,50,1.849228858947754,50,1.2477213988868645
42,The Dutch Ramtorenschip ( Coastal ram ) Zr . Ms. Schorpioen is a museum ship at Den Helder .,1,2,50,52,30,1.7735803127288818,29.31922486216105,30,30,60,22,60,60,0.36666666666666664,0.36666666666666664,1.7333333333333334,50,1.8792338371276855,50,1.059570758448622
42,The Dutch Ramtorenschip ( Coastal ram ) Zr . Ms. Schorpioen is a museum ship at Den Helder .,1,4,50,42,16,1.2694895267486572,33.08416423691809,16,16,64,26,64,64,0.40625,0.40625,2.625,50,1.8792338371276855,50,1.4803066882644318
42,The Dutch Ramtorenschip ( Coastal ram ) Zr . Ms. Schorpioen is a museum ship at Den Helder .,1,6,50,55,28,2.7224254608154297,20.202573327214704,28,28,168,27,168,168,0.16071428571428573,0.16071428571428573,1.9642857142857142,50,1.8792338371276855,50,0.6902792617010022
42,The Dutch Ramtorenschip ( Coastal ram ) Zr . Ms. Schorpioen is a museum ship at Den Helder .,1,8,50,51,19,2.236931085586548,22.799093064875194,19,19,152,32,152,152,0.21052631578947367,0.21052631578947367,2.6842105263157894,50,1.8792338371276855,50,0.8400946498693453
42,The Dutch Ramtorenschip ( Coastal ram ) Zr . Ms. Schorpioen is a museum ship at Den Helder .,1,10,50,57,21,2.891725778579712,19.711412618106507,21,21,210,36,210,210,0.17142857142857143,0.17142857142857143,2.7142857142857144,50,1.8792338371276855,50,0.6498658520970416
42,The Dutch Ramtorenschip ( Coastal ram ) Zr . Ms. Schorpioen is a museum ship at Den Helder .,2,2,50,52,21,1.294098138809204,40.18242391403875,21,42,42,31,42,84,0.7380952380952381,0.36904761904761907,2.4761904761904763,50,1.8792338371276855,50,1.4521571284051984
42,The Dutch Ramtorenschip ( Coastal ram ) Zr . Ms. Schorpioen is a museum ship at Den Helder .,2,4,50,51,13,1.0722401142120361,47.56397314744999,13,26,52,38,52,104,0.7307692307692307,0.36538461538461536,3.923076923076923,50,1.8792338371276855,50,1.7526240738611891
42,The Dutch Ramtorenschip ( Coastal ram ) Zr . Ms. Schorpioen is a museum ship at Den Helder .,2,6,50,54,15,1.5532777309417725,34.76519293639721,15,30,90,39,90,180,0.43333333333333335,0.21666666666666667,3.6,50,1.8792338371276855,50,1.209850498525001
42,The Dutch Ramtorenschip ( Coastal ram ) Zr . Ms. Schorpioen is a museum ship at Den Helder .,2,8,50,50,16,2.006324052810669,24.921198512251678,16,32,128,34,128,256,0.265625,0.1328125,3.125,50,1.8792338371276855,50,0.9366551901199898
42,The Dutch Ramtorenschip ( Coastal ram ) Zr . Ms. Schorpioen is a museum ship at Den Helder .,2,10,50,51,14,2.027620553970337,25.152635141785066,14,28,140,37,140,280,0.2642857142857143,0.13214285714285715,3.642857142857143,50,1.8792338371276855,50,0.9268173147327337
42,The Dutch Ramtorenschip ( Coastal ram ) Zr . Ms. Schorpioen is a museum ship at Den Helder .,4,2,50,50,17,1.3830647468566895,36.151597467606415,17,68,34,33,34,136,0.9705882352941176,0.2426470588235294,2.9411764705882355,50,1.8792338371276855,50,1.3587461045469105
42,The Dutch Ramtorenschip ( Coastal ram ) Zr . Ms. Schorpioen is a museum ship at Den Helder .,4,4,50,51,13,1.3410491943359375,38.02992478978688,13,52,52,38,52,208,0.7307692307692307,0.18269230769230768,3.923076923076923,50,1.8792338371276855,50,1.4013161076154608
42,The Dutch Ramtorenschip ( Coastal ram ) Zr . Ms. Schorpioen is a museum ship at Den Helder .,4,6,50,51,11,1.4146380424499512,36.0516248465051,11,44,66,40,66,264,0.6060606060606061,0.15151515151515152,4.636363636363637,50,1.8792338371276855,50,1.328420260685992
42,The Dutch Ramtorenschip ( Coastal ram ) Zr . Ms. Schorpioen is a museum ship at Den Helder .,4,8,50,50,9,1.333726167678833,37.488954788236725,9,36,72,41,72,288,0.5694444444444444,0.1423611111111111,5.555555555555555,50,1.8792338371276855,50,1.4090102471320882
42,The Dutch Ramtorenschip ( Coastal ram ) Zr . Ms. Schorpioen is a museum ship at Den Helder .,4,10,50,55,13,2.225400447845459,24.71465306536122,13,52,130,42,130,520,0.3230769230769231,0.08076923076923077,4.230769230769231,50,1.8792338371276855,50,0.8444474966054232
42,The Dutch Ramtorenschip ( Coastal ram ) Zr . Ms. Schorpioen is a museum ship at Den Helder .,6,2,50,50,17,1.7467355728149414,28.62482494669917,17,102,34,33,34,204,0.9705882352941176,0.16176470588235295,2.9411764705882355,50,1.8792338371276855,50,1.0758547924338755
42,The Dutch Ramtorenschip ( Coastal ram ) Zr . Ms. Schorpioen is a museum ship at Den Helder .,6,4,50,5,1,0.10372781753540039,48.20307723425871,1,6,4,4,4,24,1.0,0.16666666666666666,5.0,50,1.8792338371276855,50,18.116970758459637
42,The Dutch Ramtorenschip ( Coastal ram ) Zr . Ms. Schorpioen is a museum ship at Den Helder .,6,6,50,50,9,1.341538429260254,37.27064309858854,9,54,54,41,54,324,0.7592592592592593,0.12654320987654322,5.555555555555555,50,1.8792338371276855,50,1.400805072847541
42,The Dutch Ramtorenschip ( Coastal ram ) Zr . Ms. Schorpioen is a museum ship at Den Helder .,6,8,50,57,9,1.5790762901306152,36.09705266063185,9,54,72,48,72,432,0.6666666666666666,0.1111111111111111,6.333333333333333,50,1.8792338371276855,50,1.190084259305953
42,The Dutch Ramtorenschip ( Coastal ram ) Zr . Ms. Schorpioen is a museum ship at Den Helder .,6,10,50,53,10,2.0220742225646973,26.210709482650675,10,60,100,43,100,600,0.43,0.07166666666666667,5.3,50,1.8792338371276855,50,0.9293594746211441
42,The Dutch Ramtorenschip ( Coastal ram ) Zr . Ms. Schorpioen is a museum ship at Den Helder .,8,2,50,51,17,2.112579107284546,24.141107816575005,17,136,34,34,34,272,1.0,0.125,3.0,50,1.8792338371276855,50,0.8895448367579493
42,The Dutch Ramtorenschip ( Coastal ram ) Zr . Ms. Schorpioen is a museum ship at Den Helder .,8,4,50,51,12,1.823197603225708,27.97283185858067,12,96,48,39,48,384,0.8125,0.1015625,4.25,50,1.8792338371276855,50,1.030735140175061
42,The Dutch Ramtorenschip ( Coastal ram ) Zr . Ms. Schorpioen is a museum ship at Den Helder .,8,6,50,50,9,1.6001319885253906,31.24742231175426,9,72,54,41,54,432,0.7592592592592593,0.09490740740740741,5.555555555555555,50,1.8792338371276855,50,1.1744242666253442
42,The Dutch Ramtorenschip ( Coastal ram ) Zr . Ms. Schorpioen is a museum ship at Den Helder .,8,8,50,51,10,2.0875680446624756,24.43034138714546,10,80,80,41,80,640,0.5125,0.0640625,5.1,50,1.8792338371276855,50,0.9002024350451896
42,The Dutch Ramtorenschip ( Coastal ram ) Zr . Ms. Schorpioen is a museum ship at Den Helder .,8,10,50,20,3,0.6000292301177979,33.331709517007354,3,24,30,17,30,240,0.5666666666666667,0.07083333333333333,6.666666666666667,50,1.8792338371276855,50,3.1319038186835564
43,"The complete , recovered wooden hull of the CSS Neuse , a casemate ram ironclad , is on view in Kinston , North Carolina , and , in another part of town on the Neuse River , the recreated ship , named CSS Neuse II , is nearly built and can be visited .",1,2,50,50,26,1.518784523010254,32.921062364330155,26,26,52,24,52,52,0.46153846153846156,0.46153846153846156,1.9230769230769231,50,1.8764450550079346,50,1.2354912935831028
43,"The complete , recovered wooden hull of the CSS Neuse , a casemate ram ironclad , is on view in Kinston , North Carolina , and , in another part of town on the Neuse River , the recreated ship , named CSS Neuse II , is nearly built and can be visited .",1,4,50,51,24,1.88848876953125,27.005720564946188,24,24,96,27,96,96,0.28125,0.28125,2.125,50,1.8764450550079346,50,0.9936225649219482
43,"The complete , recovered wooden hull of the CSS Neuse , a casemate ram ironclad , is on view in Kinston , North Carolina , and , in another part of town on the Neuse River , the recreated ship , named CSS Neuse II , is nearly built and can be visited .",1,6,50,54,22,2.203038215637207,24.51160384631868,22,22,132,32,132,132,0.24242424242424243,0.24242424242424243,2.4545454545454546,50,1.8764450550079346,50,0.851753293106262
43,"The complete , recovered wooden hull of the CSS Neuse , a casemate ram ironclad , is on view in Kinston , North Carolina , and , in another part of town on the Neuse River , the recreated ship , named CSS Neuse II , is nearly built and can be visited .",1,8,50,50,24,2.860729217529297,17.478061080937643,24,24,192,26,192,192,0.13541666666666666,0.13541666666666666,2.0833333333333335,50,1.8764450550079346,50,0.6559324257290415
43,"The complete , recovered wooden hull of the CSS Neuse , a casemate ram ironclad , is on view in Kinston , North Carolina , and , in another part of town on the Neuse River , the recreated ship , named CSS Neuse II , is nearly built and can be visited .",1,10,50,50,23,3.2219605445861816,15.51850164149724,23,23,230,27,230,230,0.11739130434782609,0.11739130434782609,2.1739130434782608,50,1.8764450550079346,50,0.5823923133264002
43,"The complete , recovered wooden hull of the CSS Neuse , a casemate ram ironclad , is on view in Kinston , North Carolina , and , in another part of town on the Neuse River , the recreated ship , named CSS Neuse II , is nearly built and can be visited .",2,2,50,50,20,1.4375898838043213,34.78043394941265,20,40,40,30,40,80,0.75,0.375,2.5,50,1.8764450550079346,50,1.305271465908109
43,"The complete , recovered wooden hull of the CSS Neuse , a casemate ram ironclad , is on view in Kinston , North Carolina , and , in another part of town on the Neuse River , the recreated ship , named CSS Neuse II , is nearly built and can be visited .",2,4,50,53,13,1.2329764366149902,42.98541190738895,13,26,52,40,52,104,0.7692307692307693,0.38461538461538464,4.076923076923077,50,1.8764450550079346,50,1.5218823322848902
43,"The complete , recovered wooden hull of the CSS Neuse , a casemate ram ironclad , is on view in Kinston , North Carolina , and , in another part of town on the Neuse River , the recreated ship , named CSS Neuse II , is nearly built and can be visited .",2,6,50,53,14,1.6475071907043457,32.169814067604364,14,28,84,39,84,168,0.4642857142857143,0.23214285714285715,3.7857142857142856,50,1.8764450550079346,50,1.1389601608996394
43,"The complete , recovered wooden hull of the CSS Neuse , a casemate ram ironclad , is on view in Kinston , North Carolina , and , in another part of town on the Neuse River , the recreated ship , named CSS Neuse II , is nearly built and can be visited .",2,8,50,57,12,1.6402156352996826,34.75152825840827,12,24,96,45,96,192,0.46875,0.234375,4.75,50,1.8764450550079346,50,1.1440233921834861
43,"The complete , recovered wooden hull of the CSS Neuse , a casemate ram ironclad , is on view in Kinston , North Carolina , and , in another part of town on the Neuse River , the recreated ship , named CSS Neuse II , is nearly built and can be visited .",2,10,50,50,15,2.3857266902923584,20.957974860847433,15,30,150,35,150,300,0.23333333333333334,0.11666666666666667,3.3333333333333335,50,1.8764450550079346,50,0.7865297658123555
43,"The complete , recovered wooden hull of the CSS Neuse , a casemate ram ironclad , is on view in Kinston , North Carolina , and , in another part of town on the Neuse River , the recreated ship , named CSS Neuse II , is nearly built and can be visited .",4,2,50,52,19,2.048921823501587,25.37920158961093,19,76,38,33,38,152,0.868421052631579,0.21710526315789475,2.736842105263158,50,1.8764450550079346,50,0.915820717747595
43,"The complete , recovered wooden hull of the CSS Neuse , a casemate ram ironclad , is on view in Kinston , North Carolina , and , in another part of town on the Neuse River , the recreated ship , named CSS Neuse II , is nearly built and can be visited .",4,4,50,5,1,0.11899423599243164,42.01884199095168,1,4,4,4,4,16,1.0,0.25,5.0,50,1.8764450550079346,50,15.769209654216207
43,"The complete , recovered wooden hull of the CSS Neuse , a casemate ram ironclad , is on view in Kinston , North Carolina , and , in another part of town on the Neuse River , the recreated ship , named CSS Neuse II , is nearly built and can be visited .",4,6,50,52,13,1.987100601196289,26.168780769677475,13,52,78,39,78,312,0.5,0.125,4.0,50,1.8764450550079346,50,0.9443130629009236
43,"The complete , recovered wooden hull of the CSS Neuse , a casemate ram ironclad , is on view in Kinston , North Carolina , and , in another part of town on the Neuse River , the recreated ship , named CSS Neuse II , is nearly built and can be visited .",4,8,50,41,8,1.3984875679016113,29.31738611128254,8,32,64,33,64,256,0.515625,0.12890625,5.125,50,1.8764450550079346,50,1.341767419372547
43,"The complete , recovered wooden hull of the CSS Neuse , a casemate ram ironclad , is on view in Kinston , North Carolina , and , in another part of town on the Neuse River , the recreated ship , named CSS Neuse II , is nearly built and can be visited .",4,10,50,50,13,2.6258301734924316,19.041597017486673,13,52,130,37,130,520,0.2846153846153846,0.07115384615384615,3.8461538461538463,50,1.8764450550079346,50,0.714610211258334
43,"The complete , recovered wooden hull of the CSS Neuse , a casemate ram ironclad , is on view in Kinston , North Carolina , and , in another part of town on the Neuse River , the recreated ship , named CSS Neuse II , is nearly built and can be visited .",6,2,50,50,18,2.504956007003784,19.960430386881626,18,108,36,32,36,216,0.8888888888888888,0.14814814814814814,2.7777777777777777,50,1.8764450550079346,50,0.7490930179058829
43,"The complete , recovered wooden hull of the CSS Neuse , a casemate ram ironclad , is on view in Kinston , North Carolina , and , in another part of town on the Neuse River , the recreated ship , named CSS Neuse II , is nearly built and can be visited .",6,4,50,50,13,2.165607213973999,23.088212708826116,13,78,52,37,52,312,0.7115384615384616,0.11858974358974358,3.8461538461538463,50,1.8764450550079346,50,0.8664752513289623
43,"The complete , recovered wooden hull of the CSS Neuse , a casemate ram ironclad , is on view in Kinston , North Carolina , and , in another part of town on the Neuse River , the recreated ship , named CSS Neuse II , is nearly built and can be visited .",6,6,50,52,12,2.2895185947418213,22.712198153544065,12,72,72,40,72,432,0.5555555555555556,0.09259259259259259,4.333333333333333,50,1.8764450550079346,50,0.8195806137226559
43,"The complete , recovered wooden hull of the CSS Neuse , a casemate ram ironclad , is on view in Kinston , North Carolina , and , in another part of town on the Neuse River , the recreated ship , named CSS Neuse II , is nearly built and can be visited .",6,8,50,51,8,1.7685883045196533,28.83655844023663,8,48,64,43,64,384,0.671875,0.11197916666666667,6.375,50,1.8764450550079346,50,1.0609846566397911
43,"The complete , recovered wooden hull of the CSS Neuse , a casemate ram ironclad , is on view in Kinston , North Carolina , and , in another part of town on the Neuse River , the recreated ship , named CSS Neuse II , is nearly built and can be visited .",6,10,50,58,8,1.9576764106750488,29.626959636296764,8,48,80,50,80,480,0.625,0.10416666666666667,7.25,50,1.8764450550079346,50,0.9585062397318748
43,"The complete , recovered wooden hull of the CSS Neuse , a casemate ram ironclad , is on view in Kinston , North Carolina , and , in another part of town on the Neuse River , the recreated ship , named CSS Neuse II , is nearly built and can be visited .",8,2,50,51,17,3.0165882110595703,16.906517042339814,17,136,34,34,34,272,1.0,0.125,3.0,50,1.8764450550079346,50,0.6220421627746259
43,"The complete , recovered wooden hull of the CSS Neuse , a casemate ram ironclad , is on view in Kinston , North Carolina , and , in another part of town on the Neuse River , the recreated ship , named CSS Neuse II , is nearly built and can be visited .",8,4,50,20,4,0.714747428894043,27.981912479135172,4,32,16,16,16,128,1.0,0.125,5.0,50,1.8764450550079346,50,2.6253260650569006
43,"The complete , recovered wooden hull of the CSS Neuse , a casemate ram ironclad , is on view in Kinston , North Carolina , and , in another part of town on the Neuse River , the recreated ship , named CSS Neuse II , is nearly built and can be visited .",8,6,50,52,10,2.4117469787597656,21.561134089920518,10,80,60,42,60,480,0.7,0.0875,5.2,50,1.8764450550079346,50,0.7780439123729684
43,"The complete , recovered wooden hull of the CSS Neuse , a casemate ram ironclad , is on view in Kinston , North Carolina , and , in another part of town on the Neuse River , the recreated ship , named CSS Neuse II , is nearly built and can be visited .",8,8,50,50,8,2.0807695388793945,24.029571303186064,8,64,64,42,64,512,0.65625,0.08203125,6.25,50,1.8764450550079346,50,0.9018034049164813
43,"The complete , recovered wooden hull of the CSS Neuse , a casemate ram ironclad , is on view in Kinston , North Carolina , and , in another part of town on the Neuse River , the recreated ship , named CSS Neuse II , is nearly built and can be visited .",8,10,50,51,7,2.034398317337036,25.06883709319884,7,56,70,44,70,560,0.6285714285714286,0.07857142857142857,7.285714285714286,50,1.8764450550079346,50,0.9223587333006363
44,"The hull of the casemate ironclad CSS Jackson can be seen in the National Civil War Naval Museum at Port Columbus , Georgia .",1,2,50,50,21,1.2441704273223877,40.18742039031287,21,21,42,29,42,42,0.6904761904761905,0.6904761904761905,2.380952380952381,28,1.0780282020568848,28,0.8664634509734634
44,"The hull of the casemate ironclad CSS Jackson can be seen in the National Civil War Naval Museum at Port Columbus , Georgia .",1,4,50,51,21,1.643615961074829,31.02914622869017,21,21,84,30,84,84,0.35714285714285715,0.35714285714285715,2.4285714285714284,28,1.0780282020568848,28,0.6558881317700986
44,"The hull of the casemate ironclad CSS Jackson can be seen in the National Civil War Naval Museum at Port Columbus , Georgia .",1,6,50,50,13,1.2707061767578125,39.34819938278276,13,13,78,37,78,78,0.47435897435897434,0.47435897435897434,3.8461538461538463,28,1.0780282020568848,28,0.8483693726959425
44,"The hull of the casemate ironclad CSS Jackson can be seen in the National Civil War Naval Museum at Port Columbus , Georgia .",1,8,50,51,22,2.5695433616638184,19.847884554466802,22,22,176,29,176,176,0.16477272727272727,0.16477272727272727,2.3181818181818183,28,1.0780282020568848,28,0.4195407706055776
44,"The hull of the casemate ironclad CSS Jackson can be seen in the National Civil War Naval Museum at Port Columbus , Georgia .",1,10,50,50,16,2.1998636722564697,22.728681159007195,16,16,160,34,160,160,0.2125,0.2125,3.125,28,1.0780282020568848,28,0.49004318569937433
44,"The hull of the casemate ironclad CSS Jackson can be seen in the National Civil War Naval Museum at Port Columbus , Georgia .",2,2,50,50,21,1.276946783065796,39.15589957473091,21,42,42,29,42,84,0.6904761904761905,0.34523809523809523,2.380952380952381,28,1.0780282020568848,28,0.844223280369342
44,"The hull of the casemate ironclad CSS Jackson can be seen in the National Civil War Naval Museum at Port Columbus , Georgia .",2,4,50,50,14,1.1595752239227295,43.119237948923136,14,28,56,36,56,112,0.6428571428571429,0.32142857142857145,3.5714285714285716,28,1.0780282020568848,28,0.9296750912028121
44,"The hull of the casemate ironclad CSS Jackson can be seen in the National Civil War Naval Museum at Port Columbus , Georgia .",2,6,50,52,12,1.2252933979034424,42.43881513519572,12,24,72,40,72,144,0.5555555555555556,0.2777777777777778,4.333333333333333,28,1.0780282020568848,28,0.8798122995696067
44,"The hull of the casemate ironclad CSS Jackson can be seen in the National Civil War Naval Museum at Port Columbus , Georgia .",2,8,50,51,13,1.5929229259490967,32.01661497188456,13,26,104,38,104,208,0.36538461538461536,0.18269230769230768,3.923076923076923,28,1.0780282020568848,28,0.6767610563546714
44,"The hull of the casemate ironclad CSS Jackson can be seen in the National Civil War Naval Museum at Port Columbus , Georgia .",2,10,50,50,15,2.137526750564575,23.391520123335873,15,30,150,35,150,300,0.23333333333333334,0.11666666666666667,3.3333333333333335,28,1.0780282020568848,28,0.5043343676387442
44,"The hull of the casemate ironclad CSS Jackson can be seen in the National Civil War Naval Museum at Port Columbus , Georgia .",4,2,50,50,19,1.4836571216583252,33.70050887776119,19,76,38,31,38,152,0.8157894736842105,0.20394736842105263,2.6315789473684212,28,1.0780282020568848,28,0.7266019798778995
44,"The hull of the casemate ironclad CSS Jackson can be seen in the National Civil War Naval Museum at Port Columbus , Georgia .",4,4,50,54,14,1.4571387767791748,37.058927303657605,14,56,56,40,56,224,0.7142857142857143,0.17857142857142858,3.857142857142857,28,1.0780282020568848,28,0.7398253476170148
44,"The hull of the casemate ironclad CSS Jackson can be seen in the National Civil War Naval Museum at Port Columbus , Georgia .",4,6,50,55,12,1.4891893863677979,36.932844474635665,12,48,72,43,72,288,0.5972222222222222,0.14930555555555555,4.583333333333333,28,1.0780282020568848,28,0.7239026895606916
44,"The hull of the casemate ironclad CSS Jackson can be seen in the National Civil War Naval Museum at Port Columbus , Georgia .",4,8,50,50,16,2.3735084533691406,21.06586135348545,16,64,128,34,128,512,0.265625,0.06640625,3.125,28,1.0780282020568848,28,0.4541918527935506
44,"The hull of the casemate ironclad CSS Jackson can be seen in the National Civil War Naval Museum at Port Columbus , Georgia .",4,10,50,50,10,1.675041913986206,29.84999932390453,10,40,100,40,100,400,0.4,0.1,5.0,28,1.0780282020568848,28,0.6435828220509605
44,"The hull of the casemate ironclad CSS Jackson can be seen in the National Civil War Naval Museum at Port Columbus , Georgia .",6,2,50,52,18,1.812803030014038,28.684859380225838,18,108,36,34,36,216,0.9444444444444444,0.1574074074074074,2.888888888888889,28,1.0780282020568848,28,0.5946747573830659
44,"The hull of the casemate ironclad CSS Jackson can be seen in the National Civil War Naval Museum at Port Columbus , Georgia .",6,4,50,51,12,1.4681735038757324,34.737038820935354,12,72,48,39,48,288,0.8125,0.13541666666666666,4.25,28,1.0780282020568848,28,0.7342648530375128
44,"The hull of the casemate ironclad CSS Jackson can be seen in the National Civil War Naval Museum at Port Columbus , Georgia .",6,6,50,51,9,1.3274013996124268,38.4209328202388,9,54,54,42,54,324,0.7777777777777778,0.12962962962962962,5.666666666666667,28,1.0780282020568848,28,0.8121342966578506
44,"The hull of the casemate ironclad CSS Jackson can be seen in the National Civil War Naval Museum at Port Columbus , Georgia .",6,8,50,55,10,1.7291443347930908,31.807639705554884,10,60,80,45,80,480,0.5625,0.09375,5.5,28,1.0780282020568848,28,0.6234460480627729
44,"The hull of the casemate ironclad CSS Jackson can be seen in the National Civil War Naval Museum at Port Columbus , Georgia .",6,10,50,55,7,1.3755784034729004,39.98318079227065,7,42,70,48,70,420,0.6857142857142857,0.11428571428571428,7.857142857142857,28,1.0780282020568848,28,0.7836908454910345
44,"The hull of the casemate ironclad CSS Jackson can be seen in the National Civil War Naval Museum at Port Columbus , Georgia .",8,2,50,51,17,2.0336062908172607,25.078600627019227,17,136,34,34,34,272,1.0,0.125,3.0,28,1.0780282020568848,28,0.5301066420401608
44,"The hull of the casemate ironclad CSS Jackson can be seen in the National Civil War Naval Museum at Port Columbus , Georgia .",8,4,50,51,11,1.5855517387390137,32.1654593501693,11,88,44,40,44,352,0.9090909090909091,0.11363636363636363,4.636363636363637,28,1.0780282020568848,28,0.6799073002273888
44,"The hull of the casemate ironclad CSS Jackson can be seen in the National Civil War Naval Museum at Port Columbus , Georgia .",8,6,50,54,11,1.9302978515625,27.974957313602733,11,88,66,43,66,528,0.6515151515151515,0.08143939393939394,4.909090909090909,28,1.0780282020568848,28,0.5584776469518751
44,"The hull of the casemate ironclad CSS Jackson can be seen in the National Civil War Naval Museum at Port Columbus , Georgia .",8,8,50,51,10,1.991701602935791,25.606245395808998,10,80,80,41,80,640,0.5125,0.0640625,5.1,28,1.0780282020568848,28,0.541259895793556
44,"The hull of the casemate ironclad CSS Jackson can be seen in the National Civil War Naval Museum at Port Columbus , Georgia .",8,10,50,53,9,1.9988465309143066,26.51529228497442,9,72,90,44,90,720,0.4888888888888889,0.06111111111111111,5.888888888888889,28,1.0780282020568848,28,0.5393251484713918
45,The new United States Navy Zumwalt @-@ class guided missile destroyer has been described as bearing resemblance to ironclads .,1,2,50,51,26,1.5314691066741943,33.30135735532651,26,26,52,25,52,52,0.4807692307692308,0.4807692307692308,1.9615384615384615,50,1.870818853378296,50,1.2215844545771142
45,The new United States Navy Zumwalt @-@ class guided missile destroyer has been described as bearing resemblance to ironclads .,1,4,50,50,20,1.6001386642456055,31.247291948646705,20,20,80,30,80,80,0.375,0.375,2.5,50,1.870818853378296,50,1.1691604578908816
45,The new United States Navy Zumwalt @-@ class guided missile destroyer has been described as bearing resemblance to ironclads .,1,6,50,53,11,1.1424205303192139,46.392723689227466,11,11,66,42,66,66,0.6363636363636364,0.6363636363636364,4.818181818181818,50,1.870818853378296,50,1.6375921157995592
45,The new United States Navy Zumwalt @-@ class guided missile destroyer has been described as bearing resemblance to ironclads .,1,8,50,50,26,3.150266408920288,15.871673537964949,26,26,208,24,208,208,0.11538461538461539,0.11538461538461539,1.9230769230769231,50,1.870818853378296,50,0.5938605217898045
45,The new United States Navy Zumwalt @-@ class guided missile destroyer has been described as bearing resemblance to ironclads .,1,10,50,50,21,3.0574917793273926,16.353273731777403,21,21,210,29,210,210,0.1380952380952381,0.1380952380952381,2.380952380952381,50,1.870818853378296,50,0.6118802562373041
45,The new United States Navy Zumwalt @-@ class guided missile destroyer has been described as bearing resemblance to ironclads .,2,2,50,50,18,1.122004508972168,44.563100772031106,18,36,36,32,36,72,0.8888888888888888,0.4444444444444444,2.7777777777777777,50,1.870818853378296,50,1.6673897817862537
45,The new United States Navy Zumwalt @-@ class guided missile destroyer has been described as bearing resemblance to ironclads .,2,4,50,54,16,1.2834851741790771,42.0729441105844,16,32,64,38,64,128,0.59375,0.296875,3.375,50,1.870818853378296,50,1.4576084640594933
45,The new United States Navy Zumwalt @-@ class guided missile destroyer has been described as bearing resemblance to ironclads .,2,6,50,22,6,0.5890674591064453,37.34716569367409,6,12,36,16,36,72,0.4444444444444444,0.2222222222222222,3.6666666666666665,50,1.870818853378296,50,3.1758991681803908
45,The new United States Navy Zumwalt @-@ class guided missile destroyer has been described as bearing resemblance to ironclads .,2,8,50,52,17,2.071218729019165,25.105991593956297,17,34,136,35,136,272,0.25735294117647056,0.12867647058823528,3.0588235294117645,50,1.870818853378296,50,0.9032454308986625
45,The new United States Navy Zumwalt @-@ class guided missile destroyer has been described as bearing resemblance to ironclads .,2,10,50,51,11,1.5675206184387207,32.53545720553069,11,22,110,40,110,220,0.36363636363636365,0.18181818181818182,4.636363636363637,50,1.870818853378296,50,1.1934891518311674
45,The new United States Navy Zumwalt @-@ class guided missile destroyer has been described as bearing resemblance to ironclads .,4,2,50,51,17,1.3554267883300781,37.62652504664849,17,68,34,34,34,136,1.0,0.25,3.0,50,1.870818853378296,50,1.3802433812623658
45,The new United States Navy Zumwalt @-@ class guided missile destroyer has been described as bearing resemblance to ironclads .,4,4,50,51,11,1.1261029243469238,45.28893309603749,11,44,44,40,44,176,0.9090909090909091,0.22727272727272727,4.636363636363637,50,1.870818853378296,50,1.6613213703030434
45,The new United States Navy Zumwalt @-@ class guided missile destroyer has been described as bearing resemblance to ironclads .,4,6,50,53,14,1.7225730419158936,30.767926067768904,14,56,84,39,84,336,0.4642857142857143,0.11607142857142858,3.7857142857142856,50,1.870818853378296,50,1.086060682394936
45,The new United States Navy Zumwalt @-@ class guided missile destroyer has been described as bearing resemblance to ironclads .,4,8,50,57,10,1.5175650119781494,37.56017010809993,10,40,80,47,80,320,0.5875,0.146875,5.7,50,1.870818853378296,50,1.2327767434092851
45,The new United States Navy Zumwalt @-@ class guided missile destroyer has been described as bearing resemblance to ironclads .,4,10,50,51,7,1.1880321502685547,42.928131186072235,7,28,70,44,70,280,0.6285714285714286,0.15714285714285714,7.285714285714286,50,1.870818853378296,50,1.5747207286902103
45,The new United States Navy Zumwalt @-@ class guided missile destroyer has been described as bearing resemblance to ironclads .,6,2,50,51,18,1.8372516632080078,27.758853629746827,18,108,36,33,36,216,0.9166666666666666,0.1527777777777778,2.8333333333333335,50,1.870818853378296,50,1.0182703278176255
45,The new United States Navy Zumwalt @-@ class guided missile destroyer has been described as bearing resemblance to ironclads .,6,4,50,54,12,1.5104889869689941,35.75001239059578,12,72,48,42,48,288,0.875,0.14583333333333334,4.5,50,1.870818853378296,50,1.238551799793227
45,The new United States Navy Zumwalt @-@ class guided missile destroyer has been described as bearing resemblance to ironclads .,6,6,50,55,10,1.5250887870788574,36.06347411769157,10,60,60,45,60,360,0.75,0.125,5.5,50,1.870818853378296,50,1.2266950417763198
45,The new United States Navy Zumwalt @-@ class guided missile destroyer has been described as bearing resemblance to ironclads .,6,8,50,51,8,1.4219789505004883,35.86550981085179,8,48,64,43,64,384,0.671875,0.11197916666666667,6.375,50,1.870818853378296,50,1.3156445478463878
45,The new United States Navy Zumwalt @-@ class guided missile destroyer has been described as bearing resemblance to ironclads .,6,10,50,57,9,1.7836947441101074,31.956140583033186,9,54,90,48,90,540,0.5333333333333333,0.08888888888888889,6.333333333333333,50,1.870818853378296,50,1.0488447418236102
45,The new United States Navy Zumwalt @-@ class guided missile destroyer has been described as bearing resemblance to ironclads .,8,2,50,50,18,2.1802539825439453,22.93310797747491,18,144,36,32,36,288,0.8888888888888888,0.1111111111111111,2.7777777777777777,50,1.870818853378296,50,0.8580738154164053
45,The new United States Navy Zumwalt @-@ class guided missile destroyer has been described as bearing resemblance to ironclads .,8,4,50,52,11,1.5891284942626953,32.72233817953553,11,88,44,41,44,352,0.9318181818181818,0.11647727272727272,4.7272727272727275,50,1.870818853378296,50,1.1772609075556826
45,The new United States Navy Zumwalt @-@ class guided missile destroyer has been described as bearing resemblance to ironclads .,8,6,50,52,8,1.4019854068756104,37.0902576767075,8,64,48,44,48,384,0.9166666666666666,0.11458333333333333,6.5,50,1.870818853378296,50,1.3344067949662206
45,The new United States Navy Zumwalt @-@ class guided missile destroyer has been described as bearing resemblance to ironclads .,8,8,50,58,8,1.6060991287231445,36.11234136345634,8,64,64,50,64,512,0.78125,0.09765625,7.25,50,1.870818853378296,50,1.1648215355583964
45,The new United States Navy Zumwalt @-@ class guided missile destroyer has been described as bearing resemblance to ironclads .,8,10,50,52,8,1.816586971282959,28.625108966445552,8,64,80,44,80,640,0.55,0.06875,6.5,50,1.870818853378296,50,1.029853721816047
46,"Unlike the other locations mentioned in the titles of the Four Quartets poems , Eliot had no direct connection to the original Christian community . As such , the community is supposed to represent almost any religious community .",1,2,50,51,25,1.4608592987060547,34.91095962846858,25,25,50,26,50,50,0.52,0.52,2.04,50,1.8753087520599365,50,1.2837025124329067
46,"Unlike the other locations mentioned in the titles of the Four Quartets poems , Eliot had no direct connection to the original Christian community . As such , the community is supposed to represent almost any religious community .",1,4,50,50,15,1.2147083282470703,41.162144720086296,15,15,60,35,60,60,0.5833333333333334,0.5833333333333334,3.3333333333333335,50,1.8753087520599365,50,1.5438346049427107
46,"Unlike the other locations mentioned in the titles of the Four Quartets poems , Eliot had no direct connection to the original Christian community . As such , the community is supposed to represent almost any religious community .",1,6,50,1,1,0.09870576858520508,10.131120139516234,1,1,6,0,6,6,0.0,0.0,1.0,50,1.8753087520599365,50,18.99897826580548
46,"Unlike the other locations mentioned in the titles of the Four Quartets poems , Eliot had no direct connection to the original Christian community . As such , the community is supposed to represent almost any religious community .",1,8,50,55,12,1.4284815788269043,38.50242160292121,12,12,96,43,96,96,0.4479166666666667,0.4479166666666667,4.583333333333333,50,1.8753087520599365,50,1.312798694681086
46,"Unlike the other locations mentioned in the titles of the Four Quartets poems , Eliot had no direct connection to the original Christian community . As such , the community is supposed to represent almost any religious community .",1,10,50,52,16,2.2632498741149902,22.97581040199276,16,16,160,36,160,160,0.225,0.225,3.25,50,1.8753087520599365,50,0.8285911217793607
46,"Unlike the other locations mentioned in the titles of the Four Quartets poems , Eliot had no direct connection to the original Christian community . As such , the community is supposed to represent almost any religious community .",2,2,50,51,24,1.5495812892913818,32.912116552028145,24,48,48,27,48,96,0.5625,0.28125,2.125,50,1.8753087520599365,50,1.2102035337026487
46,"Unlike the other locations mentioned in the titles of the Four Quartets poems , Eliot had no direct connection to the original Christian community . As such , the community is supposed to represent almost any religious community .",2,4,50,50,17,1.4173359870910645,35.27745041076663,17,34,68,33,68,136,0.4852941176470588,0.2426470588235294,2.9411764705882355,50,1.8753087520599365,50,1.3231222301134213
46,"Unlike the other locations mentioned in the titles of the Four Quartets poems , Eliot had no direct connection to the original Christian community . As such , the community is supposed to represent almost any religious community .",2,6,50,55,13,1.3699817657470703,40.14651973853661,13,26,78,42,78,156,0.5384615384615384,0.2692307692307692,4.230769230769231,50,1.8753087520599365,50,1.36885672418954
46,"Unlike the other locations mentioned in the titles of the Four Quartets poems , Eliot had no direct connection to the original Christian community . As such , the community is supposed to represent almost any religious community .",2,8,50,50,11,1.3877904415130615,36.02849429160693,11,22,88,39,88,176,0.4431818181818182,0.2215909090909091,4.545454545454546,50,1.8753087520599365,50,1.3512910133718388
46,"Unlike the other locations mentioned in the titles of the Four Quartets poems , Eliot had no direct connection to the original Christian community . As such , the community is supposed to represent almost any religious community .",2,10,50,51,11,1.6360969543457031,31.171746799318246,11,22,110,40,110,220,0.36363636363636365,0.18181818181818182,4.636363636363637,50,1.8753087520599365,50,1.1462088154854475
46,"Unlike the other locations mentioned in the titles of the Four Quartets poems , Eliot had no direct connection to the original Christian community . As such , the community is supposed to represent almost any religious community .",4,2,50,51,17,1.5740230083465576,32.401051147005326,17,68,34,34,34,136,1.0,0.25,3.0,50,1.8753087520599365,50,1.191411270429818
46,"Unlike the other locations mentioned in the titles of the Four Quartets poems , Eliot had no direct connection to the original Christian community . As such , the community is supposed to represent almost any religious community .",4,4,50,52,12,1.432830572128296,36.29179961086419,12,48,48,40,48,192,0.8333333333333334,0.20833333333333334,4.333333333333333,50,1.8753087520599365,50,1.3088140276588272
46,"Unlike the other locations mentioned in the titles of the Four Quartets poems , Eliot had no direct connection to the original Christian community . As such , the community is supposed to represent almost any religious community .",4,6,50,51,9,1.3324220180511475,38.276161238009706,9,36,54,42,54,216,0.7777777777777778,0.19444444444444445,5.666666666666667,50,1.8753087520599365,50,1.4074435326450372
46,"Unlike the other locations mentioned in the titles of the Four Quartets poems , Eliot had no direct connection to the original Christian community . As such , the community is supposed to represent almost any religious community .",4,8,50,55,9,1.4543054103851318,37.818741240490056,9,36,72,46,72,288,0.6388888888888888,0.1597222222222222,6.111111111111111,50,1.8753087520599365,50,1.2894875716396557
46,"Unlike the other locations mentioned in the titles of the Four Quartets poems , Eliot had no direct connection to the original Christian community . As such , the community is supposed to represent almost any religious community .",4,10,50,58,8,1.4896209239959717,38.93608035822464,8,32,80,50,80,320,0.625,0.15625,7.25,50,1.8753087520599365,50,1.2589167632187528
46,"Unlike the other locations mentioned in the titles of the Four Quartets poems , Eliot had no direct connection to the original Christian community . As such , the community is supposed to represent almost any religious community .",6,2,50,52,18,2.110891819000244,24.634137823618136,18,108,36,34,36,216,0.9444444444444444,0.1574074074074074,2.888888888888889,50,1.8753087520599365,50,0.8883964280784963
46,"Unlike the other locations mentioned in the titles of the Four Quartets poems , Eliot had no direct connection to the original Christian community . As such , the community is supposed to represent almost any religious community .",6,4,50,52,11,1.5558390617370605,33.42248004876747,11,66,44,41,44,264,0.9318181818181818,0.1553030303030303,4.7272727272727275,50,1.8753087520599365,50,1.2053359490577353
46,"Unlike the other locations mentioned in the titles of the Four Quartets poems , Eliot had no direct connection to the original Christian community . As such , the community is supposed to represent almost any religious community .",6,6,50,50,8,1.3039424419403076,38.34525082686811,8,48,48,42,48,288,0.875,0.14583333333333334,6.25,50,1.8753087520599365,50,1.4381836895111857
46,"Unlike the other locations mentioned in the titles of the Four Quartets poems , Eliot had no direct connection to the original Christian community . As such , the community is supposed to represent almost any religious community .",6,8,50,54,11,2.131908893585205,25.329412604114083,11,66,88,43,88,528,0.48863636363636365,0.08143939393939394,4.909090909090909,50,1.8753087520599365,50,0.879638317426526
46,"Unlike the other locations mentioned in the titles of the Four Quartets poems , Eliot had no direct connection to the original Christian community . As such , the community is supposed to represent almost any religious community .",6,10,50,56,7,1.5287425518035889,36.63141314012094,7,42,70,49,70,420,0.7,0.11666666666666667,8.0,50,1.8753087520599365,50,1.2267001725355742
46,"Unlike the other locations mentioned in the titles of the Four Quartets poems , Eliot had no direct connection to the original Christian community . As such , the community is supposed to represent almost any religious community .",8,2,50,51,17,2.4063282012939453,21.19411640214995,17,136,34,34,34,272,1.0,0.125,3.0,50,1.8753087520599365,50,0.77932376433586
46,"Unlike the other locations mentioned in the titles of the Four Quartets poems , Eliot had no direct connection to the original Christian community . As such , the community is supposed to represent almost any religious community .",8,4,50,54,11,1.8790016174316406,28.738666054908045,11,88,44,43,44,352,0.9772727272727273,0.12215909090909091,4.909090909090909,50,1.8753087520599365,50,0.9980346662092011
46,"Unlike the other locations mentioned in the titles of the Four Quartets poems , Eliot had no direct connection to the original Christian community . As such , the community is supposed to represent almost any religious community .",8,6,50,50,8,1.536766767501831,32.53584151958207,8,64,48,42,48,384,0.875,0.109375,6.25,50,1.8753087520599365,50,1.2202949671461465
46,"Unlike the other locations mentioned in the titles of the Four Quartets poems , Eliot had no direct connection to the original Christian community . As such , the community is supposed to represent almost any religious community .",8,8,50,56,9,2.023648738861084,27.672786746338684,9,72,72,47,72,576,0.6527777777777778,0.08159722222222222,6.222222222222222,50,1.8753087520599365,50,0.9266967710588777
46,"Unlike the other locations mentioned in the titles of the Four Quartets poems , Eliot had no direct connection to the original Christian community . As such , the community is supposed to represent almost any religious community .",8,10,50,50,12,3.0813205242156982,16.22680912519697,12,96,120,38,120,960,0.31666666666666665,0.03958333333333333,4.166666666666667,50,1.8753087520599365,50,0.6086055434097584
47,"The attention Hitler is receiving , however , renews his strength , and when the trial begins , he brushes aside his "" defence attorney "" and begins a long speech in four parts in his own defence :",1,2,50,50,25,1.4387917518615723,34.751380757714095,25,25,50,25,50,50,0.5,0.5,2.0,50,1.8829777240753174,50,1.3087215169527053
47,"The attention Hitler is receiving , however , renews his strength , and when the trial begins , he brushes aside his "" defence attorney "" and begins a long speech in four parts in his own defence :",1,4,50,54,22,1.7069973945617676,31.634494681735152,22,22,88,32,88,88,0.36363636363636365,0.36363636363636365,2.4545454545454546,50,1.8829777240753174,50,1.1030934962608592
47,"The attention Hitler is receiving , however , renews his strength , and when the trial begins , he brushes aside his "" defence attorney "" and begins a long speech in four parts in his own defence :",1,6,50,50,17,1.6599469184875488,30.12144511558069,17,17,102,33,102,102,0.3235294117647059,0.3235294117647059,2.9411764705882355,50,1.8829777240753174,50,1.1343602033919145
47,"The attention Hitler is receiving , however , renews his strength , and when the trial begins , he brushes aside his "" defence attorney "" and begins a long speech in four parts in his own defence :",1,8,50,52,15,1.7707421779632568,29.36621753699426,15,15,120,37,120,120,0.30833333333333335,0.30833333333333335,3.466666666666667,50,1.8829777240753174,50,1.0633833358175022
47,"The attention Hitler is receiving , however , renews his strength , and when the trial begins , he brushes aside his "" defence attorney "" and begins a long speech in four parts in his own defence :",1,10,50,51,17,2.3520617485046387,21.683104209497934,17,17,170,34,170,170,0.2,0.2,3.0,50,1.8829777240753174,50,0.8005647493193795
47,"The attention Hitler is receiving , however , renews his strength , and when the trial begins , he brushes aside his "" defence attorney "" and begins a long speech in four parts in his own defence :",2,2,50,50,20,1.2611970901489258,39.64487421557233,20,40,40,30,40,80,0.75,0.375,2.5,50,1.8829777240753174,50,1.4930083004338124
47,"The attention Hitler is receiving , however , renews his strength , and when the trial begins , he brushes aside his "" defence attorney "" and begins a long speech in four parts in his own defence :",2,4,50,51,15,1.2646663188934326,40.326842929306736,15,30,60,36,60,120,0.6,0.3,3.4,50,1.8829777240753174,50,1.4889126846699765
47,"The attention Hitler is receiving , however , renews his strength , and when the trial begins , he brushes aside his "" defence attorney "" and begins a long speech in four parts in his own defence :",2,6,50,51,9,0.9355432987213135,54.513778325071684,9,18,54,42,54,108,0.7777777777777778,0.3888888888888889,5.666666666666667,50,1.8829777240753174,50,2.012710396888036
47,"The attention Hitler is receiving , however , renews his strength , and when the trial begins , he brushes aside his "" defence attorney "" and begins a long speech in four parts in his own defence :",2,8,50,50,11,1.3745334148406982,36.37597999448763,11,22,88,39,88,176,0.4431818181818182,0.2215909090909091,4.545454545454546,50,1.8829777240753174,50,1.3699032004205918
47,"The attention Hitler is receiving , however , renews his strength , and when the trial begins , he brushes aside his "" defence attorney "" and begins a long speech in four parts in his own defence :",2,10,50,52,14,2.043874740600586,25.441872227805884,14,28,140,38,140,280,0.2714285714285714,0.1357142857142857,3.7142857142857144,50,1.8829777240753174,50,0.9212784358409413
47,"The attention Hitler is receiving , however , renews his strength , and when the trial begins , he brushes aside his "" defence attorney "" and begins a long speech in four parts in his own defence :",4,2,50,51,18,1.6165642738342285,31.548389894226887,18,72,36,33,36,144,0.9166666666666666,0.22916666666666666,2.8333333333333335,50,1.8829777240753174,50,1.164802262770041
47,"The attention Hitler is receiving , however , renews his strength , and when the trial begins , he brushes aside his "" defence attorney "" and begins a long speech in four parts in his own defence :",4,4,50,50,13,1.4937465190887451,33.47288134971007,13,52,52,37,52,208,0.7115384615384616,0.1778846153846154,3.8461538461538463,50,1.8829777240753174,50,1.2605737988424042
47,"The attention Hitler is receiving , however , renews his strength , and when the trial begins , he brushes aside his "" defence attorney "" and begins a long speech in four parts in his own defence :",4,6,50,54,10,1.3906562328338623,38.830588555993785,10,40,60,44,60,240,0.7333333333333333,0.18333333333333332,5.4,50,1.8829777240753174,50,1.3540209863642636
47,"The attention Hitler is receiving , however , renews his strength , and when the trial begins , he brushes aside his "" defence attorney "" and begins a long speech in four parts in his own defence :",4,8,50,51,11,1.7403383255004883,29.30464683373181,11,44,88,40,88,352,0.45454545454545453,0.11363636363636363,4.636363636363637,50,1.8829777240753174,50,1.0819607294080642
47,"The attention Hitler is receiving , however , renews his strength , and when the trial begins , he brushes aside his "" defence attorney "" and begins a long speech in four parts in his own defence :",4,10,50,51,10,1.8462910652160645,27.622946869448054,10,40,100,41,100,400,0.41,0.1025,5.1,50,1.8829777240753174,50,1.019870463303661
47,"The attention Hitler is receiving , however , renews his strength , and when the trial begins , he brushes aside his "" defence attorney "" and begins a long speech in four parts in his own defence :",6,2,50,50,17,1.962585687637329,25.47659463480181,17,102,34,33,34,204,0.9705882352941176,0.16176470588235295,2.9411764705882355,50,1.8829777240753174,50,0.9594372036525711
47,"The attention Hitler is receiving , however , renews his strength , and when the trial begins , he brushes aside his "" defence attorney "" and begins a long speech in four parts in his own defence :",6,4,50,51,11,1.5192465782165527,33.56927093419491,11,66,44,40,44,264,0.9090909090909091,0.15151515151515152,4.636363636363637,50,1.8829777240753174,50,1.2394154780889812
47,"The attention Hitler is receiving , however , renews his strength , and when the trial begins , he brushes aside his "" defence attorney "" and begins a long speech in four parts in his own defence :",6,6,50,52,10,1.6789674758911133,30.9714159128669,10,60,60,42,60,360,0.7,0.11666666666666667,5.2,50,1.8829777240753174,50,1.1215093509038496
47,"The attention Hitler is receiving , however , renews his strength , and when the trial begins , he brushes aside his "" defence attorney "" and begins a long speech in four parts in his own defence :",6,8,50,54,12,2.267587423324585,23.813855838390925,12,72,96,42,96,576,0.4375,0.07291666666666667,4.5,50,1.8829777240753174,50,0.8303881494079824
47,"The attention Hitler is receiving , however , renews his strength , and when the trial begins , he brushes aside his "" defence attorney "" and begins a long speech in four parts in his own defence :",6,10,50,51,9,1.9925978183746338,25.594728414186868,9,54,90,42,90,540,0.4666666666666667,0.07777777777777778,5.666666666666667,50,1.8829777240753174,50,0.9449863423072832
47,"The attention Hitler is receiving , however , renews his strength , and when the trial begins , he brushes aside his "" defence attorney "" and begins a long speech in four parts in his own defence :",8,2,50,51,17,2.4472756385803223,20.839499726146652,17,136,34,34,34,272,1.0,0.125,3.0,50,1.8829777240753174,50,0.7694179169648593
47,"The attention Hitler is receiving , however , renews his strength , and when the trial begins , he brushes aside his "" defence attorney "" and begins a long speech in four parts in his own defence :",8,4,50,50,11,1.8758680820465088,26.654326324189967,11,88,44,39,44,352,0.8863636363636364,0.11079545454545454,4.545454545454546,50,1.8829777240753174,50,1.0037900543736809
47,"The attention Hitler is receiving , however , renews his strength , and when the trial begins , he brushes aside his "" defence attorney "" and begins a long speech in four parts in his own defence :",8,6,50,50,8,1.5470855236053467,32.31883385701871,8,64,48,42,48,384,0.875,0.109375,6.25,50,1.8829777240753174,50,1.2171128844171482
47,"The attention Hitler is receiving , however , renews his strength , and when the trial begins , he brushes aside his "" defence attorney "" and begins a long speech in four parts in his own defence :",8,8,50,52,10,2.254788398742676,23.062031022066837,10,80,80,42,80,640,0.525,0.065625,5.2,50,1.8829777240753174,50,0.8351017439708804
47,"The attention Hitler is receiving , however , renews his strength , and when the trial begins , he brushes aside his "" defence attorney "" and begins a long speech in four parts in his own defence :",8,10,50,60,7,1.864206314086914,32.18527882166729,7,56,70,53,70,560,0.7571428571428571,0.09464285714285714,8.571428571428571,50,1.8829777240753174,50,1.0100693844058766
48,"Firstly , Hitler claims he took his doctrines from the Jews and copied the notion of the master race from the Chosen people and their need to separate themselves from the "" unclean "" . "" My racism is a parody of yours , a hungry imitation . """,1,2,50,50,22,1.3113598823547363,38.12835871585287,22,22,44,28,44,44,0.6363636363636364,0.6363636363636364,2.272727272727273,50,1.8561179637908936,50,1.4154146308471518
48,"Firstly , Hitler claims he took his doctrines from the Jews and copied the notion of the master race from the Chosen people and their need to separate themselves from the "" unclean "" . "" My racism is a parody of yours , a hungry imitation . """,1,4,50,51,27,2.12270188331604,24.025983300268656,27,27,108,24,108,108,0.2222222222222222,0.2222222222222222,1.8888888888888888,50,1.8561179637908936,50,0.8744129255170326
48,"Firstly , Hitler claims he took his doctrines from the Jews and copied the notion of the master race from the Chosen people and their need to separate themselves from the "" unclean "" . "" My racism is a parody of yours , a hungry imitation . """,1,6,50,56,14,1.3875112533569336,40.360033019201865,14,14,84,42,84,84,0.5,0.5,4.0,50,1.8561179637908936,50,1.3377318268952534
48,"Firstly , Hitler claims he took his doctrines from the Jews and copied the notion of the master race from the Chosen people and their need to separate themselves from the "" unclean "" . "" My racism is a parody of yours , a hungry imitation . """,1,8,50,51,21,2.5043444633483887,20.364610678121878,21,21,168,30,168,168,0.17857142857142858,0.17857142857142858,2.4285714285714284,50,1.8561179637908936,50,0.7411592099072524
48,"Firstly , Hitler claims he took his doctrines from the Jews and copied the notion of the master race from the Chosen people and their need to separate themselves from the "" unclean "" . "" My racism is a parody of yours , a hungry imitation . """,1,10,50,54,14,1.9590938091278076,27.56376430184367,14,14,140,40,140,140,0.2857142857142857,0.2857142857142857,3.857142857142857,50,1.8561179637908936,50,0.9474370013027813
48,"Firstly , Hitler claims he took his doctrines from the Jews and copied the notion of the master race from the Chosen people and their need to separate themselves from the "" unclean "" . "" My racism is a parody of yours , a hungry imitation . """,2,2,50,52,21,1.422595739364624,36.552900139589084,21,42,42,31,42,84,0.7380952380952381,0.36904761904761907,2.4761904761904763,50,1.8561179637908936,50,1.3047402803412684
48,"Firstly , Hitler claims he took his doctrines from the Jews and copied the notion of the master race from the Chosen people and their need to separate themselves from the "" unclean "" . "" My racism is a parody of yours , a hungry imitation . """,2,4,50,53,18,1.6121292114257812,32.87577672085374,18,36,72,35,72,144,0.4861111111111111,0.24305555555555555,2.9444444444444446,50,1.8561179637908936,50,1.1513456555689643
48,"Firstly , Hitler claims he took his doctrines from the Jews and copied the notion of the master race from the Chosen people and their need to separate themselves from the "" unclean "" . "" My racism is a parody of yours , a hungry imitation . """,2,6,50,52,17,1.8911657333374023,27.496268086580592,17,34,102,35,102,204,0.3431372549019608,0.1715686274509804,3.0588235294117645,50,1.8561179637908936,50,0.981467637167548
48,"Firstly , Hitler claims he took his doctrines from the Jews and copied the notion of the master race from the Chosen people and their need to separate themselves from the "" unclean "" . "" My racism is a parody of yours , a hungry imitation . """,2,8,50,53,8,1.0723910331726074,49.42227075808582,8,16,64,45,64,128,0.703125,0.3515625,6.625,50,1.8561179637908936,50,1.7308219729324619
48,"Firstly , Hitler claims he took his doctrines from the Jews and copied the notion of the master race from the Chosen people and their need to separate themselves from the "" unclean "" . "" My racism is a parody of yours , a hungry imitation . """,2,10,50,51,16,2.5051608085632324,20.35797455623205,16,32,160,35,160,320,0.21875,0.109375,3.1875,50,1.8561179637908936,50,0.7409176917690247
48,"Firstly , Hitler claims he took his doctrines from the Jews and copied the notion of the master race from the Chosen people and their need to separate themselves from the "" unclean "" . "" My racism is a parody of yours , a hungry imitation . """,4,2,50,52,19,1.8912608623504639,27.49488504477075,19,76,38,33,38,152,0.868421052631579,0.21710526315789475,2.736842105263158,50,1.8561179637908936,50,0.9814182700762418
48,"Firstly , Hitler claims he took his doctrines from the Jews and copied the notion of the master race from the Chosen people and their need to separate themselves from the "" unclean "" . "" My racism is a parody of yours , a hungry imitation . """,4,4,50,53,11,1.343562364578247,39.4473687245899,11,44,44,42,44,176,0.9545454545454546,0.23863636363636365,4.818181818181818,50,1.8561179637908936,50,1.3814899946036676
48,"Firstly , Hitler claims he took his doctrines from the Jews and copied the notion of the master race from the Chosen people and their need to separate themselves from the "" unclean "" . "" My racism is a parody of yours , a hungry imitation . """,4,6,50,56,11,1.6295216083526611,34.365914335197004,11,44,66,45,66,264,0.6818181818181818,0.17045454545454544,5.090909090909091,50,1.8561179637908936,50,1.1390569810653242
48,"Firstly , Hitler claims he took his doctrines from the Jews and copied the notion of the master race from the Chosen people and their need to separate themselves from the "" unclean "" . "" My racism is a parody of yours , a hungry imitation . """,4,8,50,55,9,1.5371294021606445,35.780982344550836,9,36,72,46,72,288,0.6388888888888888,0.1597222222222222,6.111111111111111,50,1.8561179637908936,50,1.2075222562146475
48,"Firstly , Hitler claims he took his doctrines from the Jews and copied the notion of the master race from the Chosen people and their need to separate themselves from the "" unclean "" . "" My racism is a parody of yours , a hungry imitation . """,4,10,50,51,8,1.5525157451629639,32.84990838830215,8,32,80,43,80,320,0.5375,0.134375,6.375,50,1.8561179637908936,50,1.195555001341427
48,"Firstly , Hitler claims he took his doctrines from the Jews and copied the notion of the master race from the Chosen people and their need to separate themselves from the "" unclean "" . "" My racism is a parody of yours , a hungry imitation . """,6,2,50,51,19,2.3896334171295166,21.342185640031094,19,114,38,32,38,228,0.8421052631578947,0.14035087719298245,2.6842105263157894,50,1.8561179637908936,50,0.7767375324121913
48,"Firstly , Hitler claims he took his doctrines from the Jews and copied the notion of the master race from the Chosen people and their need to separate themselves from the "" unclean "" . "" My racism is a parody of yours , a hungry imitation . """,6,4,50,54,11,1.6886136531829834,31.97889576352276,11,66,44,43,44,264,0.9772727272727273,0.16287878787878787,4.909090909090909,50,1.8561179637908936,50,1.0991963497939092
48,"Firstly , Hitler claims he took his doctrines from the Jews and copied the notion of the master race from the Chosen people and their need to separate themselves from the "" unclean "" . "" My racism is a parody of yours , a hungry imitation . """,6,6,50,53,10,1.7580416202545166,30.147181607866052,10,60,60,43,60,360,0.7166666666666667,0.11944444444444445,5.3,50,1.8561179637908936,50,1.0557872705665399
48,"Firstly , Hitler claims he took his doctrines from the Jews and copied the notion of the master race from the Chosen people and their need to separate themselves from the "" unclean "" . "" My racism is a parody of yours , a hungry imitation . """,6,8,50,51,8,1.6750080585479736,30.447614708320113,8,48,64,43,64,384,0.671875,0.11197916666666667,6.375,50,1.8561179637908936,50,1.1081247963666037
48,"Firstly , Hitler claims he took his doctrines from the Jews and copied the notion of the master race from the Chosen people and their need to separate themselves from the "" unclean "" . "" My racism is a parody of yours , a hungry imitation . """,6,10,50,54,8,1.8206896781921387,29.659090534098883,8,48,80,46,80,480,0.575,0.09583333333333334,6.75,50,1.8561179637908936,50,1.0194587172229885
48,"Firstly , Hitler claims he took his doctrines from the Jews and copied the notion of the master race from the Chosen people and their need to separate themselves from the "" unclean "" . "" My racism is a parody of yours , a hungry imitation . """,8,2,50,51,17,2.686979293823242,18.980421664296955,17,136,34,34,34,272,1.0,0.125,3.0,50,1.8561179637908936,50,0.6907823845377927
48,"Firstly , Hitler claims he took his doctrines from the Jews and copied the notion of the master race from the Chosen people and their need to separate themselves from the "" unclean "" . "" My racism is a parody of yours , a hungry imitation . """,8,4,50,52,11,2.0718648433685303,25.09816225051441,11,88,44,41,44,352,0.9318181818181818,0.11647727272727272,4.7272727272727275,50,1.8561179637908936,50,0.8958682656022746
48,"Firstly , Hitler claims he took his doctrines from the Jews and copied the notion of the master race from the Chosen people and their need to separate themselves from the "" unclean "" . "" My racism is a parody of yours , a hungry imitation . """,8,6,50,51,8,1.708240270614624,29.85528492525833,8,64,48,43,48,384,0.8958333333333334,0.11197916666666667,6.375,50,1.8561179637908936,50,1.0865672679189697
48,"Firstly , Hitler claims he took his doctrines from the Jews and copied the notion of the master race from the Chosen people and their need to separate themselves from the "" unclean "" . "" My racism is a parody of yours , a hungry imitation . """,8,8,50,55,9,2.237950086593628,24.576061963792593,9,72,72,46,72,576,0.6388888888888888,0.0798611111111111,6.111111111111111,50,1.8561179637908936,50,0.8293830925497007
48,"Firstly , Hitler claims he took his doctrines from the Jews and copied the notion of the master race from the Chosen people and their need to separate themselves from the "" unclean "" . "" My racism is a parody of yours , a hungry imitation . """,8,10,50,51,9,2.473005771636963,20.622677304243187,9,72,90,42,90,720,0.4666666666666667,0.058333333333333334,5.666666666666667,50,1.8561179637908936,50,0.7505514079582065
49,"Hitler justifies the Final Solution by maintaining that the Jews ' God , purer than any other , enslaves its subjects , continually demanding more than they can give and "" blackmailing "" them with ideals that cannot be attained . The "" virus of utopia "" had to be stopped .",1,2,50,50,26,1.5246450901031494,32.79451744183773,26,26,52,24,52,52,0.46153846153846156,0.46153846153846156,1.9230769230769231,50,1.855968713760376,50,1.217311967098396
49,"Hitler justifies the Final Solution by maintaining that the Jews ' God , purer than any other , enslaves its subjects , continually demanding more than they can give and "" blackmailing "" them with ideals that cannot be attained . The "" virus of utopia "" had to be stopped .",1,4,50,51,17,1.3383052349090576,38.10789845970051,17,17,68,34,68,68,0.5,0.5,3.0,50,1.855968713760376,50,1.3868052409482619
49,"Hitler justifies the Final Solution by maintaining that the Jews ' God , purer than any other , enslaves its subjects , continually demanding more than they can give and "" blackmailing "" them with ideals that cannot be attained . The "" virus of utopia "" had to be stopped .",1,6,50,51,17,1.6760222911834717,30.429189556893014,17,17,102,34,102,102,0.3333333333333333,0.3333333333333333,3.0,50,1.855968713760376,50,1.1073651726015175
49,"Hitler justifies the Final Solution by maintaining that the Jews ' God , purer than any other , enslaves its subjects , continually demanding more than they can give and "" blackmailing "" them with ideals that cannot be attained . The "" virus of utopia "" had to be stopped .",1,8,50,52,15,1.7871968746185303,29.095843182413343,15,15,120,37,120,120,0.30833333333333335,0.30833333333333335,3.466666666666667,50,1.855968713760376,50,1.0384802816737941
49,"Hitler justifies the Final Solution by maintaining that the Jews ' God , purer than any other , enslaves its subjects , continually demanding more than they can give and "" blackmailing "" them with ideals that cannot be attained . The "" virus of utopia "" had to be stopped .",1,10,50,51,19,2.672891139984131,19.08046281312556,19,19,190,32,190,190,0.16842105263157894,0.16842105263157894,2.6842105263157894,50,1.855968713760376,50,0.6943674906907713
49,"Hitler justifies the Final Solution by maintaining that the Jews ' God , purer than any other , enslaves its subjects , continually demanding more than they can give and "" blackmailing "" them with ideals that cannot be attained . The "" virus of utopia "" had to be stopped .",2,2,50,51,18,1.2690610885620117,40.18719071891859,18,36,36,33,36,72,0.9166666666666666,0.4583333333333333,2.8333333333333335,50,1.855968713760376,50,1.4624738954555736
49,"Hitler justifies the Final Solution by maintaining that the Jews ' God , purer than any other , enslaves its subjects , continually demanding more than they can give and "" blackmailing "" them with ideals that cannot be attained . The "" virus of utopia "" had to be stopped .",2,4,50,52,16,1.4632444381713867,35.53746636138545,16,32,64,36,64,128,0.5625,0.28125,3.25,50,1.855968713760376,50,1.2683928025585225
49,"Hitler justifies the Final Solution by maintaining that the Jews ' God , purer than any other , enslaves its subjects , continually demanding more than they can give and "" blackmailing "" them with ideals that cannot be attained . The "" virus of utopia "" had to be stopped .",2,6,50,50,12,1.3859386444091797,36.07663311914851,12,24,72,38,72,144,0.5277777777777778,0.2638888888888889,4.166666666666667,50,1.855968713760376,50,1.3391420473390208
49,"Hitler justifies the Final Solution by maintaining that the Jews ' God , purer than any other , enslaves its subjects , continually demanding more than they can give and "" blackmailing "" them with ideals that cannot be attained . The "" virus of utopia "" had to be stopped .",2,8,50,51,13,1.8083815574645996,28.20201289350871,13,26,104,38,104,208,0.36538461538461536,0.18269230769230768,3.923076923076923,50,1.855968713760376,50,1.0263147763807627
49,"Hitler justifies the Final Solution by maintaining that the Jews ' God , purer than any other , enslaves its subjects , continually demanding more than they can give and "" blackmailing "" them with ideals that cannot be attained . The "" virus of utopia "" had to be stopped .",2,10,50,55,14,2.2003016471862793,24.99657266099554,14,28,140,41,140,280,0.29285714285714287,0.14642857142857144,3.9285714285714284,50,1.855968713760376,50,0.8435064874553758
49,"Hitler justifies the Final Solution by maintaining that the Jews ' God , purer than any other , enslaves its subjects , continually demanding more than they can give and "" blackmailing "" them with ideals that cannot be attained . The "" virus of utopia "" had to be stopped .",4,2,50,52,18,1.8832330703735352,27.612089452998994,18,72,36,34,36,144,0.9444444444444444,0.2361111111111111,2.888888888888889,50,1.855968713760376,50,0.9855225797369035
49,"Hitler justifies the Final Solution by maintaining that the Jews ' God , purer than any other , enslaves its subjects , continually demanding more than they can give and "" blackmailing "" them with ideals that cannot be attained . The "" virus of utopia "" had to be stopped .",4,4,50,53,13,1.6543149948120117,32.037429489673855,13,52,52,40,52,208,0.7692307692307693,0.19230769230769232,4.076923076923077,50,1.855968713760376,50,1.1218956000403535
49,"Hitler justifies the Final Solution by maintaining that the Jews ' God , purer than any other , enslaves its subjects , continually demanding more than they can give and "" blackmailing "" them with ideals that cannot be attained . The "" virus of utopia "" had to be stopped .",4,6,50,51,12,1.8024022579193115,28.295570412164412,12,48,72,39,72,288,0.5416666666666666,0.13541666666666666,4.25,50,1.855968713760376,50,1.029719478881979
49,"Hitler justifies the Final Solution by maintaining that the Jews ' God , purer than any other , enslaves its subjects , continually demanding more than they can give and "" blackmailing "" them with ideals that cannot be attained . The "" virus of utopia "" had to be stopped .",4,8,50,57,9,1.5834980010986328,35.996256364361265,9,36,72,48,72,288,0.6666666666666666,0.16666666666666666,6.333333333333333,50,1.855968713760376,50,1.1720688706096898
49,"Hitler justifies the Final Solution by maintaining that the Jews ' God , purer than any other , enslaves its subjects , continually demanding more than they can give and "" blackmailing "" them with ideals that cannot be attained . The "" virus of utopia "" had to be stopped .",4,10,50,55,7,1.3818790912628174,39.80087718798811,7,28,70,48,70,280,0.6857142857142857,0.17142857142857143,7.857142857142857,50,1.855968713760376,50,1.3430760516568176
49,"Hitler justifies the Final Solution by maintaining that the Jews ' God , purer than any other , enslaves its subjects , continually demanding more than they can give and "" blackmailing "" them with ideals that cannot be attained . The "" virus of utopia "" had to be stopped .",6,2,50,51,18,2.477691650390625,20.583675128404096,18,108,36,33,36,216,0.9166666666666666,0.1527777777777778,2.8333333333333335,50,1.855968713760376,50,0.7490717069122664
49,"Hitler justifies the Final Solution by maintaining that the Jews ' God , purer than any other , enslaves its subjects , continually demanding more than they can give and "" blackmailing "" them with ideals that cannot be attained . The "" virus of utopia "" had to be stopped .",6,4,50,50,11,1.8034319877624512,27.724915793489863,11,66,44,39,44,264,0.8863636363636364,0.14772727272727273,4.545454545454546,50,1.855968713760376,50,1.0291315260871623
49,"Hitler justifies the Final Solution by maintaining that the Jews ' God , purer than any other , enslaves its subjects , continually demanding more than they can give and "" blackmailing "" them with ideals that cannot be attained . The "" virus of utopia "" had to be stopped .",6,6,50,53,11,2.041486978530884,25.961468555699735,11,66,66,42,66,396,0.6363636363636364,0.10606060606060606,4.818181818181818,50,1.855968713760376,50,0.9091259132575941
49,"Hitler justifies the Final Solution by maintaining that the Jews ' God , purer than any other , enslaves its subjects , continually demanding more than they can give and "" blackmailing "" them with ideals that cannot be attained . The "" virus of utopia "" had to be stopped .",6,8,50,50,8,1.6789650917053223,29.78024989740262,8,48,64,42,64,384,0.65625,0.109375,6.25,50,1.855968713760376,50,1.1054242419508982
49,"Hitler justifies the Final Solution by maintaining that the Jews ' God , purer than any other , enslaves its subjects , continually demanding more than they can give and "" blackmailing "" them with ideals that cannot be attained . The "" virus of utopia "" had to be stopped .",6,10,50,57,8,1.8953838348388672,30.073064332558136,8,48,80,49,80,480,0.6125,0.10208333333333333,7.125,50,1.855968713760376,50,0.9792046759321222
49,"Hitler justifies the Final Solution by maintaining that the Jews ' God , purer than any other , enslaves its subjects , continually demanding more than they can give and "" blackmailing "" them with ideals that cannot be attained . The "" virus of utopia "" had to be stopped .",8,2,50,51,17,2.902556896209717,17.57071500186542,17,136,34,34,34,272,1.0,0.125,3.0,50,1.855968713760376,50,0.6394254376835746
49,"Hitler justifies the Final Solution by maintaining that the Jews ' God , purer than any other , enslaves its subjects , continually demanding more than they can give and "" blackmailing "" them with ideals that cannot be attained . The "" virus of utopia "" had to be stopped .",8,4,50,54,12,2.4008803367614746,22.49174986906682,12,96,48,42,48,384,0.875,0.109375,4.5,50,1.855968713760376,50,0.7730367421242973
49,"Hitler justifies the Final Solution by maintaining that the Jews ' God , purer than any other , enslaves its subjects , continually demanding more than they can give and "" blackmailing "" them with ideals that cannot be attained . The "" virus of utopia "" had to be stopped .",8,6,50,54,9,2.0474135875701904,26.374739489780175,9,72,54,45,54,432,0.8333333333333334,0.10416666666666667,6.0,50,1.855968713760376,50,0.9064942838261538
49,"Hitler justifies the Final Solution by maintaining that the Jews ' God , purer than any other , enslaves its subjects , continually demanding more than they can give and "" blackmailing "" them with ideals that cannot be attained . The "" virus of utopia "" had to be stopped .",8,8,50,56,8,2.1400363445281982,26.16777988055432,8,64,64,48,64,512,0.75,0.09375,7.0,50,1.855968713760376,50,0.8672603708370902
49,"Hitler justifies the Final Solution by maintaining that the Jews ' God , purer than any other , enslaves its subjects , continually demanding more than they can give and "" blackmailing "" them with ideals that cannot be attained . The "" virus of utopia "" had to be stopped .",8,10,50,51,9,2.620772361755371,19.459912178652797,9,72,90,42,90,720,0.4666666666666667,0.058333333333333334,5.666666666666667,50,1.855968713760376,50,0.7081762387471394
