prompt_id,prompt,N,K,max_new_tokens,batch_tokens_generated,batch_rounds,batch_time,batch_tokens_per_second,batch_target_calls,batch_target_sequences_evaluated,batch_draft_calls,batch_total_accepted,chosen_path_drafted_tokens,total_draft_compute_tokens,best_path_acceptance_rate,compute_adjusted_acceptance_rate,generated_tokens_per_target_call,ar_tokens_generated,ar_time,ar_target_calls,speedup_vs_ar,dataset
0,Which is a species of fish? Tope or Rope,1,2,50,52,21,1.2848405838012695,40.47194699139657,21,21,42,31,42,42,0.7380952380952381,0.7380952380952381,2.4761904761904763,50,1.880654573440552,50,1.4637260039502602,dolly_15k
0,Which is a species of fish? Tope or Rope,1,4,50,50,16,1.2416763305664062,40.26814296862039,16,16,64,34,64,64,0.53125,0.53125,3.125,50,1.880654573440552,50,1.5146093447578788,dolly_15k
0,Which is a species of fish? Tope or Rope,1,6,50,52,19,1.863588809967041,27.903151018018647,19,19,114,33,114,114,0.2894736842105263,0.2894736842105263,2.736842105263158,50,1.880654573440552,50,1.009157472604599,dolly_15k
0,Which is a species of fish? Tope or Rope,1,8,50,52,14,1.6257143020629885,31.98593992438486,14,14,112,38,112,112,0.3392857142857143,0.3392857142857143,3.7142857142857135,50,1.880654573440552,50,1.1568173885497908,dolly_15k
0,Which is a species of fish? Tope or Rope,1,10,50,53,18,2.4762213230133057,21.403579521520506,18,18,180,35,180,180,0.1944444444444444,0.1944444444444444,2.9444444444444446,50,1.880654573440552,50,0.7594856550027561,dolly_15k
0,Which is a species of fish? Tope or Rope,2,2,50,51,18,1.0507125854492188,48.53848779035573,18,36,36,33,36,72,0.9166666666666666,0.4583333333333333,2.833333333333333,50,1.880654573440552,50,1.789884883349429,dolly_15k
0,Which is a species of fish? Tope or Rope,2,4,50,50,14,1.1157419681549072,44.81322870975676,14,28,56,36,56,112,0.6428571428571429,0.3214285714285714,3.571428571428572,50,1.880654573440552,50,1.6855640704728296,dolly_15k
0,Which is a species of fish? Tope or Rope,2,6,50,52,14,1.3998067378997805,37.1479852126008,14,28,84,38,84,168,0.4523809523809524,0.2261904761904762,3.7142857142857135,50,1.880654573440552,50,1.3435101593111476,dolly_15k
0,Which is a species of fish? Tope or Rope,2,8,50,51,10,1.2168169021606443,41.9126327958148,10,20,80,41,80,160,0.5125,0.25625,5.1,50,1.880654573440552,50,1.5455526382820306,dolly_15k
0,Which is a species of fish? Tope or Rope,2,10,50,55,13,1.8297944068908687,30.058021706085725,13,26,130,42,130,260,0.3230769230769231,0.1615384615384615,4.230769230769231,50,1.880654573440552,50,1.0277955634568272,dolly_15k
0,Which is a species of fish? Tope or Rope,4,2,50,51,17,1.1660256385803225,43.73831784873471,17,68,34,34,34,136,1.0,0.25,3.0,50,1.880654573440552,50,1.6128758332709696,dolly_15k
0,Which is a species of fish? Tope or Rope,4,4,50,52,12,1.0879526138305664,47.79619933713242,12,48,48,40,48,192,0.8333333333333334,0.2083333333333333,4.333333333333333,50,1.880654573440552,50,1.7286180937779685,dolly_15k
0,Which is a species of fish? Tope or Rope,4,6,50,53,10,1.1044683456420898,47.98688908480044,10,40,60,43,60,240,0.7166666666666667,0.1791666666666666,5.3,50,1.880654573440552,50,1.7027691023115932,dolly_15k
0,Which is a species of fish? Tope or Rope,4,8,50,56,9,1.2531979084014893,44.68567943225387,9,36,72,47,72,288,0.6527777777777778,0.1631944444444444,6.222222222222222,50,1.880654573440552,50,1.5006844177065473,dolly_15k
0,Which is a species of fish? Tope or Rope,4,10,50,52,10,1.5637118816375732,33.254207895091135,10,40,100,42,100,400,0.42,0.105,5.2,50,1.880654573440552,50,1.202686118539347,dolly_15k
0,Which is a species of fish? Tope or Rope,6,2,50,51,17,1.410364866256714,36.16085540712626,17,102,34,34,34,204,1.0,0.1666666666666666,3.0,50,1.880654573440552,50,1.3334525117830296,dolly_15k
0,Which is a species of fish? Tope or Rope,6,4,50,53,11,1.1830744743347168,44.79853225622479,11,66,44,42,44,264,0.9545454545454546,0.1590909090909091,4.818181818181818,50,1.880654573440552,50,1.589633293794212,dolly_15k
0,Which is a species of fish? Tope or Rope,6,6,50,53,10,1.3241276741027832,40.02635171560198,10,60,60,43,60,360,0.7166666666666667,0.1194444444444444,5.3,50,1.880654573440552,50,1.4202970077752253,dolly_15k
0,Which is a species of fish? Tope or Rope,6,8,50,58,8,1.2625889778137207,45.937356510455125,8,48,64,50,64,384,0.78125,0.1302083333333333,7.25,50,1.880654573440552,50,1.4895224071233883,dolly_15k
0,Which is a species of fish? Tope or Rope,6,10,50,60,9,1.6071951389312744,37.33211888625907,9,54,90,51,90,540,0.5666666666666667,0.0944444444444444,6.666666666666667,50,1.880654573440552,50,1.170147001994492,dolly_15k
0,Which is a species of fish? Tope or Rope,8,2,50,51,17,1.6488134860992432,30.931333610483502,17,136,34,34,34,272,1.0,0.125,3.0,50,1.880654573440552,50,1.1406108630817895,dolly_15k
0,Which is a species of fish? Tope or Rope,8,4,50,52,11,1.3329241275787354,39.01197294286983,11,88,44,41,44,352,0.9318181818181818,0.1164772727272727,4.727272727272728,50,1.880654573440552,50,1.410923948729754,dolly_15k
0,Which is a species of fish? Tope or Rope,8,6,50,56,9,1.331413507461548,42.06056171592304,9,72,54,47,54,432,0.8703703703703703,0.1087962962962963,6.222222222222222,50,1.880654573440552,50,1.4125247812951651,dolly_15k
0,Which is a species of fish? Tope or Rope,8,8,50,15,2,0.2785718441009521,53.84607352695746,2,16,16,13,16,128,0.8125,0.1015625,7.5,50,1.880654573440552,50,6.751057629352585,dolly_15k
0,Which is a species of fish? Tope or Rope,8,10,50,50,7,1.3848836421966553,36.104116242352106,7,56,70,43,70,560,0.6142857142857143,0.0767857142857142,7.142857142857143,50,1.880654573440552,50,1.3579874266241758,dolly_15k
1,Why can camels survive for long without water?,1,2,50,50,24,1.4047722816467283,35.59295741612161,24,24,48,26,48,48,0.5416666666666666,0.5416666666666666,2.083333333333333,50,1.8921072483062744,50,1.3469138543140051,dolly_15k
1,Why can camels survive for long without water?,1,4,50,51,19,1.494520664215088,34.12465362383253,19,19,76,32,76,76,0.4210526315789473,0.4210526315789473,2.6842105263157894,50,1.8921072483062744,50,1.2660294993645982,dolly_15k
1,Why can camels survive for long without water?,1,6,50,53,14,1.374640941619873,38.55552267892221,14,14,84,39,84,84,0.4642857142857143,0.4642857142857143,3.7857142857142856,50,1.8921072483062744,50,1.3764374325099182,dolly_15k
1,Why can camels survive for long without water?,1,8,50,55,18,2.122976779937744,25.907019106263075,18,18,144,37,144,144,0.2569444444444444,0.2569444444444444,3.055555555555556,50,1.8921072483062744,50,0.8912519751449001,dolly_15k
1,Why can camels survive for long without water?,1,10,50,59,16,2.204720258712769,26.760764667009184,16,16,160,43,160,160,0.26875,0.26875,3.6875,50,1.8921072483062744,50,0.8582074033333308,dolly_15k
1,Why can camels survive for long without water?,2,2,50,15,7,0.4083330631256103,36.734718186133605,7,14,14,8,14,28,0.5714285714285714,0.2857142857142857,2.142857142857143,50,1.8921072483062744,50,4.63373510296478,dolly_15k
1,Why can camels survive for long without water?,2,4,50,50,14,1.1083457469940186,45.11227668406421,14,28,56,36,56,112,0.6428571428571429,0.3214285714285714,3.571428571428572,50,1.8921072483062744,50,1.707145314030321,dolly_15k
1,Why can camels survive for long without water?,2,6,50,51,15,1.501239776611328,33.97192160410224,15,30,90,36,90,180,0.4,0.2,3.4,50,1.8921072483062744,50,1.260363119725772,dolly_15k
1,Why can camels survive for long without water?,2,8,50,54,15,1.8067889213562007,29.887276461417997,15,30,120,39,120,240,0.325,0.1625,3.6,50,1.8921072483062744,50,1.0472209708293054,dolly_15k
1,Why can camels survive for long without water?,2,10,50,50,16,2.237694025039673,22.344431115471,16,32,160,34,160,320,0.2125,0.10625,3.125,50,1.8921072483062744,50,0.8455612014572584,dolly_15k
1,Why can camels survive for long without water?,4,2,50,51,18,1.211869478225708,42.08373997063516,18,72,36,33,36,144,0.9166666666666666,0.2291666666666666,2.833333333333333,50,1.8921072483062744,50,1.5613127340053972,dolly_15k
1,Why can camels survive for long without water?,4,4,50,50,12,1.0899407863616943,45.87405171514301,12,48,48,38,48,192,0.7916666666666666,0.1979166666666666,4.166666666666667,50,1.8921072483062744,50,1.7359725151879792,dolly_15k
1,Why can camels survive for long without water?,4,6,50,50,10,1.1247656345367432,44.45370525620076,10,40,60,40,60,240,0.6666666666666666,0.1666666666666666,5.0,50,1.8921072483062744,50,1.6822235585865637,dolly_15k
1,Why can camels survive for long without water?,4,8,50,57,12,1.6282732486724854,35.00640942573461,12,48,96,45,96,384,0.46875,0.1171875,4.75,50,1.8921072483062744,50,1.162033000203676,dolly_15k
1,Why can camels survive for long without water?,4,10,50,52,8,1.2281973361968994,42.33847319765199,8,32,80,44,80,320,0.55,0.1375,6.5,50,1.8921072483062744,50,1.5405563849903512,dolly_15k
1,Why can camels survive for long without water?,6,2,50,50,17,1.3716797828674316,36.45165630091695,17,102,34,33,34,204,0.9705882352941176,0.1617647058823529,2.9411764705882355,50,1.8921072483062744,50,1.3794088619946805,dolly_15k
1,Why can camels survive for long without water?,6,4,50,51,12,1.290757417678833,39.51168461360712,12,72,48,39,48,288,0.8125,0.1354166666666666,4.25,50,1.8921072483062744,50,1.4658891147097552,dolly_15k
1,Why can camels survive for long without water?,6,6,50,52,9,1.1435463428497314,45.47257776227535,9,54,54,43,54,324,0.7962962962962963,0.132716049382716,5.777777777777778,50,1.8921072483062744,50,1.654596038137921,dolly_15k
1,Why can camels survive for long without water?,6,8,50,50,7,1.0569589138031006,47.30552848084919,7,42,56,43,56,336,0.7678571428571429,0.1279761904761904,7.142857142857143,50,1.8921072483062744,50,1.7901426664714732,dolly_15k
1,Why can camels survive for long without water?,6,10,50,50,8,1.3855433464050293,36.08692584734461,8,48,80,42,80,480,0.525,0.0875,6.25,50,1.8921072483062744,50,1.3656066792970356,dolly_15k
1,Why can camels survive for long without water?,8,2,50,52,18,1.7020063400268557,30.552177613615417,18,144,36,34,36,288,0.9444444444444444,0.1180555555555555,2.888888888888889,50,1.8921072483062744,50,1.1116922445050466,dolly_15k
1,Why can camels survive for long without water?,8,4,50,51,12,1.4467158317565918,35.25225817020069,12,96,48,39,48,384,0.8125,0.1015625,4.25,50,1.8921072483062744,50,1.3078637882941335,dolly_15k
1,Why can camels survive for long without water?,8,6,50,56,8,1.1570303440093994,48.399767810709264,8,64,48,48,48,384,1.0,0.125,7.0,50,1.8921072483062744,50,1.635313419481852,dolly_15k
1,Why can camels survive for long without water?,8,8,50,57,10,1.736076831817627,32.832648276472014,10,80,80,47,80,640,0.5875,0.0734375,5.7,50,1.8921072483062744,50,1.0898752944737404,dolly_15k
1,Why can camels survive for long without water?,8,10,50,50,8,1.5164058208465576,32.97270381888056,8,64,80,42,80,640,0.525,0.065625,6.25,50,1.8921072483062744,50,1.2477578378391976,dolly_15k
2,"Alice's parents have three daughters: Amy, Jessy, and what’s the name of the third daughter?",1,2,50,50,21,1.232192039489746,40.5780904255031,21,21,42,29,42,42,0.6904761904761905,0.6904761904761905,2.380952380952381,50,1.8741650581359863,50,1.5210007840272064,dolly_15k
2,"Alice's parents have three daughters: Amy, Jessy, and what’s the name of the third daughter?",1,4,50,50,18,1.4105608463287354,35.44689343259096,18,18,72,32,72,72,0.4444444444444444,0.4444444444444444,2.7777777777777777,50,1.8741650581359863,50,1.328666581816639,dolly_15k
2,"Alice's parents have three daughters: Amy, Jessy, and what’s the name of the third daughter?",1,6,50,53,16,1.576420545578003,33.62047021568554,16,16,96,37,96,96,0.3854166666666667,0.3854166666666667,3.3125,50,1.8741650581359863,50,1.18887378332716,dolly_15k
2,"Alice's parents have three daughters: Amy, Jessy, and what’s the name of the third daughter?",1,8,50,5,1,0.1187794208526611,42.09483397130051,1,1,8,4,8,8,0.5,0.5,5.0,50,1.8741650581359863,50,15.778533391409422,dolly_15k
2,"Alice's parents have three daughters: Amy, Jessy, and what’s the name of the third daughter?",1,10,50,51,21,2.8851418495178223,17.676773850312888,21,21,210,30,210,210,0.1428571428571428,0.1428571428571428,2.4285714285714284,50,1.8741650581359863,50,0.6495919978593792,dolly_15k
2,"Alice's parents have three daughters: Amy, Jessy, and what’s the name of the third daughter?",2,2,50,50,19,1.1325631141662598,44.14765002902966,19,38,38,31,38,76,0.8157894736842105,0.4078947368421052,2.631578947368421,50,1.8741650581359863,50,1.6547996616644711,dolly_15k
2,"Alice's parents have three daughters: Amy, Jessy, and what’s the name of the third daughter?",2,4,50,52,14,1.1249291896820068,46.22513174780297,14,28,56,38,56,112,0.6785714285714286,0.3392857142857143,3.7142857142857135,50,1.8741650581359863,50,1.6660293601820149,dolly_15k
2,"Alice's parents have three daughters: Amy, Jessy, and what’s the name of the third daughter?",2,6,50,53,12,1.2040553092956543,44.01791146206052,12,24,72,41,72,144,0.5694444444444444,0.2847222222222222,4.416666666666667,50,1.8741650581359863,50,1.5565439923456104,dolly_15k
2,"Alice's parents have three daughters: Amy, Jessy, and what’s the name of the third daughter?",2,8,50,52,9,1.0855882167816162,47.90029883905847,9,18,72,43,72,144,0.5972222222222222,0.2986111111111111,5.777777777777778,50,1.8741650581359863,50,1.726405122277599,dolly_15k
2,"Alice's parents have three daughters: Amy, Jessy, and what’s the name of the third daughter?",2,10,50,51,14,2.011629819869995,25.352577047846687,14,28,140,37,140,280,0.2642857142857143,0.1321428571428571,3.642857142857143,50,1.8741650581359863,50,0.9316649811132284,dolly_15k
2,"Alice's parents have three daughters: Amy, Jessy, and what’s the name of the third daughter?",4,2,50,51,18,1.3913230895996094,36.655756223147726,18,72,36,33,36,144,0.9166666666666666,0.2291666666666666,2.833333333333333,50,1.8741650581359863,50,1.3470379900583176,dolly_15k
2,"Alice's parents have three daughters: Amy, Jessy, and what’s the name of the third daughter?",4,4,50,50,12,1.2295794486999512,40.664310104455296,12,48,48,38,48,192,0.7916666666666666,0.1979166666666666,4.166666666666667,50,1.8741650581359863,50,1.5242325822195248,dolly_15k
2,"Alice's parents have three daughters: Amy, Jessy, and what’s the name of the third daughter?",4,6,50,52,10,1.2212157249450684,42.58051950840955,10,40,60,42,60,240,0.7,0.175,5.2,50,1.8741650581359863,50,1.534671573460363,dolly_15k
2,"Alice's parents have three daughters: Amy, Jessy, and what’s the name of the third daughter?",4,8,50,52,14,2.1014938354492188,24.744302896746017,14,56,112,38,112,448,0.3392857142857143,0.0848214285714285,3.7142857142857135,50,1.8741650581359863,50,0.8918251514810471,dolly_15k
2,"Alice's parents have three daughters: Amy, Jessy, and what’s the name of the third daughter?",4,10,50,52,10,1.6390907764434814,31.72490550696052,10,40,100,42,100,400,0.42,0.105,5.2,50,1.8741650581359863,50,1.1434174879579104,dolly_15k
2,"Alice's parents have three daughters: Amy, Jessy, and what’s the name of the third daughter?",6,2,50,50,17,1.6318378448486328,30.64029931517977,17,102,34,33,34,204,0.9705882352941176,0.1617647058823529,2.9411764705882355,50,1.8741650581359863,50,1.1484995669467584,dolly_15k
2,"Alice's parents have three daughters: Amy, Jessy, and what’s the name of the third daughter?",6,4,50,54,12,1.4569432735443115,37.06390013980022,12,72,48,42,48,288,0.875,0.1458333333333333,4.5,50,1.8741650581359863,50,1.2863678992639829,dolly_15k
2,"Alice's parents have three daughters: Amy, Jessy, and what’s the name of the third daughter?",6,6,50,52,14,1.9863550662994385,26.178602648757824,14,84,84,38,84,504,0.4523809523809524,0.0753968253968253,3.7142857142857135,50,1.8741650581359863,50,0.9435196606755402,dolly_15k
2,"Alice's parents have three daughters: Amy, Jessy, and what’s the name of the third daughter?",6,8,50,50,11,1.838271141052246,27.1994695904215,11,66,88,39,88,528,0.4431818181818182,0.0738636363636363,4.545454545454546,50,1.8741650581359863,50,1.0195259101240062,dolly_15k
2,"Alice's parents have three daughters: Amy, Jessy, and what’s the name of the third daughter?",6,10,50,51,8,1.621424674987793,31.453820079791225,8,48,80,43,80,480,0.5375,0.0895833333333333,6.375,50,1.8741650581359863,50,1.155875500753741,dolly_15k
2,"Alice's parents have three daughters: Amy, Jessy, and what’s the name of the third daughter?",8,2,50,51,18,2.117400646209717,24.0861360325422,18,144,36,33,36,288,0.9166666666666666,0.1145833333333333,2.833333333333333,50,1.8741650581359863,50,0.8851253830921711,dolly_15k
2,"Alice's parents have three daughters: Amy, Jessy, and what’s the name of the third daughter?",8,4,50,52,11,1.5588171482086182,33.35862712298106,11,88,44,41,44,352,0.9318181818181818,0.1164772727272727,4.727272727272728,50,1.8741650581359863,50,1.2022994873322788,dolly_15k
2,"Alice's parents have three daughters: Amy, Jessy, and what’s the name of the third daughter?",8,6,50,52,9,1.4971632957458496,34.73235027051267,9,72,54,43,54,432,0.7962962962962963,0.099537037037037,5.777777777777778,50,1.8741650581359863,50,1.251810716614131,dolly_15k
2,"Alice's parents have three daughters: Amy, Jessy, and what’s the name of the third daughter?",8,8,50,58,10,1.9353163242340088,29.9692609800913,10,80,80,48,80,640,0.6,0.075,5.8,50,1.8741650581359863,50,0.9684024439145752,dolly_15k
2,"Alice's parents have three daughters: Amy, Jessy, and what’s the name of the third daughter?",8,10,50,53,10,2.255364179611206,23.499530798230765,10,80,100,43,100,800,0.43,0.05375,5.3,50,1.8741650581359863,50,0.8309811227289541,dolly_15k
3,Who gave the UN the land in NY to build their HQ,1,2,50,51,27,1.5874836444854736,32.126315239316895,27,27,54,24,54,54,0.4444444444444444,0.4444444444444444,1.8888888888888888,50,1.8469417095184328,50,1.163439835071216,dolly_15k
3,Who gave the UN the land in NY to build their HQ,1,4,50,54,19,1.5007436275482178,35.98216178216957,19,19,76,35,76,76,0.4605263157894737,0.4605263157894737,2.8421052631578947,50,1.8469417095184328,50,1.2306843591505383,dolly_15k
3,Who gave the UN the land in NY to build their HQ,1,6,50,50,22,2.1629462242126465,23.11661725117597,22,22,132,28,132,132,0.2121212121212121,0.2121212121212121,2.272727272727273,50,1.8469417095184328,50,0.8539008916834049,dolly_15k
3,Who gave the UN the land in NY to build their HQ,1,8,50,53,16,1.911205768585205,27.731184611918547,16,16,128,37,128,128,0.2890625,0.2890625,3.3125,50,1.8469417095184328,50,0.9663751229077,dolly_15k
3,Who gave the UN the land in NY to build their HQ,1,10,50,52,16,2.235503673553467,23.260977208479773,16,16,160,36,160,160,0.225,0.225,3.25,50,1.8469417095184328,50,0.8261859425095949,dolly_15k
3,Who gave the UN the land in NY to build their HQ,2,2,50,51,20,1.1821749210357666,43.14082382606812,20,40,40,31,40,80,0.775,0.3875,2.55,50,1.8469417095184328,50,1.562325233477486,dolly_15k
3,Who gave the UN the land in NY to build their HQ,2,4,50,51,15,1.178713083267212,43.26752686806175,15,30,60,36,60,120,0.6,0.3,3.4,50,1.8469417095184328,50,1.566913726281033,dolly_15k
3,Who gave the UN the land in NY to build their HQ,2,6,50,51,15,1.5072107315063477,33.837338690542104,15,30,90,36,90,180,0.4,0.2,3.4,50,1.8469417095184328,50,1.2254037679738046,dolly_15k
3,Who gave the UN the land in NY to build their HQ,2,8,50,50,14,1.6823439598083496,29.72043838508264,14,28,112,36,112,224,0.3214285714285714,0.1607142857142857,3.571428571428572,50,1.8469417095184328,50,1.0978383455716356,dolly_15k
3,Who gave the UN the land in NY to build their HQ,2,10,50,52,16,2.2712528705596924,22.894852737020837,16,32,160,36,160,320,0.225,0.1125,3.25,50,1.8469417095184328,50,0.8131818933324235,dolly_15k
3,Who gave the UN the land in NY to build their HQ,4,2,50,51,17,1.1697523593902588,43.59897168883172,17,68,34,34,34,136,1.0,0.25,3.0,50,1.8469417095184328,50,1.5789168491022862,dolly_15k
3,Who gave the UN the land in NY to build their HQ,4,4,50,54,13,1.2013263702392578,44.95031603214144,13,52,52,41,52,208,0.7884615384615384,0.1971153846153846,4.153846153846154,50,1.8469417095184328,50,1.5374187691814285,dolly_15k
3,Who gave the UN the land in NY to build their HQ,4,6,50,55,12,1.382307052612305,39.78855486272762,12,48,72,43,72,288,0.5972222222222222,0.1493055555555555,4.583333333333333,50,1.8469417095184328,50,1.3361298461351654,dolly_15k
3,Who gave the UN the land in NY to build their HQ,4,8,50,52,9,1.2343389987945557,42.12781095856384,9,36,72,43,72,288,0.5972222222222222,0.1493055555555555,5.777777777777778,50,1.8469417095184328,50,1.4963002151938318,dolly_15k
3,Who gave the UN the land in NY to build their HQ,4,10,50,50,8,1.256076097488403,39.80650543384902,8,32,80,42,80,320,0.525,0.13125,6.25,50,1.8469417095184328,50,1.470405903918958,dolly_15k
3,Who gave the UN the land in NY to build their HQ,6,2,50,51,17,1.4281392097473145,35.7108044173254,17,102,34,34,34,204,1.0,0.1666666666666666,3.0,50,1.8469417095184328,50,1.2932504737022228,dolly_15k
3,Who gave the UN the land in NY to build their HQ,6,4,50,50,12,1.2983958721160889,38.5090565010126,12,72,48,38,48,288,0.7916666666666666,0.1319444444444444,4.166666666666667,50,1.8469417095184328,50,1.4224796529184425,dolly_15k
3,Who gave the UN the land in NY to build their HQ,6,6,50,51,10,1.2703793048858645,40.14549025149779,10,60,60,41,60,360,0.6833333333333333,0.1138888888888888,5.1,50,1.8469417095184328,50,1.453850595971704,dolly_15k
3,Who gave the UN the land in NY to build their HQ,6,8,50,51,8,1.1855294704437256,43.01875345276021,8,48,64,43,64,384,0.671875,0.1119791666666666,6.375,50,1.8469417095184328,50,1.557904510654763,dolly_15k
3,Who gave the UN the land in NY to build their HQ,6,10,50,51,6,1.0586543083190918,48.17436589001058,6,36,60,45,60,360,0.75,0.125,8.5,50,1.8469417095184328,50,1.744612660624757,dolly_15k
3,Who gave the UN the land in NY to build their HQ,8,2,50,50,17,1.6493396759033203,30.315162322531105,17,136,34,33,34,272,0.9705882352941176,0.1213235294117647,2.9411764705882355,50,1.8469417095184328,50,1.1198067544860877,dolly_15k
3,Who gave the UN the land in NY to build their HQ,8,4,50,50,10,1.2084884643554688,41.37399857322332,10,80,40,40,40,320,1.0,0.125,5.0,50,1.8469417095184328,50,1.5283072730888452,dolly_15k
3,Who gave the UN the land in NY to build their HQ,8,6,50,52,8,1.173513412475586,44.31138106065901,8,64,48,44,48,384,0.9166666666666666,0.1145833333333333,6.5,50,1.8469417095184328,50,1.5738564978326202,dolly_15k
3,Who gave the UN the land in NY to build their HQ,8,8,50,54,8,1.4135990142822266,38.200366196080864,8,64,64,46,64,512,0.71875,0.08984375,6.75,50,1.8469417095184328,50,1.3065527712299951,dolly_15k
3,Who gave the UN the land in NY to build their HQ,8,10,50,54,7,1.4026265144348145,38.49920092360381,7,56,70,47,70,560,0.6714285714285714,0.0839285714285714,7.714285714285714,50,1.8469417095184328,50,1.3167737031284157,dolly_15k
4,Why mobile is bad for human,1,2,50,51,21,1.224853515625,41.63763205102651,21,21,42,30,42,42,0.7142857142857143,0.7142857142857143,2.4285714285714284,50,1.8756039142608645,50,1.5312883461854694,dolly_15k
4,Why mobile is bad for human,1,4,50,52,18,1.398288011550903,37.18833285449146,18,18,72,34,72,72,0.4722222222222222,0.4722222222222222,2.888888888888889,50,1.8756039142608645,50,1.3413573589753864,dolly_15k
4,Why mobile is bad for human,1,6,50,52,16,1.5814592838287354,32.88102357849344,16,16,96,36,96,96,0.375,0.375,3.25,50,1.8756039142608645,50,1.1859957024755017,dolly_15k
4,Why mobile is bad for human,1,8,50,51,16,1.85088849067688,27.554334178905087,16,16,128,35,128,128,0.2734375,0.2734375,3.1875,50,1.8756039142608645,50,1.0133532753099277,dolly_15k
4,Why mobile is bad for human,1,10,50,50,17,2.3065121173858643,21.677753012053795,17,17,170,33,170,170,0.1941176470588235,0.1941176470588235,2.9411764705882355,50,1.8756039142608645,50,0.8131775680357668,dolly_15k
4,Why mobile is bad for human,2,2,50,51,19,1.1208486557006836,45.50123671078325,19,38,38,32,38,76,0.8421052631578947,0.4210526315789473,2.6842105263157894,50,1.8756039142608645,50,1.6733783858520628,dolly_15k
4,Why mobile is bad for human,2,4,50,50,13,1.0117945671081543,49.41714615340025,13,26,52,37,52,104,0.7115384615384616,0.3557692307692308,3.8461538461538463,50,1.8756039142608645,50,1.8537398551383744,dolly_15k
4,Why mobile is bad for human,2,6,50,50,13,1.2659962177276611,39.494588767212186,13,26,78,37,78,156,0.4743589743589743,0.2371794871794871,3.8461538461538463,50,1.8756039142608645,50,1.4815241056781268,dolly_15k
4,Why mobile is bad for human,2,8,50,51,12,1.408658504486084,36.204658430402304,12,24,96,39,96,192,0.40625,0.203125,4.25,50,1.8756039142608645,50,1.3314823346380422,dolly_15k
4,Why mobile is bad for human,2,10,50,51,11,1.4987561702728271,34.02821687180523,11,22,110,40,110,220,0.3636363636363636,0.1818181818181818,4.636363636363637,50,1.8756039142608645,50,1.2514403286289306,dolly_15k
4,Why mobile is bad for human,4,2,50,51,18,1.1831777095794678,43.104260321238414,18,72,36,33,36,144,0.9166666666666666,0.2291666666666666,2.833333333333333,50,1.8756039142608645,50,1.585225870192824,dolly_15k
4,Why mobile is bad for human,4,4,50,50,11,0.9501008987426758,52.62598958296738,11,44,44,39,44,176,0.8863636363636364,0.2215909090909091,4.545454545454546,50,1.8756039142608645,50,1.9741102410733016,dolly_15k
4,Why mobile is bad for human,4,6,50,52,11,1.243149995803833,41.829224289524525,11,44,66,41,66,264,0.6212121212121212,0.1553030303030303,4.727272727272728,50,1.8756039142608645,50,1.5087510924601502,dolly_15k
4,Why mobile is bad for human,4,8,50,51,13,1.6918504238128662,30.144508806554555,13,52,104,38,104,416,0.3653846153846153,0.0913461538461538,3.923076923076923,50,1.8756039142608645,50,1.1086109551185257,dolly_15k
4,Why mobile is bad for human,4,10,50,51,13,1.980151891708374,25.75559996864675,13,52,130,38,130,520,0.2923076923076923,0.073076923076923,3.923076923076923,50,1.8756039142608645,50,0.9472020414770752,dolly_15k
4,Why mobile is bad for human,6,2,50,51,19,1.4730703830718994,34.62156363068412,19,114,38,32,38,228,0.8421052631578947,0.1403508771929824,2.6842105263157894,50,1.8756039142608645,50,1.2732615737949553,dolly_15k
4,Why mobile is bad for human,6,4,50,50,13,1.3070068359375,38.25534696927244,13,78,52,37,52,312,0.7115384615384616,0.1185897435897435,3.8461538461538463,50,1.8756039142608645,50,1.4350375703394975,dolly_15k
4,Why mobile is bad for human,6,6,50,50,10,1.1843852996826172,42.21599171603922,10,60,60,40,60,360,0.6666666666666666,0.1111111111111111,5.0,50,1.8756039142608645,50,1.5836095861401478,dolly_15k
4,Why mobile is bad for human,6,8,50,52,9,1.2951171398162842,40.15080829474339,9,54,72,43,72,432,0.5972222222222222,0.099537037037037,5.777777777777778,50,1.8756039142608645,50,1.4482117922761208,dolly_15k
4,Why mobile is bad for human,6,10,50,53,9,1.5217149257659912,34.82912541803531,9,54,90,44,90,540,0.4888888888888889,0.0814814814814814,5.888888888888889,50,1.8756039142608645,50,1.2325593200820677,dolly_15k
4,Why mobile is bad for human,8,2,50,51,17,1.5118117332458496,33.7343591655446,17,136,34,34,34,272,1.0,0.125,3.0,50,1.8756039142608645,50,1.240633256783869,dolly_15k
4,Why mobile is bad for human,8,4,50,50,12,1.3735475540161133,36.402088776471615,12,96,48,38,48,384,0.7916666666666666,0.0989583333333333,4.166666666666667,50,1.8756039142608645,50,1.365518003928433,dolly_15k
4,Why mobile is bad for human,8,6,50,51,8,1.1142354011535645,45.771297471970335,8,64,48,43,48,384,0.8958333333333334,0.1119791666666666,6.375,50,1.8756039142608645,50,1.683310288220117,dolly_15k
4,Why mobile is bad for human,8,8,50,30,5,0.7284693717956543,41.18223931096916,5,40,40,25,40,320,0.625,0.078125,6.0,50,1.8756039142608645,50,2.57471897498938,dolly_15k
4,Why mobile is bad for human,8,10,50,56,8,1.4854741096496582,37.69840190160387,8,64,80,48,80,640,0.6,0.075,7.0,50,1.8756039142608645,50,1.2626298244290617,dolly_15k
5,Which episodes of season four of Game of Thrones did Michelle MacLaren direct?,1,2,50,52,26,1.4978082180023191,34.71739530802833,26,26,52,26,52,52,0.5,0.5,2.0,50,1.8310017585754397,50,1.2224540742722805,dolly_15k
5,Which episodes of season four of Game of Thrones did Michelle MacLaren direct?,1,4,50,51,22,1.710850477218628,29.809735379629416,22,22,88,29,88,88,0.3295454545454545,0.3295454545454545,2.3181818181818183,50,1.8310017585754397,50,1.070228978485685,dolly_15k
5,Which episodes of season four of Game of Thrones did Michelle MacLaren direct?,1,6,50,5,1,0.0983152389526367,50.85681582291374,1,1,6,4,6,6,0.6666666666666666,0.6666666666666666,5.0,50,1.8310017585754397,50,18.623783841460455,dolly_15k
5,Which episodes of season four of Game of Thrones did Michelle MacLaren direct?,1,8,50,50,22,2.5844054222106934,19.34680974211474,22,22,176,28,176,176,0.1590909090909091,0.1590909090909091,2.272727272727273,50,1.8310017585754397,50,0.7084808532127307,dolly_15k
5,Which episodes of season four of Game of Thrones did Michelle MacLaren direct?,1,10,50,54,24,3.310976982116699,16.309385505144146,24,24,240,30,240,240,0.125,0.125,2.25,50,1.8310017585754397,50,0.5530095100222909,dolly_15k
5,Which episodes of season four of Game of Thrones did Michelle MacLaren direct?,2,2,50,51,23,1.3618981838226318,37.44773332236269,23,46,46,28,46,92,0.6086956521739131,0.3043478260869565,2.217391304347826,50,1.8310017585754397,50,1.3444483444688269,dolly_15k
5,Which episodes of season four of Game of Thrones did Michelle MacLaren direct?,2,4,50,50,19,1.5050106048583984,33.22235726352529,19,38,76,31,76,152,0.4078947368421052,0.2039473684210526,2.631578947368421,50,1.8310017585754397,50,1.2166038914707265,dolly_15k
5,Which episodes of season four of Game of Thrones did Michelle MacLaren direct?,2,6,50,28,6,0.5897767543792725,47.4755910471063,6,12,36,22,36,72,0.6111111111111112,0.3055555555555556,4.666666666666667,50,1.8310017585754397,50,3.104567524880715,dolly_15k
5,Which episodes of season four of Game of Thrones did Michelle MacLaren direct?,2,8,50,50,12,1.42669415473938,35.04605372770572,12,24,96,38,96,192,0.3958333333333333,0.1979166666666666,4.166666666666667,50,1.8310017585754397,50,1.28338772013117,dolly_15k
5,Which episodes of season four of Game of Thrones did Michelle MacLaren direct?,2,10,50,53,10,1.403916597366333,37.75153032553712,10,20,100,43,100,200,0.43,0.215,5.3,50,1.8310017585754397,50,1.3042097814145752,dolly_15k
5,Which episodes of season four of Game of Thrones did Michelle MacLaren direct?,4,2,50,52,18,1.3079400062561035,39.75717521543419,18,72,36,34,36,144,0.9444444444444444,0.2361111111111111,2.888888888888889,50,1.8310017585754397,50,1.39991264875869,dolly_15k
5,Which episodes of season four of Game of Thrones did Michelle MacLaren direct?,4,4,50,53,13,1.2444777488708496,42.588145949647085,13,52,52,40,52,208,0.7692307692307693,0.1923076923076923,4.076923076923077,50,1.8310017585754397,50,1.47130132317493,dolly_15k
5,Which episodes of season four of Game of Thrones did Michelle MacLaren direct?,4,6,50,52,9,1.0341434478759766,50.2831595624404,9,36,54,43,54,216,0.7962962962962963,0.199074074074074,5.777777777777778,50,1.8310017585754397,50,1.7705491074145732,dolly_15k
5,Which episodes of season four of Game of Thrones did Michelle MacLaren direct?,4,8,50,55,10,1.389195203781128,39.59126827554569,10,40,80,45,80,320,0.5625,0.140625,5.5,50,1.8310017585754397,50,1.318030578850112,dolly_15k
5,Which episodes of season four of Game of Thrones did Michelle MacLaren direct?,4,10,50,50,8,1.284010410308838,38.94049425033376,8,32,80,42,80,320,0.525,0.13125,6.25,50,1.8310017585754397,50,1.4260022690431582,dolly_15k
5,Which episodes of season four of Game of Thrones did Michelle MacLaren direct?,6,2,50,51,18,1.6031129360198977,31.81310489990769,18,108,36,33,36,216,0.9166666666666666,0.1527777777777778,2.833333333333333,50,1.8310017585754397,50,1.1421539415191355,dolly_15k
5,Which episodes of season four of Game of Thrones did Michelle MacLaren direct?,6,4,50,51,11,1.2233927249908447,41.68734941625688,11,66,44,40,44,264,0.9090909090909092,0.1515151515151515,4.636363636363637,50,1.8310017585754397,50,1.496659021402258,dolly_15k
5,Which episodes of season four of Game of Thrones did Michelle MacLaren direct?,6,6,50,53,10,1.3658881187438965,38.80259244713255,10,60,60,43,60,360,0.7166666666666667,0.1194444444444444,5.3,50,1.8310017585754397,50,1.3405210378865238,dolly_15k
5,Which episodes of season four of Game of Thrones did Michelle MacLaren direct?,6,8,50,50,12,1.8958628177642824,26.37321621137286,12,72,96,38,96,576,0.3958333333333333,0.0659722222222222,4.166666666666667,50,1.8310017585754397,50,0.96578810524628,dolly_15k
5,Which episodes of season four of Game of Thrones did Michelle MacLaren direct?,6,10,50,54,12,2.253282070159912,23.965042244430453,12,72,120,42,120,720,0.35,0.0583333333333333,4.5,50,1.8310017585754397,50,0.8125932313682751,dolly_15k
5,Which episodes of season four of Game of Thrones did Michelle MacLaren direct?,8,2,50,51,17,1.7499263286590576,29.14408404785848,17,136,34,34,34,272,1.0,0.125,3.0,50,1.8310017585754397,50,1.0463307675235156,dolly_15k
5,Which episodes of season four of Game of Thrones did Michelle MacLaren direct?,8,4,50,50,11,1.393244981765747,35.88744309463211,11,88,44,39,44,352,0.8863636363636364,0.1107954545454545,4.545454545454546,50,1.8310017585754397,50,1.3141994283409482,dolly_15k
5,Which episodes of season four of Game of Thrones did Michelle MacLaren direct?,8,6,50,52,9,1.351651668548584,38.47145030778387,9,72,54,43,54,432,0.7962962962962963,0.099537037037037,5.777777777777778,50,1.8310017585754397,50,1.3546402532403825,dolly_15k
5,Which episodes of season four of Game of Thrones did Michelle MacLaren direct?,8,8,50,51,11,1.9326775074005127,26.38826177917078,11,88,88,40,88,704,0.4545454545454545,0.0568181818181818,4.636363636363637,50,1.8310017585754397,50,0.9473912494786422,dolly_15k
5,Which episodes of season four of Game of Thrones did Michelle MacLaren direct?,8,10,50,53,9,1.832847118377685,28.916759869700467,9,72,90,44,90,720,0.4888888888888889,0.0611111111111111,5.888888888888889,50,1.8310017585754397,50,0.9989931730891556,dolly_15k
6,What are some unique curtain tie backs that you can make yourself?,1,2,50,52,20,1.1536808013916016,45.0731258917338,20,20,40,32,40,40,0.8,0.8,2.6,50,1.830297946929932,50,1.58648557271836,dolly_15k
6,What are some unique curtain tie backs that you can make yourself?,1,4,50,50,17,1.3232421875,37.7859778597786,17,17,68,33,68,68,0.4852941176470588,0.4852941176470588,2.9411764705882355,50,1.830297946929932,50,1.3831919539898525,dolly_15k
6,What are some unique curtain tie backs that you can make yourself?,1,6,50,1,1,0.0967655181884765,10.334259752035164,1,1,6,0,6,6,0.0,0.0,1.0,50,1.830297946929932,50,18.914774407190585,dolly_15k
6,What are some unique curtain tie backs that you can make yourself?,1,8,50,55,13,1.510643720626831,36.40832000888875,13,13,104,42,104,104,0.4038461538461538,0.4038461538461538,4.230769230769231,50,1.830297946929932,50,1.2116013338806733,dolly_15k
6,What are some unique curtain tie backs that you can make yourself?,1,10,50,1,1,0.1393780708312988,7.174729812485246,1,1,10,0,10,10,0.0,0.0,1.0,50,1.830297946929932,50,13.13189324556872,dolly_15k
6,What are some unique curtain tie backs that you can make yourself?,2,2,50,36,16,0.9256324768066406,38.89232595230147,16,32,32,20,32,64,0.625,0.3125,2.25,50,1.830297946929932,50,1.977348453939641,dolly_15k
6,What are some unique curtain tie backs that you can make yourself?,2,4,50,50,14,1.0848348140716553,46.08996628006207,14,28,56,36,56,112,0.6428571428571429,0.3214285714285714,3.571428571428572,50,1.830297946929932,50,1.687167413129348,dolly_15k
6,What are some unique curtain tie backs that you can make yourself?,2,6,50,51,12,1.175112247467041,43.40010931715732,12,24,72,39,72,144,0.5416666666666666,0.2708333333333333,4.25,50,1.830297946929932,50,1.5575515878377968,dolly_15k
6,What are some unique curtain tie backs that you can make yourself?,2,8,50,54,12,1.4193823337554932,38.04471756184489,12,24,96,42,96,192,0.4375,0.21875,4.5,50,1.830297946929932,50,1.289503119351367,dolly_15k
6,What are some unique curtain tie backs that you can make yourself?,2,10,50,53,11,1.520470142364502,34.857639438798216,11,22,110,42,110,220,0.3818181818181818,0.1909090909090909,4.818181818181818,50,1.830297946929932,50,1.203771054710494,dolly_15k
6,What are some unique curtain tie backs that you can make yourself?,4,2,50,45,15,1.0040137767791748,44.82010211489101,15,60,30,30,30,120,1.0,0.25,3.0,50,1.830297946929932,50,1.8229809084905533,dolly_15k
6,What are some unique curtain tie backs that you can make yourself?,4,4,50,10,2,0.1578338146209716,63.35777934541082,2,8,8,8,8,32,1.0,0.25,5.0,50,1.830297946929932,50,11.596361345794506,dolly_15k
6,What are some unique curtain tie backs that you can make yourself?,4,6,50,54,12,1.3880290985107422,38.90408353682081,12,48,72,42,72,288,0.5833333333333334,0.1458333333333333,4.5,50,1.830297946929932,50,1.318630818974698,dolly_15k
6,What are some unique curtain tie backs that you can make yourself?,4,8,50,35,7,0.8970983028411865,39.0146764174584,7,28,56,28,56,224,0.5,0.125,5.0,50,1.830297946929932,50,2.040242347057421,dolly_15k
6,What are some unique curtain tie backs that you can make yourself?,4,10,50,47,9,1.370533466339111,34.293215856701146,9,36,90,38,90,360,0.4222222222222222,0.1055555555555555,5.222222222222222,50,1.830297946929932,50,1.3354638845988316,dolly_15k
6,What are some unique curtain tie backs that you can make yourself?,6,2,50,23,9,0.5913879871368408,38.89155765803211,9,54,18,14,18,108,0.7777777777777778,0.1296296296296296,2.555555555555556,50,1.830297946929932,50,3.09491904932188,dolly_15k
6,What are some unique curtain tie backs that you can make yourself?,6,4,50,16,4,0.3438167572021484,46.53641704436394,4,24,16,12,16,96,0.75,0.125,4.0,50,1.830297946929932,50,5.3234692858609005,dolly_15k
6,What are some unique curtain tie backs that you can make yourself?,6,6,50,52,9,1.1760811805725098,44.21463488998837,9,54,54,43,54,324,0.7962962962962963,0.132716049382716,5.777777777777778,50,1.830297946929932,50,1.556268374296197,dolly_15k
6,What are some unique curtain tie backs that you can make yourself?,6,8,50,51,8,1.2353301048278809,41.28451156551864,8,48,64,43,64,384,0.671875,0.1119791666666666,6.375,50,1.830297946929932,50,1.4816266031053682,dolly_15k
6,What are some unique curtain tie backs that you can make yourself?,6,10,50,11,1,0.1493151187896728,73.66969995513139,1,6,10,10,10,60,1.0,0.1666666666666666,11.0,50,1.830297946929932,50,12.257954598074642,dolly_15k
6,What are some unique curtain tie backs that you can make yourself?,8,2,50,52,18,1.783409595489502,29.157631612791278,18,144,36,34,36,288,0.9444444444444444,0.1180555555555555,2.888888888888889,50,1.830297946929932,50,1.0262914091967528,dolly_15k
6,What are some unique curtain tie backs that you can make yourself?,8,4,50,51,11,1.3698487281799316,37.23038825444752,11,88,44,40,44,352,0.9090909090909092,0.1136363636363636,4.636363636363637,50,1.830297946929932,50,1.336131435010187,dolly_15k
6,What are some unique curtain tie backs that you can make yourself?,8,6,50,35,5,0.6701829433441162,52.224546069995526,5,40,30,30,30,240,1.0,0.125,7.0,50,1.830297946929932,50,2.7310422700360126,dolly_15k
6,What are some unique curtain tie backs that you can make yourself?,8,8,50,33,6,0.948859930038452,34.77857896124109,6,48,48,27,48,384,0.5625,0.0703125,5.5,50,1.830297946929932,50,1.9289442930272749,dolly_15k
6,What are some unique curtain tie backs that you can make yourself?,8,10,50,54,8,1.6567420959472656,32.59408940721382,8,64,80,46,80,640,0.575,0.071875,6.75,50,1.830297946929932,50,1.1047573134087796,dolly_15k
7,"Identify which instrument is string or percussion: Cantaro, Gudok",1,2,50,52,23,1.335280179977417,38.94313776220317,23,23,46,29,46,46,0.6304347826086957,0.6304347826086957,2.260869565217391,50,1.8813302516937256,50,1.408940445536714,dolly_15k
7,"Identify which instrument is string or percussion: Cantaro, Gudok",1,4,50,50,22,1.71673321723938,29.12508449064864,22,22,88,28,88,88,0.3181818181818182,0.3181818181818182,2.272727272727273,50,1.8813302516937256,50,1.0958780507078605,dolly_15k
7,"Identify which instrument is string or percussion: Cantaro, Gudok",1,6,50,56,24,2.3570919036865234,23.758089327113314,24,24,144,32,144,144,0.2222222222222222,0.2222222222222222,2.333333333333333,50,1.8813302516937256,50,0.7981573602417876,dolly_15k
7,"Identify which instrument is string or percussion: Cantaro, Gudok",1,8,50,50,20,2.363321542739868,21.156664083057244,20,20,160,30,160,160,0.1875,0.1875,2.5,50,1.8813302516937256,50,0.7960534432875537,dolly_15k
7,"Identify which instrument is string or percussion: Cantaro, Gudok",1,10,50,54,24,3.3137149810791016,16.295909668856027,24,24,240,30,240,240,0.125,0.125,2.25,50,1.8813302516937256,50,0.5677405155349468,dolly_15k
7,"Identify which instrument is string or percussion: Cantaro, Gudok",2,2,50,52,20,1.185311794281006,43.8703134912637,20,40,40,32,40,80,0.8,0.4,2.6,50,1.8813302516937256,50,1.587202844661573,dolly_15k
7,"Identify which instrument is string or percussion: Cantaro, Gudok",2,4,50,51,14,1.1151630878448486,45.73322104712236,14,28,56,37,56,112,0.6607142857142857,0.3303571428571428,3.642857142857143,50,1.8813302516937256,50,1.6870449463401471,dolly_15k
7,"Identify which instrument is string or percussion: Cantaro, Gudok",2,6,50,52,12,1.2220869064331057,42.55016539844286,12,24,72,40,72,144,0.5555555555555556,0.2777777777777778,4.333333333333333,50,1.8813302516937256,50,1.5394406418973492,dolly_15k
7,"Identify which instrument is string or percussion: Cantaro, Gudok",2,8,50,55,13,1.573305368423462,34.95824847728894,13,26,104,42,104,208,0.4038461538461538,0.2019230769230769,4.230769230769231,50,1.8813302516937256,50,1.1957820073918146,dolly_15k
7,"Identify which instrument is string or percussion: Cantaro, Gudok",2,10,50,52,16,2.263964891433716,22.968554060513554,16,32,160,36,160,320,0.225,0.1125,3.25,50,1.8813302516937256,50,0.8309891459943636,dolly_15k
7,"Identify which instrument is string or percussion: Cantaro, Gudok",4,2,50,51,19,1.3632726669311523,37.40997764944963,19,76,38,32,38,152,0.8421052631578947,0.2105263157894736,2.6842105263157894,50,1.8813302516937256,50,1.380010248374426,dolly_15k
7,"Identify which instrument is string or percussion: Cantaro, Gudok",4,4,50,53,14,1.303516864776611,40.65923612663256,14,56,56,39,56,224,0.6964285714285714,0.1741071428571428,3.7857142857142856,50,1.8813302516937256,50,1.4432726591658915,dolly_15k
7,"Identify which instrument is string or percussion: Cantaro, Gudok",4,6,50,50,9,1.0174760818481443,49.14120429168217,9,36,54,41,54,216,0.7592592592592593,0.1898148148148148,5.555555555555555,50,1.8813302516937256,50,1.849016684772064,dolly_15k
7,"Identify which instrument is string or percussion: Cantaro, Gudok",4,8,50,22,4,0.4969980716705322,44.26576530981823,4,16,32,18,32,128,0.5625,0.140625,5.5,50,1.8813302516937256,50,3.785387426897078,dolly_15k
7,"Identify which instrument is string or percussion: Cantaro, Gudok",4,10,50,32,7,1.0367841720581057,30.864668715454304,7,28,70,25,70,280,0.3571428571428571,0.0892857142857142,4.571428571428571,50,1.8813302516937256,50,1.8145823425902845,dolly_15k
7,"Identify which instrument is string or percussion: Cantaro, Gudok",6,2,50,50,17,1.4556782245635986,34.34825029067782,17,102,34,33,34,204,0.9705882352941176,0.1617647058823529,2.9411764705882355,50,1.8813302516937256,50,1.2924080472919997,dolly_15k
7,"Identify which instrument is string or percussion: Cantaro, Gudok",6,4,50,50,11,1.2012786865234375,41.622315088851344,11,66,44,39,44,264,0.8863636363636364,0.1477272727272727,4.545454545454546,50,1.8813302516937256,50,1.566106410443685,dolly_15k
7,"Identify which instrument is string or percussion: Cantaro, Gudok",6,6,50,51,10,1.35154390335083,37.73462325090416,10,60,60,41,60,360,0.6833333333333333,0.1138888888888888,5.1,50,1.8813302516937256,50,1.3919860442782634,dolly_15k
7,"Identify which instrument is string or percussion: Cantaro, Gudok",6,8,50,50,9,1.4241900444030762,35.10767414538178,9,54,72,41,72,432,0.5694444444444444,0.0949074074074074,5.555555555555555,50,1.8813302516937256,50,1.320982588726248,dolly_15k
7,"Identify which instrument is string or percussion: Cantaro, Gudok",6,10,50,56,10,1.782908916473389,31.40934429267904,10,60,100,46,100,600,0.46,0.0766666666666666,5.6,50,1.8813302516937256,50,1.055202671494299,dolly_15k
7,"Identify which instrument is string or percussion: Cantaro, Gudok",8,2,50,51,17,1.7348439693450928,29.39745642903702,17,136,34,34,34,272,1.0,0.125,3.0,50,1.8813302516937256,50,1.084437727505795,dolly_15k
7,"Identify which instrument is string or percussion: Cantaro, Gudok",8,4,50,51,11,1.3780038356781006,37.01005663377088,11,88,44,40,44,352,0.9090909090909092,0.1136363636363636,4.636363636363637,50,1.8813302516937256,50,1.3652576306276707,dolly_15k
7,"Identify which instrument is string or percussion: Cantaro, Gudok",8,6,50,51,9,1.3454020023345947,37.90688575719583,9,72,54,42,54,432,0.7777777777777778,0.0972222222222222,5.666666666666667,50,1.8813302516937256,50,1.398340606323736,dolly_15k
7,"Identify which instrument is string or percussion: Cantaro, Gudok",8,8,50,51,7,1.222106695175171,41.73121725078996,7,56,56,44,56,448,0.7857142857142857,0.0982142857142857,7.285714285714286,50,1.8813302516937256,50,1.5394157147826315,dolly_15k
7,"Identify which instrument is string or percussion: Cantaro, Gudok",8,10,50,53,8,1.6118824481964111,32.88080967647701,8,64,80,45,80,640,0.5625,0.0703125,6.625,50,1.8813302516937256,50,1.1671634329158485,dolly_15k
8,Give me the top 5 golf equipment company names.,1,2,50,6,4,0.231097936630249,25.963018482505326,4,4,8,2,8,8,0.25,0.25,1.5,50,1.865133285522461,50,8.07074832739259,dolly_15k
8,Give me the top 5 golf equipment company names.,1,4,50,51,19,1.4701354503631592,34.69068104398255,19,19,76,32,76,76,0.4210526315789473,0.4210526315789473,2.6842105263157894,50,1.865133285522461,50,1.2686812531877438,dolly_15k
8,Give me the top 5 golf equipment company names.,1,6,50,55,17,1.6715166568756104,32.90424882920742,17,17,102,38,102,102,0.3725490196078431,0.3725490196078431,3.235294117647059,50,1.865133285522461,50,1.115832904117604,dolly_15k
8,Give me the top 5 golf equipment company names.,1,8,50,52,17,1.9890873432159424,26.14264284439454,17,17,136,35,136,136,0.2573529411764705,0.2573529411764705,3.0588235294117645,50,1.865133285522461,50,0.9376829488578046,dolly_15k
8,Give me the top 5 golf equipment company names.,1,10,50,50,18,2.4831314086914062,20.135865474131176,18,18,180,32,180,180,0.1777777777777777,0.1777777777777777,2.7777777777777777,50,1.865133285522461,50,0.7511214585720913,dolly_15k
8,Give me the top 5 golf equipment company names.,2,2,50,50,19,1.114839792251587,44.84949348553254,19,38,38,31,38,76,0.8157894736842105,0.4078947368421052,2.631578947368421,50,1.865133285522461,50,1.6730056627737904,dolly_15k
8,Give me the top 5 golf equipment company names.,2,4,50,54,17,1.3354249000549316,40.4365681647682,17,34,68,37,68,136,0.5441176470588235,0.2720588235294117,3.176470588235294,50,1.865133285522461,50,1.396659059933464,dolly_15k
8,Give me the top 5 golf equipment company names.,2,6,50,50,11,1.0726816654205322,46.612151220463055,11,22,66,39,66,132,0.5909090909090909,0.2954545454545454,4.545454545454546,50,1.865133285522461,50,1.7387574950218407,dolly_15k
8,Give me the top 5 golf equipment company names.,2,8,50,55,14,1.6582379341125488,33.167737191728605,14,28,112,41,112,224,0.3660714285714285,0.1830357142857142,3.928571428571429,50,1.865133285522461,50,1.1247681934864415,dolly_15k
8,Give me the top 5 golf equipment company names.,2,10,50,58,12,1.7126696109771729,33.86525902500704,12,24,120,46,120,240,0.3833333333333333,0.1916666666666666,4.833333333333333,50,1.865133285522461,50,1.089021066041044,dolly_15k
8,Give me the top 5 golf equipment company names.,4,2,50,51,19,1.2685465812683103,40.20349016195329,19,76,38,32,38,152,0.8421052631578947,0.2105263157894736,2.6842105263157894,50,1.865133285522461,50,1.470291523435958,dolly_15k
8,Give me the top 5 golf equipment company names.,4,4,50,50,11,0.979633092880249,51.039517104300224,11,44,44,39,44,176,0.8863636363636364,0.2215909090909091,4.545454545454546,50,1.865133285522461,50,1.9039100445644663,dolly_15k
8,Give me the top 5 golf equipment company names.,4,6,50,53,10,1.1113152503967283,47.6912379102865,10,40,60,43,60,240,0.7166666666666667,0.1791666666666666,5.3,50,1.865133285522461,50,1.6783116085706795,dolly_15k
8,Give me the top 5 golf equipment company names.,4,8,50,56,13,1.7419464588165283,32.14794560221224,13,52,104,43,104,416,0.4134615384615384,0.1033653846153846,4.307692307692308,50,1.865133285522461,50,1.070717917925919,dolly_15k
8,Give me the top 5 golf equipment company names.,4,10,50,19,4,0.5582242012023926,34.03650353939288,4,16,40,15,40,160,0.375,0.09375,4.75,50,1.865133285522461,50,3.341190298638143,dolly_15k
8,Give me the top 5 golf equipment company names.,6,2,50,50,17,1.3591725826263428,36.78708696682544,17,102,34,33,34,204,0.9705882352941176,0.1617647058823529,2.9411764705882355,50,1.865133285522461,50,1.3722564075847126,dolly_15k
8,Give me the top 5 golf equipment company names.,6,4,50,5,1,0.078944444656372,63.335678929200256,1,6,4,4,4,24,1.0,0.1666666666666666,5.0,50,1.865133285522461,50,23.625896586402995,dolly_15k
8,Give me the top 5 golf equipment company names.,6,6,50,55,10,1.3037967681884766,42.184488673352206,10,60,60,45,60,360,0.75,0.125,5.5,50,1.865133285522461,50,1.430539890134808,dolly_15k
8,Give me the top 5 golf equipment company names.,6,8,50,51,6,0.8878765106201172,57.44042036248961,6,36,48,45,48,288,0.9375,0.15625,8.5,50,1.865133285522461,50,2.100667450048657,dolly_15k
8,Give me the top 5 golf equipment company names.,6,10,50,51,8,1.3626210689544678,37.42786689709124,8,48,80,43,80,480,0.5375,0.0895833333333333,6.375,50,1.865133285522461,50,1.3687835363895908,dolly_15k
8,Give me the top 5 golf equipment company names.,8,2,50,18,6,0.4117634296417236,43.71442120457818,6,48,12,12,12,96,1.0,0.125,3.0,50,1.865133285522461,50,4.529623447000424,dolly_15k
8,Give me the top 5 golf equipment company names.,8,4,50,51,11,1.3064064979553225,39.03838512730985,11,88,44,40,44,352,0.9090909090909092,0.1136363636363636,4.636363636363637,50,1.865133285522461,50,1.4276821865488352,dolly_15k
8,Give me the top 5 golf equipment company names.,8,6,50,56,9,1.3026854991912842,42.98811956897131,9,72,54,47,54,432,0.8703703703703703,0.1087962962962963,6.222222222222222,50,1.865133285522461,50,1.4317602266090688,dolly_15k
8,Give me the top 5 golf equipment company names.,8,8,50,55,9,1.5302188396453855,35.94257146431797,9,72,72,46,72,576,0.6388888888888888,0.0798611111111111,6.111111111111111,50,1.865133285522461,50,1.218867025552168,dolly_15k
8,Give me the top 5 golf equipment company names.,8,10,50,53,9,1.686896562576294,31.418642479807023,9,72,90,44,90,720,0.4888888888888889,0.0611111111111111,5.888888888888889,50,1.865133285522461,50,1.105659544811661,dolly_15k
9,What individual has won the most Olympic gold medals in the history of the games?,1,2,50,50,23,1.3517298698425293,36.98963906584737,23,23,46,27,46,46,0.5869565217391305,0.5869565217391305,2.1739130434782608,50,1.86618447303772,50,1.3805898017590763,dolly_15k
9,What individual has won the most Olympic gold medals in the history of the games?,1,4,50,50,26,2.050842046737671,24.38022961326365,26,26,104,24,104,104,0.2307692307692307,0.2307692307692307,1.9230769230769231,50,1.86618447303772,50,0.9099601190673408,dolly_15k
9,What individual has won the most Olympic gold medals in the history of the games?,1,6,50,53,18,1.7755672931671145,29.84961493938248,18,18,108,35,108,108,0.324074074074074,0.324074074074074,2.9444444444444446,50,1.86618447303772,50,1.0510356212458554,dolly_15k
9,What individual has won the most Olympic gold medals in the history of the games?,1,8,50,50,16,1.8653771877288816,26.804230441391628,16,16,128,34,128,128,0.265625,0.265625,3.125,50,1.86618447303772,50,1.0004327732290008,dolly_15k
9,What individual has won the most Olympic gold medals in the history of the games?,1,10,50,50,20,2.731221914291382,18.30682440645712,20,20,200,30,200,200,0.15,0.15,2.5,50,1.86618447303772,50,0.6832782291591648,dolly_15k
9,What individual has won the most Olympic gold medals in the history of the games?,2,2,50,50,19,1.1154465675354004,44.82509647277495,19,38,38,31,38,76,0.8157894736842105,0.4078947368421052,2.631578947368421,50,1.86618447303772,50,1.6730379807982094,dolly_15k
9,What individual has won the most Olympic gold medals in the history of the games?,2,4,50,50,16,1.2671315670013428,39.459201634700506,16,32,64,34,64,128,0.53125,0.265625,3.125,50,1.86618447303772,50,1.472762988182854,dolly_15k
9,What individual has won the most Olympic gold medals in the history of the games?,2,6,50,50,12,1.200695514678955,41.64253084044303,12,24,72,38,72,144,0.5277777777777778,0.2638888888888889,4.166666666666667,50,1.86618447303772,50,1.5542528894485832,dolly_15k
9,What individual has won the most Olympic gold medals in the history of the games?,2,8,50,52,13,1.555495023727417,33.42987229582575,13,26,104,39,104,208,0.375,0.1875,4.0,50,1.86618447303772,50,1.1997367041173816,dolly_15k
9,What individual has won the most Olympic gold medals in the history of the games?,2,10,50,52,12,1.6954381465911863,30.670537940030517,12,24,120,40,120,240,0.3333333333333333,0.1666666666666666,4.333333333333333,50,1.86618447303772,50,1.100709263142293,dolly_15k
9,What individual has won the most Olympic gold medals in the history of the games?,4,2,50,50,17,1.216245174407959,41.11013227603463,17,68,34,33,34,136,0.9705882352941176,0.2426470588235294,2.9411764705882355,50,1.86618447303772,50,1.5343818107612528,dolly_15k
9,What individual has won the most Olympic gold medals in the history of the games?,4,4,50,53,11,1.0396912097930908,50.97667413245471,11,44,44,42,44,176,0.9545454545454546,0.2386363636363636,4.818181818181818,50,1.86618447303772,50,1.794941089680954,dolly_15k
9,What individual has won the most Olympic gold medals in the history of the games?,4,6,50,50,14,1.6541378498077393,30.227226833490032,14,56,84,36,84,336,0.4285714285714285,0.1071428571428571,3.571428571428572,50,1.86618447303772,50,1.1281916275929644,dolly_15k
9,What individual has won the most Olympic gold medals in the history of the games?,4,8,50,55,15,2.074944972991944,26.506727029340627,15,60,120,40,120,480,0.3333333333333333,0.0833333333333333,3.6666666666666665,50,1.86618447303772,50,0.8993898620582677,dolly_15k
9,What individual has won the most Olympic gold medals in the history of the games?,4,10,50,53,12,1.9439451694488523,27.26414347120015,12,48,120,41,120,480,0.3416666666666667,0.0854166666666666,4.416666666666667,50,1.86618447303772,50,0.9599985135212536,dolly_15k
9,What individual has won the most Olympic gold medals in the history of the games?,6,2,50,51,19,1.6600308418273926,30.72232076354573,19,114,38,32,38,228,0.8421052631578947,0.1403508771929824,2.6842105263157894,50,1.86618447303772,50,1.124186627149282,dolly_15k
9,What individual has won the most Olympic gold medals in the history of the games?,6,4,50,52,12,1.3389911651611328,38.835207694400566,12,72,48,40,48,288,0.8333333333333334,0.1388888888888889,4.333333333333333,50,1.86618447303772,50,1.393724261663179,dolly_15k
9,What individual has won the most Olympic gold medals in the history of the games?,6,6,50,54,11,1.4787318706512451,36.517776529843765,11,66,66,43,66,396,0.6515151515151515,0.1085858585858585,4.909090909090909,50,1.86618447303772,50,1.262016806478809,dolly_15k
9,What individual has won the most Olympic gold medals in the history of the games?,6,8,50,22,3,0.4071755409240722,54.0307503492761,3,18,24,19,24,144,0.7916666666666666,0.1319444444444444,7.333333333333333,50,1.86618447303772,50,4.583243062199836,dolly_15k
9,What individual has won the most Olympic gold medals in the history of the games?,6,10,50,52,8,1.496487379074097,34.748037789782984,8,48,80,44,80,480,0.55,0.0916666666666666,6.5,50,1.86618447303772,50,1.2470432421504023,dolly_15k
9,What individual has won the most Olympic gold medals in the history of the games?,8,2,50,50,17,1.7440695762634275,28.66858104773677,17,136,34,33,34,272,0.9705882352941176,0.1213235294117647,2.9411764705882355,50,1.86618447303772,50,1.070017216306196,dolly_15k
9,What individual has won the most Olympic gold medals in the history of the games?,8,4,50,52,12,1.5732316970825195,33.052982657564954,12,96,48,40,48,384,0.8333333333333334,0.1041666666666666,4.333333333333333,50,1.86618447303772,50,1.1862108273679377,dolly_15k
9,What individual has won the most Olympic gold medals in the history of the games?,8,6,50,52,9,1.378002643585205,37.73577666346815,9,72,54,43,54,432,0.7962962962962963,0.099537037037037,5.777777777777778,50,1.86618447303772,50,1.35426770168045,dolly_15k
9,What individual has won the most Olympic gold medals in the history of the games?,8,8,50,55,9,1.6833903789520264,32.67216011668046,9,72,72,46,72,576,0.6388888888888888,0.0798611111111111,6.111111111111111,50,1.86618447303772,50,1.1085868710972968,dolly_15k
9,What individual has won the most Olympic gold medals in the history of the games?,8,10,50,54,8,1.692948341369629,31.897015803986623,8,64,80,46,80,640,0.575,0.071875,6.75,50,1.86618447303772,50,1.1023280672155296,dolly_15k
10,Which Dutch artist painted “Girl with a Pearl Earring”?,1,2,50,50,23,1.3275806903839111,37.662494161120215,23,23,46,27,46,46,0.5869565217391305,0.5869565217391305,2.1739130434782608,48,1.788175106048584,48,1.3469426898123065,dolly_15k
10,Which Dutch artist painted “Girl with a Pearl Earring”?,1,4,50,51,20,1.5708870887756348,32.46573249242879,20,20,80,31,80,80,0.3875,0.3875,2.55,48,1.788175106048584,48,1.1383218557371335,dolly_15k
10,Which Dutch artist painted “Girl with a Pearl Earring”?,1,6,50,52,18,1.7535786628723145,29.653645485641007,18,18,108,34,108,108,0.3148148148148148,0.3148148148148148,2.888888888888889,48,1.788175106048584,48,1.0197290511733312,dolly_15k
10,Which Dutch artist painted “Girl with a Pearl Earring”?,1,8,50,12,3,0.3519527912139892,34.095481836096404,3,3,24,9,24,24,0.375,0.375,4.0,48,1.788175106048584,48,5.080724320669938,dolly_15k
10,Which Dutch artist painted “Girl with a Pearl Earring”?,1,10,50,50,23,3.1245179176330566,16.002468642547242,23,23,230,27,230,230,0.117391304347826,0.117391304347826,2.1739130434782608,48,1.788175106048584,48,0.5723043212385212,dolly_15k
10,Which Dutch artist painted “Girl with a Pearl Earring”?,2,2,50,52,20,1.183225154876709,43.94767959900105,20,40,40,32,40,80,0.8,0.4,2.6,48,1.788175106048584,48,1.5112720505294788,dolly_15k
10,Which Dutch artist painted “Girl with a Pearl Earring”?,2,4,50,50,16,1.2691423892974854,39.39668269032976,16,32,64,34,64,128,0.53125,0.265625,3.125,48,1.788175106048584,48,1.4089633449548569,dolly_15k
10,Which Dutch artist painted “Girl with a Pearl Earring”?,2,6,50,52,13,1.285741090774536,40.44360126086891,13,26,78,39,78,156,0.5,0.25,4.0,48,1.788175106048584,48,1.39077386487771,dolly_15k
10,Which Dutch artist painted “Girl with a Pearl Earring”?,2,8,50,54,18,2.124490976333618,25.4178533124163,18,36,144,36,144,288,0.25,0.125,3.0,48,1.788175106048584,48,0.8416957878232847,dolly_15k
10,Which Dutch artist painted “Girl with a Pearl Earring”?,2,10,50,50,17,2.3442745208740234,21.32856009600716,17,34,170,33,170,340,0.1941176470588235,0.0970588235294117,2.9411764705882355,48,1.788175106048584,48,0.762784004230824,dolly_15k
10,Which Dutch artist painted “Girl with a Pearl Earring”?,4,2,50,50,18,1.2491192817687988,40.02820285441288,18,72,36,32,36,144,0.8888888888888888,0.2222222222222222,2.7777777777777777,48,1.788175106048584,48,1.4315487176824797,dolly_15k
10,Which Dutch artist painted “Girl with a Pearl Earring”?,4,4,50,50,12,1.0847513675689695,46.09351183585481,12,48,48,38,48,192,0.7916666666666666,0.1979166666666666,4.166666666666667,48,1.788175106048584,48,1.6484654083046268,dolly_15k
10,Which Dutch artist painted “Girl with a Pearl Earring”?,4,6,50,52,12,1.4229357242584229,36.54416648165912,12,48,72,40,72,288,0.5555555555555556,0.1388888888888889,4.333333333333333,48,1.788175106048584,48,1.2566801687268827,dolly_15k
10,Which Dutch artist painted “Girl with a Pearl Earring”?,4,8,50,50,7,0.9371840953826904,53.35131085380078,7,28,56,43,56,224,0.7678571428571429,0.1919642857142857,7.142857142857143,48,1.788175106048584,48,1.908029718876524,dolly_15k
10,Which Dutch artist painted “Girl with a Pearl Earring”?,4,10,50,56,12,1.896965265274048,29.520835739662253,12,48,120,44,120,480,0.3666666666666666,0.0916666666666666,4.666666666666667,48,1.788175106048584,48,0.9426504210609532,dolly_15k
10,Which Dutch artist painted “Girl with a Pearl Earring”?,6,2,50,51,18,1.5553648471832275,32.78973424940214,18,108,36,33,36,216,0.9166666666666666,0.1527777777777778,2.833333333333333,48,1.788175106048584,48,1.1496820886025405,dolly_15k
10,Which Dutch artist painted “Girl with a Pearl Earring”?,6,4,50,54,11,1.235759973526001,43.69780633525578,11,66,44,43,44,264,0.9772727272727272,0.1628787878787878,4.909090909090909,48,1.788175106048584,48,1.447024619956231,dolly_15k
10,Which Dutch artist painted “Girl with a Pearl Earring”?,6,6,50,53,9,1.2124640941619873,43.71263467115844,9,54,54,44,54,324,0.8148148148148148,0.1358024691358024,5.888888888888889,48,1.788175106048584,48,1.4748272667690898,dolly_15k
10,Which Dutch artist painted “Girl with a Pearl Earring”?,6,8,50,52,10,1.513441562652588,34.358776237689895,10,60,80,42,80,480,0.525,0.0875,5.2,48,1.788175106048584,48,1.181529006587129,dolly_15k
10,Which Dutch artist painted “Girl with a Pearl Earring”?,6,10,50,56,9,1.6962077617645264,33.014823574291675,9,54,90,47,90,540,0.5222222222222223,0.087037037037037,6.222222222222222,48,1.788175106048584,48,1.0542193865381126,dolly_15k
10,Which Dutch artist painted “Girl with a Pearl Earring”?,8,2,50,51,17,1.7251403331756592,29.56281238067084,17,136,34,34,34,272,1.0,0.125,3.0,48,1.788175106048584,48,1.0365389247823622,dolly_15k
10,Which Dutch artist painted “Girl with a Pearl Earring”?,8,4,50,50,10,1.2477211952209473,40.0730549352782,10,80,40,40,40,320,1.0,0.125,5.0,48,1.788175106048584,48,1.4331527851716366,dolly_15k
10,Which Dutch artist painted “Girl with a Pearl Earring”?,8,6,50,50,9,1.3279845714569092,37.65103983485731,9,72,54,41,54,432,0.7592592592592593,0.0949074074074074,5.555555555555555,48,1.788175106048584,48,1.3465330429907083,dolly_15k
10,Which Dutch artist painted “Girl with a Pearl Earring”?,8,8,50,57,9,1.6272234916687012,35.02899281619089,9,72,72,48,72,576,0.6666666666666666,0.0833333333333333,6.333333333333333,48,1.788175106048584,48,1.0989118060327587,dolly_15k
10,Which Dutch artist painted “Girl with a Pearl Earring”?,8,10,50,50,9,1.7977206707000732,27.81299721081188,9,72,90,41,90,720,0.4555555555555555,0.0569444444444444,5.555555555555555,48,1.788175106048584,48,0.99469018473945,dolly_15k
11,What happens when the sun goes down?,1,2,50,50,23,1.3447952270507812,37.18038181147704,23,23,46,27,46,46,0.5869565217391305,0.5869565217391305,2.1739130434782608,50,1.854654550552368,50,1.3791352863586075,dolly_15k
11,What happens when the sun goes down?,1,4,50,50,20,1.5727174282073977,31.79210651781904,20,20,80,30,80,80,0.375,0.375,2.5,50,1.854654550552368,50,1.1792675004983737,dolly_15k
11,What happens when the sun goes down?,1,6,50,51,24,2.4000163078308105,21.24985560872916,24,24,144,27,144,144,0.1875,0.1875,2.125,50,1.854654550552368,50,0.7727674784962804,dolly_15k
11,What happens when the sun goes down?,1,8,50,50,11,1.291968584060669,38.70063143706602,11,11,88,39,88,88,0.4431818181818182,0.4431818181818182,4.545454545454546,50,1.854654550552368,50,1.4355260440800908,dolly_15k
11,What happens when the sun goes down?,1,10,50,50,9,1.2373313903808594,40.40954621268409,9,9,90,41,90,90,0.4555555555555555,0.4555555555555555,5.555555555555555,50,1.854654550552368,50,1.4989149753822153,dolly_15k
11,What happens when the sun goes down?,2,2,50,52,23,1.3572957515716553,38.31147333938648,23,46,46,29,46,92,0.6304347826086957,0.3152173913043478,2.260869565217391,50,1.854654550552368,50,1.3664336224472855,dolly_15k
11,What happens when the sun goes down?,2,4,50,52,18,1.4366776943206787,36.19461776678295,18,36,72,34,72,144,0.4722222222222222,0.2361111111111111,2.888888888888889,50,1.854654550552368,50,1.2909329335897612,dolly_15k
11,What happens when the sun goes down?,2,6,50,50,12,1.1965906620025637,41.78538374712211,12,24,72,38,72,144,0.5277777777777778,0.2638888888888889,4.166666666666667,50,1.854654550552368,50,1.5499490422635396,dolly_15k
11,What happens when the sun goes down?,2,8,50,51,17,2.0392231941223145,25.00952330622666,17,34,136,34,136,272,0.25,0.125,3.0,50,1.854654550552368,50,0.909490709941937,dolly_15k
11,What happens when the sun goes down?,2,10,50,56,10,1.435683250427246,39.00581829824574,10,20,100,46,100,200,0.46,0.23,5.6,50,1.854654550552368,50,1.2918271143725053,dolly_15k
11,What happens when the sun goes down?,4,2,50,51,19,1.276541233062744,39.95170596850847,19,76,38,32,38,152,0.8421052631578947,0.2105263157894736,2.6842105263157894,50,1.854654550552368,50,1.4528747701338127,dolly_15k
11,What happens when the sun goes down?,4,4,50,51,13,1.1432127952575684,44.61111720544519,13,52,52,38,52,208,0.7307692307692307,0.1826923076923076,3.923076923076923,50,1.854654550552368,50,1.622317873143215,dolly_15k
11,What happens when the sun goes down?,4,6,50,56,11,1.2242772579193115,45.7412727695141,11,44,66,45,66,264,0.6818181818181818,0.1704545454545454,5.090909090909091,50,1.854654550552368,50,1.5148974944649367,dolly_15k
11,What happens when the sun goes down?,4,8,50,55,8,1.0434343814849854,52.71054986871873,8,32,64,47,64,256,0.734375,0.18359375,6.875,50,1.854654550552368,50,1.777452021384304,dolly_15k
11,What happens when the sun goes down?,4,10,50,53,12,1.838417053222656,28.82914946154006,12,48,120,41,120,480,0.3416666666666667,0.0854166666666666,4.416666666666667,50,1.854654550552368,50,1.008832325233955,dolly_15k
11,What happens when the sun goes down?,6,2,50,50,17,1.3413128852844238,37.27691021875001,17,102,34,33,34,204,0.9705882352941176,0.1617647058823529,2.9411764705882355,50,1.854654550552368,50,1.3827158233547356,dolly_15k
11,What happens when the sun goes down?,6,4,50,54,11,1.1384015083312988,47.434933637038775,11,66,44,43,44,264,0.9772727272727272,0.1628787878787878,4.909090909090909,50,1.854654550552368,50,1.6291743615756211,dolly_15k
11,What happens when the sun goes down?,6,6,50,53,8,0.9997117519378662,53.01528155217089,8,48,48,45,48,288,0.9375,0.15625,6.625,50,1.854654550552368,50,1.8551893052745048,dolly_15k
11,What happens when the sun goes down?,6,8,50,51,7,1.0440034866333008,48.85041156755582,7,42,56,44,56,336,0.7857142857142857,0.1309523809523809,7.285714285714286,50,1.854654550552368,50,1.7764831001984989,dolly_15k
11,What happens when the sun goes down?,6,10,50,52,7,1.2143213748931885,42.82227182616621,7,42,70,45,70,420,0.6428571428571429,0.1071428571428571,7.428571428571429,50,1.854654550552368,50,1.5273177174498005,dolly_15k
11,What happens when the sun goes down?,8,2,50,50,17,1.5593125820159912,32.06541175686302,17,136,34,33,34,272,0.9705882352941176,0.1213235294117647,2.9411764705882355,50,1.854654550552368,50,1.1894052366040282,dolly_15k
11,What happens when the sun goes down?,8,4,50,54,11,1.290473222732544,41.845114682547525,11,88,44,43,44,352,0.9772727272727272,0.1221590909090909,4.909090909090909,50,1.854654550552368,50,1.43718948822912,dolly_15k
11,What happens when the sun goes down?,8,6,50,56,8,1.1425402164459229,49.01359198908384,8,64,48,48,48,384,1.0,0.125,7.0,50,1.854654550552368,50,1.6232728825262757,dolly_15k
11,What happens when the sun goes down?,8,8,50,51,8,1.3404622077941897,38.04657804110983,8,64,64,43,64,512,0.671875,0.083984375,6.375,50,1.854654550552368,50,1.3835933156252969,dolly_15k
11,What happens when the sun goes down?,8,10,50,55,9,1.7519207000732422,31.39411504053844,9,72,90,46,90,720,0.5111111111111111,0.0638888888888888,6.111111111111111,50,1.854654550552368,50,1.0586406967363482,dolly_15k
12,"Which of the following is useful for transportation: a glass of wine, a lamp, a train, an iced cube tray, a plane, a bicycle, an apple and a scooter.",1,2,50,50,25,1.4627907276153564,34.18123936395883,25,25,50,25,50,50,0.5,0.5,2.0,50,1.8735945224761963,50,1.2808356568752202,dolly_15k
12,"Which of the following is useful for transportation: a glass of wine, a lamp, a train, an iced cube tray, a plane, a bicycle, an apple and a scooter.",1,4,50,50,15,1.1838505268096924,42.23506166335275,15,15,60,35,60,60,0.5833333333333334,0.5833333333333334,3.333333333333333,50,1.8735945224761963,50,1.5826276037780422,dolly_15k
12,"Which of the following is useful for transportation: a glass of wine, a lamp, a train, an iced cube tray, a plane, a bicycle, an apple and a scooter.",1,6,50,50,14,1.3779489994049072,36.28581320614437,14,14,84,36,84,84,0.4285714285714285,0.4285714285714285,3.571428571428572,50,1.8735945224761963,50,1.3596980173325304,dolly_15k
12,"Which of the following is useful for transportation: a glass of wine, a lamp, a train, an iced cube tray, a plane, a bicycle, an apple and a scooter.",1,8,50,50,18,2.14572548866272,23.30214198609417,18,18,144,32,144,144,0.2222222222222222,0.2222222222222222,2.7777777777777777,50,1.8735945224761963,50,0.8731753117421728,dolly_15k
12,"Which of the following is useful for transportation: a glass of wine, a lamp, a train, an iced cube tray, a plane, a bicycle, an apple and a scooter.",1,10,50,50,23,3.1796529293060303,15.724986692466672,23,23,230,27,230,230,0.117391304347826,0.117391304347826,2.1739130434782608,50,1.8735945224761963,50,0.5892449786603328,dolly_15k
12,"Which of the following is useful for transportation: a glass of wine, a lamp, a train, an iced cube tray, a plane, a bicycle, an apple and a scooter.",2,2,50,50,19,1.200517654418945,41.64870030520307,19,38,38,31,38,76,0.8157894736842105,0.4078947368421052,2.631578947368421,50,1.8735945224761963,50,1.5606555352016231,dolly_15k
12,"Which of the following is useful for transportation: a glass of wine, a lamp, a train, an iced cube tray, a plane, a bicycle, an apple and a scooter.",2,4,50,52,16,1.372025966644287,37.900157332431576,16,32,64,36,64,128,0.5625,0.28125,3.25,50,1.8735945224761963,50,1.3655678303659586,dolly_15k
12,"Which of the following is useful for transportation: a glass of wine, a lamp, a train, an iced cube tray, a plane, a bicycle, an apple and a scooter.",2,6,50,51,17,1.8415076732635496,27.69469861052329,17,34,102,34,102,204,0.3333333333333333,0.1666666666666666,3.0,50,1.8735945224761963,50,1.0174242278099128,dolly_15k
12,"Which of the following is useful for transportation: a glass of wine, a lamp, a train, an iced cube tray, a plane, a bicycle, an apple and a scooter.",2,8,50,56,13,1.6427035331726074,34.090144002944555,13,26,104,43,104,208,0.4134615384615384,0.2067307692307692,4.307692307692308,50,1.8735945224761963,50,1.140555483470387,dolly_15k
12,"Which of the following is useful for transportation: a glass of wine, a lamp, a train, an iced cube tray, a plane, a bicycle, an apple and a scooter.",2,10,50,51,15,2.2207839488983154,22.96486338767895,15,30,150,36,150,300,0.24,0.12,3.4,50,1.8735945224761963,50,0.8436635735797926,dolly_15k
12,"Which of the following is useful for transportation: a glass of wine, a lamp, a train, an iced cube tray, a plane, a bicycle, an apple and a scooter.",4,2,50,50,17,1.5127131938934326,33.05319223884709,17,68,34,33,34,136,0.9705882352941176,0.2426470588235294,2.9411764705882355,50,1.8735945224761963,50,1.2385655985811326,dolly_15k
12,"Which of the following is useful for transportation: a glass of wine, a lamp, a train, an iced cube tray, a plane, a bicycle, an apple and a scooter.",4,4,50,54,13,1.4777820110321045,36.54124870709829,13,52,52,41,52,208,0.7884615384615384,0.1971153846153846,4.153846153846154,50,1.8735945224761963,50,1.267842285593699,dolly_15k
12,"Which of the following is useful for transportation: a glass of wine, a lamp, a train, an iced cube tray, a plane, a bicycle, an apple and a scooter.",4,6,50,51,9,1.214766502380371,41.98337697003003,9,36,54,42,54,216,0.7777777777777778,0.1944444444444444,5.666666666666667,50,1.8735945224761963,50,1.542349512276501,dolly_15k
12,"Which of the following is useful for transportation: a glass of wine, a lamp, a train, an iced cube tray, a plane, a bicycle, an apple and a scooter.",4,8,50,51,10,1.584552526473999,32.185742755708425,10,40,80,41,80,320,0.5125,0.128125,5.1,50,1.8735945224761963,50,1.1824123789984946,dolly_15k
12,"Which of the following is useful for transportation: a glass of wine, a lamp, a train, an iced cube tray, a plane, a bicycle, an apple and a scooter.",4,10,50,50,10,1.8479328155517576,27.057260728968085,10,40,100,40,100,400,0.4,0.1,5.0,50,1.8735945224761963,50,1.013886709900098,dolly_15k
12,"Which of the following is useful for transportation: a glass of wine, a lamp, a train, an iced cube tray, a plane, a bicycle, an apple and a scooter.",6,2,50,41,14,1.5231122970581057,26.918566726295616,14,84,28,27,28,168,0.9642857142857144,0.1607142857142857,2.9285714285714284,50,1.8735945224761963,50,1.230109248080426,dolly_15k
12,"Which of the following is useful for transportation: a glass of wine, a lamp, a train, an iced cube tray, a plane, a bicycle, an apple and a scooter.",6,4,50,52,11,1.525733470916748,34.08196843761671,11,66,44,41,44,264,0.9318181818181818,0.1553030303030303,4.727272727272728,50,1.8735945224761963,50,1.2279959496139476,dolly_15k
12,"Which of the following is useful for transportation: a glass of wine, a lamp, a train, an iced cube tray, a plane, a bicycle, an apple and a scooter.",6,6,50,54,10,1.637549877166748,32.97609480660802,10,60,60,44,60,360,0.7333333333333333,0.1222222222222222,5.4,50,1.8735945224761963,50,1.1441450111540097,dolly_15k
12,"Which of the following is useful for transportation: a glass of wine, a lamp, a train, an iced cube tray, a plane, a bicycle, an apple and a scooter.",6,8,50,50,8,1.5188353061676023,32.91996162912645,8,48,64,42,64,384,0.65625,0.109375,6.25,50,1.8735945224761963,50,1.2335731957691576,dolly_15k
12,"Which of the following is useful for transportation: a glass of wine, a lamp, a train, an iced cube tray, a plane, a bicycle, an apple and a scooter.",6,10,50,57,10,2.1812877655029297,26.13135272725365,10,60,100,47,100,600,0.47,0.0783333333333333,5.7,50,1.8735945224761963,50,0.8589396374504535,dolly_15k
12,"Which of the following is useful for transportation: a glass of wine, a lamp, a train, an iced cube tray, a plane, a bicycle, an apple and a scooter.",8,2,50,51,17,2.3832671642303467,21.39919551003001,17,136,34,34,34,272,1.0,0.125,3.0,50,1.8735945224761963,50,0.7861454018233225,dolly_15k
12,"Which of the following is useful for transportation: a glass of wine, a lamp, a train, an iced cube tray, a plane, a bicycle, an apple and a scooter.",8,4,50,54,11,1.8510706424713133,29.17230642689362,11,88,44,43,44,352,0.9772727272727272,0.1221590909090909,4.909090909090909,50,1.8735945224761963,50,1.0121680283226857,dolly_15k
12,"Which of the following is useful for transportation: a glass of wine, a lamp, a train, an iced cube tray, a plane, a bicycle, an apple and a scooter.",8,6,50,51,10,1.9328572750091555,26.385807508605843,10,80,60,41,60,480,0.6833333333333333,0.0854166666666666,5.1,50,1.8735945224761963,50,0.9693393023379452,dolly_15k
12,"Which of the following is useful for transportation: a glass of wine, a lamp, a train, an iced cube tray, a plane, a bicycle, an apple and a scooter.",8,8,50,58,7,1.564504861831665,37.072431933574,7,56,56,51,56,448,0.9107142857142856,0.1138392857142857,8.285714285714286,50,1.8735945224761963,50,1.197563886303722,dolly_15k
12,"Which of the following is useful for transportation: a glass of wine, a lamp, a train, an iced cube tray, a plane, a bicycle, an apple and a scooter.",8,10,50,55,8,1.949916124343872,28.206341448921023,8,64,80,47,80,640,0.5875,0.0734375,6.875,50,1.8735945224761963,50,0.960859033414395,dolly_15k
13,"Identify which instrument is string or woodwind: Panduri, Zurna",1,2,50,50,21,1.2234015464782717,40.8696557102873,21,21,42,29,42,42,0.6904761904761905,0.6904761904761905,2.380952380952381,50,1.864453077316284,50,1.523991107158044,dolly_15k
13,"Identify which instrument is string or woodwind: Panduri, Zurna",1,4,50,51,17,1.3381762504577637,38.111571612897706,17,17,68,34,68,68,0.5,0.5,3.0,50,1.864453077316284,50,1.3932791563730798,dolly_15k
13,"Identify which instrument is string or woodwind: Panduri, Zurna",1,6,50,50,19,1.859001398086548,26.89616051470672,19,19,114,31,114,114,0.2719298245614035,0.2719298245614035,2.631578947368421,50,1.864453077316284,50,1.0029325847927535,dolly_15k
13,"Identify which instrument is string or woodwind: Panduri, Zurna",1,8,50,54,23,2.69970703125,20.002170374389586,23,23,184,31,184,184,0.1684782608695652,0.1684782608695652,2.347826086956522,50,1.864453077316284,50,0.690613113102505,dolly_15k
13,"Identify which instrument is string or woodwind: Panduri, Zurna",1,10,50,50,19,2.594587802886963,19.270883777517827,19,19,190,31,190,190,0.1631578947368421,0.1631578947368421,2.631578947368421,50,1.864453077316284,50,0.7185931712319515,dolly_15k
13,"Identify which instrument is string or woodwind: Panduri, Zurna",2,2,50,51,22,1.3038897514343262,39.11373637525576,22,44,44,29,44,88,0.6590909090909091,0.3295454545454545,2.3181818181818183,50,1.864453077316284,50,1.4299161990232057,dolly_15k
13,"Identify which instrument is string or woodwind: Panduri, Zurna",2,4,50,50,16,1.279121160507202,39.08933848000279,16,32,64,34,64,128,0.53125,0.265625,3.125,50,1.864453077316284,50,1.4576047483859809,dolly_15k
13,"Identify which instrument is string or woodwind: Panduri, Zurna",2,6,50,54,14,1.4004356861114502,38.55942870889006,14,28,84,40,84,168,0.4761904761904761,0.238095238095238,3.857142857142857,50,1.864453077316284,50,1.33133787992311,dolly_15k
13,"Identify which instrument is string or woodwind: Panduri, Zurna",2,8,50,12,2,0.2408423423767089,49.82512577140787,2,4,16,10,16,32,0.625,0.3125,6.0,50,1.864453077316284,50,7.741384089347691,dolly_15k
13,"Identify which instrument is string or woodwind: Panduri, Zurna",2,10,50,52,16,2.259307861328125,23.01589831561601,16,32,160,36,160,320,0.225,0.1125,3.25,50,1.864453077316284,50,0.8252319700336337,dolly_15k
13,"Identify which instrument is string or woodwind: Panduri, Zurna",4,2,50,51,18,1.2817680835723877,39.78878913715734,18,72,36,33,36,144,0.9166666666666666,0.2291666666666666,2.833333333333333,50,1.864453077316284,50,1.454594712734544,dolly_15k
13,"Identify which instrument is string or woodwind: Panduri, Zurna",4,4,50,51,14,1.350114107131958,37.7745849262616,14,56,56,37,56,224,0.6607142857142857,0.1651785714285714,3.642857142857143,50,1.864453077316284,50,1.3809596296100737,dolly_15k
13,"Identify which instrument is string or woodwind: Panduri, Zurna",4,6,50,54,11,1.267430067062378,42.60590103023201,11,44,66,43,66,264,0.6515151515151515,0.1628787878787878,4.909090909090909,50,1.864453077316284,50,1.471050060882391,dolly_15k
13,"Identify which instrument is string or woodwind: Panduri, Zurna",4,8,50,53,11,1.5338029861450195,34.554633469065955,11,44,88,42,88,352,0.4772727272727273,0.1193181818181818,4.818181818181818,50,1.864453077316284,50,1.2155753340931377,dolly_15k
13,"Identify which instrument is string or woodwind: Panduri, Zurna",4,10,50,51,10,1.5662171840667725,32.5625338036297,10,40,100,41,100,400,0.41,0.1025,5.1,50,1.864453077316284,50,1.1904179677528024,dolly_15k
13,"Identify which instrument is string or woodwind: Panduri, Zurna",6,2,50,51,18,1.595126390457153,31.972388084798546,18,108,36,33,36,216,0.9166666666666666,0.1527777777777778,2.833333333333333,50,1.864453077316284,50,1.1688434775265322,dolly_15k
13,"Identify which instrument is string or woodwind: Panduri, Zurna",6,4,50,53,11,1.2285752296447754,43.13940141486019,11,66,44,42,44,264,0.9545454545454546,0.1590909090909091,4.818181818181818,50,1.864453077316284,50,1.517573390972048,dolly_15k
13,"Identify which instrument is string or woodwind: Panduri, Zurna",6,6,50,50,8,1.0604650974273682,47.14912364517921,8,48,48,42,48,288,0.875,0.1458333333333333,6.25,50,1.864453077316284,50,1.7581465734604071,dolly_15k
13,"Identify which instrument is string or woodwind: Panduri, Zurna",6,8,50,51,9,1.3710882663726809,37.196729963217045,9,54,72,42,72,432,0.5833333333333334,0.0972222222222222,5.666666666666667,50,1.864453077316284,50,1.3598344636475068,dolly_15k
13,"Identify which instrument is string or woodwind: Panduri, Zurna",6,10,50,54,8,1.479687213897705,36.49419924211981,8,48,80,46,80,480,0.575,0.0958333333333333,6.75,50,1.864453077316284,50,1.260031890391924,dolly_15k
13,"Identify which instrument is string or woodwind: Panduri, Zurna",8,2,50,32,12,1.080305099487305,29.62126163727884,12,96,24,20,24,192,0.8333333333333334,0.1041666666666666,2.6666666666666665,50,1.864453077316284,50,1.7258578879254791,dolly_15k
13,"Identify which instrument is string or woodwind: Panduri, Zurna",8,4,50,53,11,1.4211905002593994,37.292678209097446,11,88,44,42,44,352,0.9545454545454546,0.1193181818181818,4.818181818181818,50,1.864453077316284,50,1.3118952575154277,dolly_15k
13,"Identify which instrument is string or woodwind: Panduri, Zurna",8,6,50,50,8,1.2138056755065918,41.1927551575602,8,64,48,42,48,384,0.875,0.109375,6.25,50,1.864453077316284,50,1.536039182332987,dolly_15k
13,"Identify which instrument is string or woodwind: Panduri, Zurna",8,8,50,57,10,1.805848836898804,31.564103725252263,10,80,80,47,80,640,0.5875,0.0734375,5.7,50,1.864453077316284,50,1.0324524618118769,dolly_15k
13,"Identify which instrument is string or woodwind: Panduri, Zurna",8,10,50,55,7,1.459949970245361,37.67252379939884,7,56,70,48,70,560,0.6857142857142857,0.0857142857142857,7.857142857142857,50,1.864453077316284,50,1.2770664168738204,dolly_15k
14,"What is the average lifespan of a Golden Retriever?

Context: Golden Retrievers are a generally healthy breed; they have an average lifespan of 12 to 13 years. Irresponsible breeding to meet high demand has led to the prevalence of inherited health problems in some breed lines, including allergic skin conditions, eye problems and sometimes snappiness. These problems are rarely encountered in dogs bred from responsible breeders.",1,2,50,50,24,1.4295434951782229,34.97620056238054,24,24,48,26,48,48,0.5416666666666666,0.5416666666666666,2.083333333333333,50,1.9099063873291016,50,1.3360253771718864,dolly_15k
14,"What is the average lifespan of a Golden Retriever?

Context: Golden Retrievers are a generally healthy breed; they have an average lifespan of 12 to 13 years. Irresponsible breeding to meet high demand has led to the prevalence of inherited health problems in some breed lines, including allergic skin conditions, eye problems and sometimes snappiness. These problems are rarely encountered in dogs bred from responsible breeders.",1,4,50,54,19,1.5182924270629885,35.56627105389609,19,19,76,35,76,76,0.4605263157894737,0.4605263157894737,2.8421052631578947,50,1.9099063873291016,50,1.2579305233206348,dolly_15k
14,"What is the average lifespan of a Golden Retriever?

Context: Golden Retrievers are a generally healthy breed; they have an average lifespan of 12 to 13 years. Irresponsible breeding to meet high demand has led to the prevalence of inherited health problems in some breed lines, including allergic skin conditions, eye problems and sometimes snappiness. These problems are rarely encountered in dogs bred from responsible breeders.",1,6,50,50,17,1.749284744262695,28.583110990929303,17,17,102,33,102,102,0.3235294117647059,0.3235294117647059,2.9411764705882355,50,1.9099063873291016,50,1.0918213250262505,dolly_15k
14,"What is the average lifespan of a Golden Retriever?

Context: Golden Retrievers are a generally healthy breed; they have an average lifespan of 12 to 13 years. Irresponsible breeding to meet high demand has led to the prevalence of inherited health problems in some breed lines, including allergic skin conditions, eye problems and sometimes snappiness. These problems are rarely encountered in dogs bred from responsible breeders.",1,8,50,53,16,1.960599899291992,27.03254244741074,16,16,128,37,128,128,0.2890625,0.2890625,3.3125,50,1.9099063873291016,50,0.9741438770953742,dolly_15k
14,"What is the average lifespan of a Golden Retriever?

Context: Golden Retrievers are a generally healthy breed; they have an average lifespan of 12 to 13 years. Irresponsible breeding to meet high demand has led to the prevalence of inherited health problems in some breed lines, including allergic skin conditions, eye problems and sometimes snappiness. These problems are rarely encountered in dogs bred from responsible breeders.",1,10,50,52,11,1.5647716522216797,33.23168586686104,11,11,110,41,110,110,0.3727272727272727,0.3727272727272727,4.727272727272728,50,1.9099063873291016,50,1.220565559592926,dolly_15k
14,"What is the average lifespan of a Golden Retriever?

Context: Golden Retrievers are a generally healthy breed; they have an average lifespan of 12 to 13 years. Irresponsible breeding to meet high demand has led to the prevalence of inherited health problems in some breed lines, including allergic skin conditions, eye problems and sometimes snappiness. These problems are rarely encountered in dogs bred from responsible breeders.",2,2,50,52,19,1.5707008838653564,33.10623972658154,19,38,38,33,38,76,0.868421052631579,0.4342105263157895,2.736842105263158,50,1.9099063873291016,50,1.2159580521970486,dolly_15k
14,"What is the average lifespan of a Golden Retriever?

Context: Golden Retrievers are a generally healthy breed; they have an average lifespan of 12 to 13 years. Irresponsible breeding to meet high demand has led to the prevalence of inherited health problems in some breed lines, including allergic skin conditions, eye problems and sometimes snappiness. These problems are rarely encountered in dogs bred from responsible breeders.",2,4,50,14,3,0.2863264083862304,48.89524539111029,3,6,12,11,12,24,0.9166666666666666,0.4583333333333333,4.666666666666667,50,1.9099063873291016,50,6.67038153446467,dolly_15k
14,"What is the average lifespan of a Golden Retriever?

Context: Golden Retrievers are a generally healthy breed; they have an average lifespan of 12 to 13 years. Irresponsible breeding to meet high demand has led to the prevalence of inherited health problems in some breed lines, including allergic skin conditions, eye problems and sometimes snappiness. These problems are rarely encountered in dogs bred from responsible breeders.",2,6,50,50,12,1.5094239711761477,33.12521925899975,12,24,72,38,72,144,0.5277777777777778,0.2638888888888889,4.166666666666667,50,1.9099063873291016,50,1.2653213568888118,dolly_15k
14,"What is the average lifespan of a Golden Retriever?

Context: Golden Retrievers are a generally healthy breed; they have an average lifespan of 12 to 13 years. Irresponsible breeding to meet high demand has led to the prevalence of inherited health problems in some breed lines, including allergic skin conditions, eye problems and sometimes snappiness. These problems are rarely encountered in dogs bred from responsible breeders.",2,8,50,1,1,0.1348004341125488,7.41837373583731,1,2,8,0,8,16,0.0,0.0,1.0,50,1.9099063873291016,50,14.168399381670127,dolly_15k
14,"What is the average lifespan of a Golden Retriever?

Context: Golden Retrievers are a generally healthy breed; they have an average lifespan of 12 to 13 years. Irresponsible breeding to meet high demand has led to the prevalence of inherited health problems in some breed lines, including allergic skin conditions, eye problems and sometimes snappiness. These problems are rarely encountered in dogs bred from responsible breeders.",2,10,50,5,1,0.1571180820465088,31.82319905432617,1,2,10,4,10,20,0.4,0.2,5.0,50,1.9099063873291016,50,12.155866227820596,dolly_15k
14,"What is the average lifespan of a Golden Retriever?

Context: Golden Retrievers are a generally healthy breed; they have an average lifespan of 12 to 13 years. Irresponsible breeding to meet high demand has led to the prevalence of inherited health problems in some breed lines, including allergic skin conditions, eye problems and sometimes snappiness. These problems are rarely encountered in dogs bred from responsible breeders.",4,2,50,50,17,2.0702152252197266,24.152078195006585,17,68,34,33,34,136,0.9705882352941176,0.2426470588235294,2.9411764705882355,50,1.9099063873291016,50,0.9225641682382998,dolly_15k
14,"What is the average lifespan of a Golden Retriever?

Context: Golden Retrievers are a generally healthy breed; they have an average lifespan of 12 to 13 years. Irresponsible breeding to meet high demand has led to the prevalence of inherited health problems in some breed lines, including allergic skin conditions, eye problems and sometimes snappiness. These problems are rarely encountered in dogs bred from responsible breeders.",4,4,50,50,14,2.0627212524414062,24.23982394170843,14,56,56,36,56,224,0.6428571428571429,0.1607142857142857,3.571428571428572,50,1.9099063873291016,50,0.9259158914800364,dolly_15k
14,"What is the average lifespan of a Golden Retriever?

Context: Golden Retrievers are a generally healthy breed; they have an average lifespan of 12 to 13 years. Irresponsible breeding to meet high demand has led to the prevalence of inherited health problems in some breed lines, including allergic skin conditions, eye problems and sometimes snappiness. These problems are rarely encountered in dogs bred from responsible breeders.",4,6,50,52,10,1.7179899215698242,30.26793076439277,10,40,60,42,60,240,0.7,0.175,5.2,50,1.9099063873291016,50,1.1117098903490146,dolly_15k
14,"What is the average lifespan of a Golden Retriever?

Context: Golden Retrievers are a generally healthy breed; they have an average lifespan of 12 to 13 years. Irresponsible breeding to meet high demand has led to the prevalence of inherited health problems in some breed lines, including allergic skin conditions, eye problems and sometimes snappiness. These problems are rarely encountered in dogs bred from responsible breeders.",4,8,50,53,9,1.7850525379180908,29.691002855195496,9,36,72,44,72,288,0.6111111111111112,0.1527777777777778,5.888888888888889,50,1.9099063873291016,50,1.0699440754593297,dolly_15k
14,"What is the average lifespan of a Golden Retriever?

Context: Golden Retrievers are a generally healthy breed; they have an average lifespan of 12 to 13 years. Irresponsible breeding to meet high demand has led to the prevalence of inherited health problems in some breed lines, including allergic skin conditions, eye problems and sometimes snappiness. These problems are rarely encountered in dogs bred from responsible breeders.",4,10,50,53,11,2.462422132492065,21.523523241874848,11,44,110,42,110,440,0.3818181818181818,0.0954545454545454,4.818181818181818,50,1.9099063873291016,50,0.7756210286317574,dolly_15k
14,"What is the average lifespan of a Golden Retriever?

Context: Golden Retrievers are a generally healthy breed; they have an average lifespan of 12 to 13 years. Irresponsible breeding to meet high demand has led to the prevalence of inherited health problems in some breed lines, including allergic skin conditions, eye problems and sometimes snappiness. These problems are rarely encountered in dogs bred from responsible breeders.",6,2,50,51,17,2.852480411529541,17.8791762403911,17,102,34,34,34,204,1.0,0.1666666666666666,3.0,50,1.9099063873291016,50,0.6695598608177583,dolly_15k
14,"What is the average lifespan of a Golden Retriever?

Context: Golden Retrievers are a generally healthy breed; they have an average lifespan of 12 to 13 years. Irresponsible breeding to meet high demand has led to the prevalence of inherited health problems in some breed lines, including allergic skin conditions, eye problems and sometimes snappiness. These problems are rarely encountered in dogs bred from responsible breeders.",6,4,50,51,11,2.164315938949585,23.5640273594954,11,66,44,40,44,264,0.9090909090909092,0.1515151515151515,4.636363636363637,50,1.9099063873291016,50,0.8824526738254505,dolly_15k
14,"What is the average lifespan of a Golden Retriever?

Context: Golden Retrievers are a generally healthy breed; they have an average lifespan of 12 to 13 years. Irresponsible breeding to meet high demand has led to the prevalence of inherited health problems in some breed lines, including allergic skin conditions, eye problems and sometimes snappiness. These problems are rarely encountered in dogs bred from responsible breeders.",6,6,50,53,10,2.3123035430908203,22.920866145954054,10,60,60,43,60,360,0.7166666666666667,0.1194444444444444,5.3,50,1.9099063873291016,50,0.8259756350051514,dolly_15k
14,"What is the average lifespan of a Golden Retriever?

Context: Golden Retrievers are a generally healthy breed; they have an average lifespan of 12 to 13 years. Irresponsible breeding to meet high demand has led to the prevalence of inherited health problems in some breed lines, including allergic skin conditions, eye problems and sometimes snappiness. These problems are rarely encountered in dogs bred from responsible breeders.",6,8,50,51,9,2.273430109024048,22.433062620910565,9,54,72,42,72,432,0.5833333333333334,0.0972222222222222,5.666666666666667,50,1.9099063873291016,50,0.8400990115104079,dolly_15k
14,"What is the average lifespan of a Golden Retriever?

Context: Golden Retrievers are a generally healthy breed; they have an average lifespan of 12 to 13 years. Irresponsible breeding to meet high demand has led to the prevalence of inherited health problems in some breed lines, including allergic skin conditions, eye problems and sometimes snappiness. These problems are rarely encountered in dogs bred from responsible breeders.",6,10,50,51,10,2.751298427581787,18.536702339784235,10,60,100,41,100,600,0.41,0.0683333333333333,5.1,50,1.9099063873291016,50,0.6941836509563178,dolly_15k
14,"What is the average lifespan of a Golden Retriever?

Context: Golden Retrievers are a generally healthy breed; they have an average lifespan of 12 to 13 years. Irresponsible breeding to meet high demand has led to the prevalence of inherited health problems in some breed lines, including allergic skin conditions, eye problems and sometimes snappiness. These problems are rarely encountered in dogs bred from responsible breeders.",8,2,50,50,17,3.6325860023498535,13.76429903315597,17,136,34,33,34,272,0.9705882352941176,0.1213235294117647,2.9411764705882355,50,1.9099063873291016,50,0.5257704528106473,dolly_15k
14,"What is the average lifespan of a Golden Retriever?

Context: Golden Retrievers are a generally healthy breed; they have an average lifespan of 12 to 13 years. Irresponsible breeding to meet high demand has led to the prevalence of inherited health problems in some breed lines, including allergic skin conditions, eye problems and sometimes snappiness. These problems are rarely encountered in dogs bred from responsible breeders.",8,4,50,50,12,2.9641685485839844,16.868136605755954,12,96,48,38,48,384,0.7916666666666666,0.0989583333333333,4.166666666666667,50,1.9099063873291016,50,0.6443312369134625,dolly_15k
14,"What is the average lifespan of a Golden Retriever?

Context: Golden Retrievers are a generally healthy breed; they have an average lifespan of 12 to 13 years. Irresponsible breeding to meet high demand has led to the prevalence of inherited health problems in some breed lines, including allergic skin conditions, eye problems and sometimes snappiness. These problems are rarely encountered in dogs bred from responsible breeders.",8,6,50,52,9,2.5347888469696045,20.51452927219841,9,72,54,43,54,432,0.7962962962962963,0.099537037037037,5.777777777777778,50,1.9099063873291016,50,0.7534775094234916,dolly_15k
14,"What is the average lifespan of a Golden Retriever?

Context: Golden Retrievers are a generally healthy breed; they have an average lifespan of 12 to 13 years. Irresponsible breeding to meet high demand has led to the prevalence of inherited health problems in some breed lines, including allergic skin conditions, eye problems and sometimes snappiness. These problems are rarely encountered in dogs bred from responsible breeders.",8,8,50,50,8,2.547067165374756,19.63042069706999,8,64,64,42,64,512,0.65625,0.08203125,6.25,50,1.9099063873291016,50,0.7498453175058274,dolly_15k
14,"What is the average lifespan of a Golden Retriever?

Context: Golden Retrievers are a generally healthy breed; they have an average lifespan of 12 to 13 years. Irresponsible breeding to meet high demand has led to the prevalence of inherited health problems in some breed lines, including allergic skin conditions, eye problems and sometimes snappiness. These problems are rarely encountered in dogs bred from responsible breeders.",8,10,50,51,8,2.8873233795166016,17.66341808534743,8,64,80,43,80,640,0.5375,0.0671875,6.375,50,1.9099063873291016,50,0.6614799024170476,dolly_15k
15,Who became king of Holland in 1806?,1,2,50,51,27,1.5781457424163818,32.31640692570714,27,27,54,24,54,54,0.4444444444444444,0.4444444444444444,1.8888888888888888,50,1.8747849464416504,50,1.1879669260274204,dolly_15k
15,Who became king of Holland in 1806?,1,4,50,53,18,1.4047033786773682,37.73038550665651,18,18,72,35,72,72,0.4861111111111111,0.4861111111111111,2.9444444444444446,50,1.8747849464416504,50,1.334648278704148,dolly_15k
15,Who became king of Holland in 1806?,1,6,50,51,18,1.790980100631714,28.476028283067635,18,18,108,33,108,108,0.3055555555555556,0.3055555555555556,2.833333333333333,50,1.8747849464416504,50,1.0467927286184682,dolly_15k
15,Who became king of Holland in 1806?,1,8,50,51,16,1.891441822052002,26.96355732721968,16,16,128,35,128,128,0.2734375,0.2734375,3.1875,50,1.8747849464416504,50,0.9911935564625082,dolly_15k
15,Who became king of Holland in 1806?,1,10,50,50,19,2.600945949554444,19.223775107116424,19,19,190,31,190,190,0.1631578947368421,0.1631578947368421,2.631578947368421,50,1.8747849464416504,50,0.720808883692032,dolly_15k
15,Who became king of Holland in 1806?,2,2,50,50,19,1.1192903518676758,44.67116143417904,19,38,38,31,38,76,0.8157894736842105,0.4078947368421052,2.631578947368421,50,1.8747849464416504,50,1.6749764199372732,dolly_15k
15,Who became king of Holland in 1806?,2,4,50,53,17,1.3490753173828125,39.28616832366281,17,34,68,36,68,136,0.5294117647058824,0.2647058823529412,3.117647058823529,50,1.8747849464416504,50,1.3896814523882235,dolly_15k
15,Who became king of Holland in 1806?,2,6,50,50,19,1.87207555770874,26.70832370740191,19,38,114,31,114,228,0.2719298245614035,0.1359649122807017,2.631578947368421,50,1.8747849464416504,50,1.001447264626555,dolly_15k
15,Who became king of Holland in 1806?,2,8,50,50,12,1.447293996810913,34.54723097737856,12,24,96,38,96,192,0.3958333333333333,0.1979166666666666,4.166666666666667,50,1.8747849464416504,50,1.2953725715526396,dolly_15k
15,Who became king of Holland in 1806?,2,10,50,51,15,2.1644201278686523,23.562893055435,15,30,150,36,150,300,0.24,0.12,3.4,50,1.8747849464416504,50,0.8661834744106675,dolly_15k
15,Who became king of Holland in 1806?,4,2,50,50,18,1.2118830680847168,41.25810593180492,18,72,36,32,36,144,0.8888888888888888,0.2222222222222222,2.7777777777777777,50,1.8747849464416504,50,1.5470015183928565,dolly_15k
15,Who became king of Holland in 1806?,4,4,50,52,11,0.9697086811065674,53.62435235772154,11,44,44,41,44,176,0.9318181818181818,0.2329545454545454,4.727272727272728,50,1.8747849464416504,50,1.9333486262103683,dolly_15k
15,Who became king of Holland in 1806?,4,6,50,51,15,1.6447720527648926,31.007336192433502,15,60,90,36,90,360,0.4,0.1,3.4,50,1.8747849464416504,50,1.1398448455456802,dolly_15k
15,Who became king of Holland in 1806?,4,8,50,19,5,0.6096482276916504,31.16551338456424,5,20,40,14,40,160,0.35,0.0875,3.8,50,1.8747849464416504,50,3.0751913337635166,dolly_15k
15,Who became king of Holland in 1806?,4,10,50,51,13,1.989001989364624,25.64099999532513,13,52,130,38,130,520,0.2923076923076923,0.073076923076923,3.923076923076923,50,1.8747849464416504,50,0.9425757020185488,dolly_15k
15,Who became king of Holland in 1806?,6,2,50,51,17,1.366032600402832,37.33439449758411,17,102,34,34,34,204,1.0,0.1666666666666666,3.0,50,1.8747849464416504,50,1.3724306036977385,dolly_15k
15,Who became king of Holland in 1806?,6,4,50,51,11,1.1346449851989746,44.94797991025933,11,66,44,40,44,264,0.9090909090909092,0.1515151515151515,4.636363636363637,50,1.8747849464416504,50,1.6523097276218806,dolly_15k
15,Who became king of Holland in 1806?,6,6,50,53,8,1.0192630290985107,51.99835419016028,8,48,48,45,48,288,0.9375,0.15625,6.625,50,1.8747849464416504,50,1.8393534278387471,dolly_15k
15,Who became king of Holland in 1806?,6,8,50,53,10,1.5829882621765137,33.480981044754046,10,60,80,43,80,480,0.5375,0.0895833333333333,5.3,50,1.8747849464416504,50,1.1843328161283608,dolly_15k
15,Who became king of Holland in 1806?,6,10,50,51,8,1.3640334606170654,37.3891121240739,8,48,80,43,80,480,0.5375,0.0895833333333333,6.375,50,1.8747849464416504,50,1.3744420504124069,dolly_15k
15,Who became king of Holland in 1806?,8,2,50,51,17,1.5838661193847656,32.19969123388431,17,136,34,34,34,272,1.0,0.125,3.0,50,1.8747849464416504,50,1.1836764001050093,dolly_15k
15,Who became king of Holland in 1806?,8,4,50,50,10,1.157337665557861,43.20260325745031,10,80,40,40,40,320,1.0,0.125,5.0,50,1.8747849464416504,50,1.619911804683177,dolly_15k
15,Who became king of Holland in 1806?,8,6,50,51,8,1.1350765228271484,44.93089141952623,8,64,48,43,48,384,0.8958333333333334,0.1119791666666666,6.375,50,1.8747849464416504,50,1.6516815463437668,dolly_15k
15,Who became king of Holland in 1806?,8,8,50,52,8,1.3076698780059814,39.76538794278333,8,64,64,44,64,512,0.6875,0.0859375,6.5,50,1.8747849464416504,50,1.433683667395048,dolly_15k
15,Who became king of Holland in 1806?,8,10,50,52,8,1.5236291885375977,34.1290390018784,8,64,80,44,80,640,0.55,0.06875,6.5,50,1.8747849464416504,50,1.2304732414854151,dolly_15k
16,What is best Playstation or Xbox,1,2,50,51,24,1.4516899585723877,35.131468464625954,24,24,48,27,48,48,0.5625,0.5625,2.125,50,1.8575658798217771,50,1.2795885711357635,dolly_15k
16,What is best Playstation or Xbox,1,4,50,52,25,1.981772184371948,26.239141113225152,25,25,100,27,100,100,0.27,0.27,2.08,50,1.8575658798217771,50,0.93732563937992,dolly_15k
16,What is best Playstation or Xbox,1,6,50,50,16,1.5742061138153076,31.76204155300734,16,16,96,34,96,96,0.3541666666666667,0.3541666666666667,3.125,50,1.8575658798217771,50,1.1800016932469586,dolly_15k
16,What is best Playstation or Xbox,1,8,50,50,21,2.471646547317505,20.229429670785795,21,21,168,29,168,168,0.1726190476190476,0.1726190476190476,2.380952380952381,50,1.8575658798217771,50,0.7515499664941196,dolly_15k
16,What is best Playstation or Xbox,1,10,50,50,18,2.4733691215515137,20.215340914677395,18,18,180,32,180,180,0.1777777777777777,0.1777777777777777,2.7777777777777777,50,1.8575658798217771,50,0.7510265506413978,dolly_15k
16,What is best Playstation or Xbox,2,2,50,50,19,1.1275737285614014,44.34299836321282,19,38,38,31,38,76,0.8157894736842105,0.4078947368421052,2.631578947368421,50,1.8575658798217771,50,1.647400815369941,dolly_15k
16,What is best Playstation or Xbox,2,4,50,18,4,0.3333160877227783,54.00279393345918,4,8,16,14,16,32,0.875,0.4375,4.5,50,1.8575658798217771,50,5.572985968102236,dolly_15k
16,What is best Playstation or Xbox,2,6,50,24,8,0.8297748565673828,28.923508358982257,8,16,48,16,48,96,0.3333333333333333,0.1666666666666666,3.0,50,1.8575658798217771,50,2.238638427182725,dolly_15k
16,What is best Playstation or Xbox,2,8,50,50,9,1.069556713104248,46.74833918332536,9,18,72,41,72,144,0.5694444444444444,0.2847222222222222,5.555555555555555,50,1.8575658798217771,50,1.736762396105613,dolly_15k
16,What is best Playstation or Xbox,2,10,50,42,6,0.8349802494049072,50.30059097797046,6,12,60,36,60,120,0.6,0.3,7.0,50,1.8575658798217771,50,2.2246824175130726,dolly_15k
16,What is best Playstation or Xbox,4,2,50,52,18,1.1856586933135986,43.857477951495405,18,72,36,34,36,144,0.9444444444444444,0.2361111111111111,2.888888888888889,50,1.8575658798217771,50,1.5666952811102646,dolly_15k
16,What is best Playstation or Xbox,4,4,50,50,11,0.954047441482544,52.408295254481686,11,44,44,39,44,176,0.8863636363636364,0.2215909090909091,4.545454545454546,50,1.8575658798217771,50,1.9470372216870149,dolly_15k
16,What is best Playstation or Xbox,4,6,50,51,12,1.3564660549163818,37.59769720381529,12,48,72,39,72,288,0.5416666666666666,0.1354166666666666,4.25,50,1.8575658798217771,50,1.3694156761897631,dolly_15k
16,What is best Playstation or Xbox,4,8,50,56,14,1.8583197593688965,30.13474926350573,14,56,112,42,112,448,0.375,0.09375,4.0,50,1.8575658798217771,50,0.999594321944155,dolly_15k
16,What is best Playstation or Xbox,4,10,50,50,9,1.4083337783813477,35.502947360580194,9,36,90,41,90,360,0.4555555555555555,0.1138888888888888,5.555555555555555,50,1.8575658798217771,50,1.318981273002448,dolly_15k
16,What is best Playstation or Xbox,6,2,50,51,17,1.317378044128418,38.713260955963314,17,102,34,34,34,204,1.0,0.1666666666666666,3.0,50,1.8575658798217771,50,1.410047698988903,dolly_15k
16,What is best Playstation or Xbox,6,4,50,52,11,1.1327764987945557,45.90490715100093,11,66,44,41,44,264,0.9318181818181818,0.1553030303030303,4.727272727272728,50,1.8575658798217771,50,1.6398344084631933,dolly_15k
16,What is best Playstation or Xbox,6,6,50,53,8,1.0024056434631348,52.872806877756936,8,48,48,45,48,288,0.9375,0.15625,6.625,50,1.8575658798217771,50,1.8531079627646696,dolly_15k
16,What is best Playstation or Xbox,6,8,50,22,3,0.3871030807495117,56.83240742337531,3,18,24,19,24,144,0.7916666666666666,0.1319444444444444,7.333333333333333,50,1.8575658798217771,50,4.798633677172357,dolly_15k
16,What is best Playstation or Xbox,6,10,50,50,9,1.4854850769042969,33.65903890747822,9,54,90,41,90,540,0.4555555555555555,0.0759259259259259,5.555555555555555,50,1.8575658798217771,50,1.250477644442504,dolly_15k
16,What is best Playstation or Xbox,8,2,50,51,17,1.514115571975708,33.68302984523973,17,136,34,34,34,272,1.0,0.125,3.0,50,1.8575658798217771,50,1.2268322935203122,dolly_15k
16,What is best Playstation or Xbox,8,4,50,53,11,1.244832992553711,42.575992375710754,11,88,44,42,44,352,0.9545454545454546,0.1193181818181818,4.818181818181818,50,1.8575658798217771,50,1.4922209572957064,dolly_15k
16,What is best Playstation or Xbox,8,6,50,53,8,1.1103427410125732,47.73300895511492,8,64,48,45,48,384,0.9375,0.1171875,6.625,50,1.8575658798217771,50,1.672966203325449,dolly_15k
16,What is best Playstation or Xbox,8,8,50,50,11,1.7376067638397217,28.775210272266207,11,88,88,39,88,704,0.4431818181818182,0.0553977272727272,4.545454545454546,50,1.8575658798217771,50,1.0690369757291764,dolly_15k
16,What is best Playstation or Xbox,8,10,50,32,7,1.1584477424621582,27.62317092697456,7,56,70,25,70,560,0.3571428571428571,0.0446428571428571,4.571428571428571,50,1.8575658798217771,50,1.603495618951026,dolly_15k
17,Who played Billy the Kid in The Left Handed Gun,1,2,50,51,23,1.3609302043914795,37.47436851311851,23,23,46,28,46,46,0.6086956521739131,0.6086956521739131,2.217391304347826,50,1.909528732299805,50,1.4031055568743316,dolly_15k
17,Who played Billy the Kid in The Left Handed Gun,1,4,50,53,23,1.7944490909576416,29.53552723622577,23,23,92,30,92,92,0.3260869565217391,0.3260869565217391,2.3043478260869565,50,1.909528732299805,50,1.064130903418803,dolly_15k
17,Who played Billy the Kid in The Left Handed Gun,1,6,50,50,15,1.472855567932129,33.94765996655014,15,15,90,35,90,90,0.3888888888888889,0.3888888888888889,3.333333333333333,50,1.909528732299805,50,1.2964806420094264,dolly_15k
17,Who played Billy the Kid in The Left Handed Gun,1,8,50,50,22,2.5961480140686035,19.25930252398881,22,22,176,28,176,176,0.1590909090909091,0.1590909090909091,2.272727272727273,50,1.909528732299805,50,0.7355238306722157,dolly_15k
17,Who played Billy the Kid in The Left Handed Gun,1,10,50,53,13,1.8072943687438965,29.32560457034788,13,13,130,40,130,130,0.3076923076923077,0.3076923076923077,4.076923076923077,50,1.909528732299805,50,1.0565676324366369,dolly_15k
17,Who played Billy the Kid in The Left Handed Gun,2,2,50,51,24,1.419208288192749,35.9355285790675,24,48,48,27,48,96,0.5625,0.28125,2.125,50,1.909528732299805,50,1.345488712394317,dolly_15k
17,Who played Billy the Kid in The Left Handed Gun,2,4,50,52,17,1.3947975635528564,37.28139578014788,17,34,68,35,68,136,0.5147058823529411,0.2573529411764705,3.0588235294117645,50,1.909528732299805,50,1.3690364696621742,dolly_15k
17,Who played Billy the Kid in The Left Handed Gun,2,6,50,33,10,0.9961791038513184,33.1265731959434,10,20,60,23,60,120,0.3833333333333333,0.1916666666666666,3.3,50,1.909528732299805,50,1.9168528278874692,dolly_15k
17,Who played Billy the Kid in The Left Handed Gun,2,8,50,51,15,1.7878334522247314,28.5261470728926,15,30,120,36,120,240,0.3,0.15,3.4,50,1.909528732299805,50,1.0680685775980077,dolly_15k
17,Who played Billy the Kid in The Left Handed Gun,2,10,50,55,17,2.3729262351989746,23.17813305114735,17,34,170,38,170,340,0.2235294117647059,0.1117647058823529,3.235294117647059,50,1.909528732299805,50,0.8047147458587928,dolly_15k
17,Who played Billy the Kid in The Left Handed Gun,4,2,50,36,14,0.870593786239624,41.35108769325777,14,56,28,22,28,112,0.7857142857142857,0.1964285714285714,2.571428571428572,50,1.909528732299805,50,2.193363612836793,dolly_15k
17,Who played Billy the Kid in The Left Handed Gun,4,4,50,53,14,1.2485253810882568,42.45007815043649,14,56,56,39,56,224,0.6964285714285714,0.1741071428571428,3.7857142857142856,50,1.909528732299805,50,1.5294272437100118,dolly_15k
17,Who played Billy the Kid in The Left Handed Gun,4,6,50,50,14,1.5422358512878418,32.42046277049491,14,56,84,36,84,336,0.4285714285714285,0.1071428571428571,3.571428571428572,50,1.909528732299805,50,1.2381561034943231,dolly_15k
17,Who played Billy the Kid in The Left Handed Gun,4,8,50,55,8,1.0669009685516355,51.5511763708162,8,32,64,47,64,256,0.734375,0.18359375,6.875,50,1.909528732299805,50,1.7897900447986963,dolly_15k
17,Who played Billy the Kid in The Left Handed Gun,4,10,50,51,8,1.2400827407836914,41.126288047336,8,32,80,43,80,320,0.5375,0.134375,6.375,50,1.909528732299805,50,1.5398397780240418,dolly_15k
17,Who played Billy the Kid in The Left Handed Gun,6,2,50,51,17,1.405496597290039,36.28610705876765,17,102,34,34,34,204,1.0,0.1666666666666666,3.0,50,1.909528732299805,50,1.3586149806279135,dolly_15k
17,Who played Billy the Kid in The Left Handed Gun,6,4,50,51,14,1.4726605415344238,34.63119881439959,14,84,56,37,56,336,0.6607142857142857,0.1101190476190476,3.642857142857143,50,1.909528732299805,50,1.2966523366682932,dolly_15k
17,Who played Billy the Kid in The Left Handed Gun,6,6,50,56,12,1.5358383655548096,36.46217027517114,12,72,72,44,72,432,0.6111111111111112,0.1018518518518518,4.666666666666667,50,1.909528732299805,50,1.243313603257985,dolly_15k
17,Who played Billy the Kid in The Left Handed Gun,6,8,50,51,8,1.2135298252105713,42.02616115442445,8,48,64,43,64,384,0.671875,0.1119791666666666,6.375,50,1.909528732299805,50,1.5735325927967727,dolly_15k
17,Who played Billy the Kid in The Left Handed Gun,6,10,50,50,9,1.5509178638458252,32.23897355596546,9,54,90,41,90,540,0.4555555555555555,0.0759259259259259,5.555555555555555,50,1.909528732299805,50,1.231224926099393,dolly_15k
17,Who played Billy the Kid in The Left Handed Gun,8,2,50,50,17,1.633680820465088,30.605733613109106,17,136,34,33,34,272,0.9705882352941176,0.1213235294117647,2.9411764705882355,50,1.909528732299805,50,1.168850554146915,dolly_15k
17,Who played Billy the Kid in The Left Handed Gun,8,4,50,51,13,1.5672414302825928,32.541253067055585,13,104,52,38,52,416,0.7307692307692307,0.0913461538461538,3.923076923076923,50,1.909528732299805,50,1.218401131697682,dolly_15k
17,Who played Billy the Kid in The Left Handed Gun,8,6,50,50,12,1.7223472595214844,29.0301504087459,12,96,72,38,72,576,0.5277777777777778,0.0659722222222222,4.166666666666667,50,1.909528732299805,50,1.1086781261697043,dolly_15k
17,Who played Billy the Kid in The Left Handed Gun,8,8,50,56,9,1.512322187423706,37.02914661021933,9,72,72,47,72,576,0.6527777777777778,0.0815972222222222,6.222222222222222,50,1.909528732299805,50,1.2626467747277808,dolly_15k
17,Who played Billy the Kid in The Left Handed Gun,8,10,50,50,7,1.2946135997772217,38.62156245585868,7,56,70,43,70,560,0.6142857142857143,0.0767857142857142,7.142857142857143,50,1.909528732299805,50,1.474979663915471,dolly_15k
18,why did Syd Barrett left the Pink Floyd?,1,2,50,50,25,1.4384849071502686,34.75879361087856,25,25,50,25,50,50,0.5,0.5,2.0,50,1.8515229225158687,50,1.287134062590796,dolly_15k
18,why did Syd Barrett left the Pink Floyd?,1,4,50,50,14,1.0793919563293457,46.322375951395294,14,14,56,36,56,56,0.6428571428571429,0.6428571428571429,3.571428571428572,50,1.8515229225158687,50,1.7153388179881244,dolly_15k
18,why did Syd Barrett left the Pink Floyd?,1,6,50,50,14,1.3535590171813965,36.93965269731514,14,14,84,36,84,84,0.4285714285714285,0.4285714285714285,3.571428571428572,50,1.8515229225158687,50,1.3678922743770827,dolly_15k
18,why did Syd Barrett left the Pink Floyd?,1,8,50,54,15,1.7514445781707764,30.83169212033992,15,15,120,39,120,120,0.325,0.325,3.6,50,1.8515229225158687,50,1.0571404574215049,dolly_15k
18,why did Syd Barrett left the Pink Floyd?,1,10,50,50,17,2.301498413085937,21.724976960969563,17,17,170,33,170,170,0.1941176470588235,0.1941176470588235,2.9411764705882355,50,1.8515229225158687,50,0.8044858566872858,dolly_15k
18,why did Syd Barrett left the Pink Floyd?,2,2,50,52,19,1.0937259197235107,47.54390388146363,19,38,38,33,38,76,0.868421052631579,0.4342105263157895,2.736842105263158,50,1.8515229225158687,50,1.692858228123483,dolly_15k
18,why did Syd Barrett left the Pink Floyd?,2,4,50,50,12,0.9384419918060304,53.2797982577219,12,24,48,38,48,96,0.7916666666666666,0.3958333333333333,4.166666666666667,50,1.8515229225158687,50,1.9729753556238632,dolly_15k
18,why did Syd Barrett left the Pink Floyd?,2,6,50,52,13,1.2730886936187744,40.84554380275674,13,26,78,39,78,156,0.5,0.25,4.0,50,1.8515229225158687,50,1.454355012181348,dolly_15k
18,why did Syd Barrett left the Pink Floyd?,2,8,50,55,10,1.1814520359039309,46.55288435634158,10,20,80,45,80,160,0.5625,0.28125,5.5,50,1.8515229225158687,50,1.567158772636306,dolly_15k
18,why did Syd Barrett left the Pink Floyd?,2,10,50,50,11,1.5051236152648926,33.21986280256476,11,22,110,39,110,220,0.3545454545454545,0.1772727272727272,4.545454545454546,50,1.8515229225158687,50,1.2301467492356184,dolly_15k
18,why did Syd Barrett left the Pink Floyd?,4,2,50,51,18,1.200709104537964,42.47490071262926,18,72,36,33,36,144,0.9166666666666666,0.2291666666666666,2.833333333333333,50,1.8515229225158687,50,1.5420245549219351,dolly_15k
18,why did Syd Barrett left the Pink Floyd?,4,4,50,51,14,1.2375178337097168,41.211527309563614,14,56,56,37,56,224,0.6607142857142857,0.1651785714285714,3.642857142857143,50,1.8515229225158687,50,1.4961585781479565,dolly_15k
18,why did Syd Barrett left the Pink Floyd?,4,6,50,56,10,1.114903688430786,50.22855389313434,10,40,60,46,60,240,0.7666666666666667,0.1916666666666666,5.6,50,1.8515229225158687,50,1.6607021231778916,dolly_15k
18,why did Syd Barrett left the Pink Floyd?,4,8,50,52,13,1.7227323055267334,30.18460838818528,13,52,104,39,104,416,0.375,0.09375,4.0,50,1.8515229225158687,50,1.0747595064978812,dolly_15k
18,why did Syd Barrett left the Pink Floyd?,4,10,50,54,8,1.23702073097229,43.65327002851146,8,32,80,46,80,320,0.575,0.14375,6.75,50,1.8515229225158687,50,1.4967598166771097,dolly_15k
18,why did Syd Barrett left the Pink Floyd?,6,2,50,50,18,1.4279370307922363,35.015549650854986,18,108,36,32,36,216,0.8888888888888888,0.1481481481481481,2.7777777777777777,50,1.8515229225158687,50,1.296641856461011,dolly_15k
18,why did Syd Barrett left the Pink Floyd?,6,4,50,53,11,1.1569156646728516,45.81146372063961,11,66,44,42,44,264,0.9545454545454546,0.1590909090909091,4.818181818181818,50,1.8515229225158687,50,1.60039575835412,dolly_15k
18,why did Syd Barrett left the Pink Floyd?,6,6,50,53,11,1.4350552558898926,36.932375797010096,11,66,66,42,66,396,0.6363636363636364,0.106060606060606,4.818181818181818,50,1.8515229225158687,50,1.2902101956817829,dolly_15k
18,why did Syd Barrett left the Pink Floyd?,6,8,50,51,10,1.429818868637085,35.66885366998522,10,60,80,41,80,480,0.5125,0.0854166666666666,5.1,50,1.8515229225158687,50,1.2949352978400377,dolly_15k
18,why did Syd Barrett left the Pink Floyd?,6,10,50,54,7,1.232020616531372,43.83043536400508,7,42,70,47,70,420,0.6714285714285714,0.1119047619047619,7.714285714285714,50,1.8515229225158687,50,1.5028343663019557,dolly_15k
18,why did Syd Barrett left the Pink Floyd?,8,2,50,51,17,1.5767865180969238,32.344264372296635,17,136,34,34,34,272,1.0,0.125,3.0,50,1.8515229225158687,50,1.1742381744553054,dolly_15k
18,why did Syd Barrett left the Pink Floyd?,8,4,50,53,12,1.4084219932556152,37.630767095228826,12,96,48,41,48,384,0.8541666666666666,0.1067708333333333,4.416666666666667,50,1.8515229225158687,50,1.3146080729938128,dolly_15k
18,why did Syd Barrett left the Pink Floyd?,8,6,50,52,8,1.1449651718139648,45.41622861559759,8,64,48,44,48,384,0.9166666666666666,0.1145833333333333,6.5,50,1.8515229225158687,50,1.6170997756923096,dolly_15k
18,why did Syd Barrett left the Pink Floyd?,8,8,50,52,7,1.198056697845459,43.403621960058224,7,56,56,45,56,448,0.8035714285714286,0.1004464285714285,7.428571428571429,50,1.8515229225158687,50,1.5454384803704029,dolly_15k
18,why did Syd Barrett left the Pink Floyd?,8,10,50,56,6,1.1415133476257324,49.05768304547298,6,48,60,50,60,480,0.8333333333333334,0.1041666666666666,9.333333333333334,50,1.8515229225158687,50,1.621989726503774,dolly_15k
19,Give me a list of some characteristics of a good coffee shop?,1,2,50,50,24,1.4085431098937988,35.497671067923434,24,24,48,26,48,48,0.5416666666666666,0.5416666666666666,2.083333333333333,50,1.8700685501098635,50,1.3276615653253685,dolly_15k
19,Give me a list of some characteristics of a good coffee shop?,1,4,50,54,14,1.0926899909973145,49.41932336244189,14,14,56,40,56,56,0.7142857142857143,0.7142857142857143,3.857142857142857,50,1.8700685501098635,50,1.7114355997743,dolly_15k
19,Give me a list of some characteristics of a good coffee shop?,1,6,50,52,18,1.7652106285095217,29.458240937460747,18,18,108,34,108,108,0.3148148148148148,0.3148148148148148,2.888888888888889,50,1.8700685501098635,50,1.05940249843662,dolly_15k
19,Give me a list of some characteristics of a good coffee shop?,1,8,50,50,14,1.6510493755340576,30.28377027417894,14,14,112,36,112,112,0.3214285714285714,0.3214285714285714,3.571428571428572,50,1.8700685501098635,50,1.1326545273698798,dolly_15k
19,Give me a list of some characteristics of a good coffee shop?,1,10,50,51,20,2.7438576221466064,18.586970252523923,20,20,200,31,200,200,0.155,0.155,2.55,50,1.8700685501098635,50,0.6815472257073053,dolly_15k
19,Give me a list of some characteristics of a good coffee shop?,2,2,50,52,20,1.1754577159881592,44.2380864004842,20,40,40,32,40,80,0.8,0.4,2.6,50,1.8700685501098635,50,1.5909279633574682,dolly_15k
19,Give me a list of some characteristics of a good coffee shop?,2,4,50,53,14,1.105374813079834,47.94753722706015,14,28,56,39,56,112,0.6964285714285714,0.3482142857142857,3.7857142857142856,50,1.8700685501098635,50,1.6917958759159826,dolly_15k
19,Give me a list of some characteristics of a good coffee shop?,2,6,50,51,16,1.589181900024414,32.09198393161696,16,32,96,35,96,192,0.3645833333333333,0.1822916666666666,3.1875,50,1.8700685501098635,50,1.1767492129636854,dolly_15k
19,Give me a list of some characteristics of a good coffee shop?,2,8,50,53,14,1.6592555046081543,31.94203656568031,14,28,112,39,112,224,0.3482142857142857,0.1741071428571428,3.7857142857142856,50,1.8700685501098635,50,1.1270527926026042,dolly_15k
19,Give me a list of some characteristics of a good coffee shop?,2,10,50,51,11,1.5555379390716553,32.7860855842814,11,22,110,40,110,220,0.3636363636363636,0.1818181818181818,4.636363636363637,50,1.8700685501098635,50,1.2022005398504905,dolly_15k
19,Give me a list of some characteristics of a good coffee shop?,4,2,50,50,18,1.251910924911499,39.938943741971606,18,72,36,32,36,144,0.8888888888888888,0.2222222222222222,2.7777777777777777,50,1.8700685501098635,50,1.4937712523293647,dolly_15k
19,Give me a list of some characteristics of a good coffee shop?,4,4,50,52,12,1.090648889541626,47.67803873330342,12,48,48,40,48,192,0.8333333333333334,0.2083333333333333,4.333333333333333,50,1.8700685501098635,50,1.7146384762705889,dolly_15k
19,Give me a list of some characteristics of a good coffee shop?,4,6,50,52,11,1.254467248916626,41.451859380870935,11,44,66,41,66,264,0.6212121212121212,0.1553030303030303,4.727272727272728,50,1.8700685501098635,50,1.4907272802258318,dolly_15k
19,Give me a list of some characteristics of a good coffee shop?,4,8,50,53,10,1.360942840576172,38.94359000232648,10,40,80,43,80,320,0.5375,0.134375,5.3,50,1.8700685501098635,50,1.37409779040988,dolly_15k
19,Give me a list of some characteristics of a good coffee shop?,4,10,50,50,9,1.435192346572876,34.8385358376499,9,36,90,41,90,360,0.4555555555555555,0.1138888888888888,5.555555555555555,50,1.8700685501098635,50,1.3030090040372893,dolly_15k
19,Give me a list of some characteristics of a good coffee shop?,6,2,50,51,17,1.4343464374542236,35.5562635833769,17,102,34,34,34,204,1.0,0.1666666666666666,3.0,50,1.8700685501098635,50,1.30377745660176,dolly_15k
19,Give me a list of some characteristics of a good coffee shop?,6,4,50,51,12,1.3346374034881592,38.21262604113168,12,72,48,39,48,288,0.8125,0.1354166666666666,4.25,50,1.8700685501098635,50,1.401180983855481,dolly_15k
19,Give me a list of some characteristics of a good coffee shop?,6,6,50,54,9,1.179039716720581,45.79998386330643,9,54,54,45,54,324,0.8333333333333334,0.1388888888888889,6.0,50,1.8700685501098635,50,1.5860946188575666,dolly_15k
19,Give me a list of some characteristics of a good coffee shop?,6,8,50,50,8,1.25571608543396,39.81791790356864,8,48,64,42,64,384,0.65625,0.109375,6.25,50,1.8700685501098635,50,1.4892447200464034,dolly_15k
19,Give me a list of some characteristics of a good coffee shop?,6,10,50,50,9,1.5648078918457031,31.952804085762,9,54,90,41,90,540,0.4555555555555555,0.0759259259259259,5.555555555555555,50,1.8700685501098635,50,1.1950786801721092,dolly_15k
19,Give me a list of some characteristics of a good coffee shop?,8,2,50,50,18,1.7638137340545654,28.34766451504068,18,144,36,32,36,288,0.8888888888888888,0.1111111111111111,2.7777777777777777,50,1.8700685501098635,50,1.0602415175728588,dolly_15k
19,Give me a list of some characteristics of a good coffee shop?,8,4,50,53,12,1.5051405429840088,35.21265854345078,12,96,48,41,48,384,0.8541666666666666,0.1067708333333333,4.416666666666667,50,1.8700685501098635,50,1.2424544397710318,dolly_15k
19,Give me a list of some characteristics of a good coffee shop?,8,6,50,50,9,1.3337900638580322,37.4871588527008,9,72,54,41,54,432,0.7592592592592593,0.0949074074074074,5.555555555555555,50,1.8700685501098635,50,1.4020711360681664,dolly_15k
19,Give me a list of some characteristics of a good coffee shop?,8,8,50,53,8,1.4040803909301758,37.74712640555328,8,64,64,45,64,512,0.703125,0.087890625,6.625,50,1.8700685501098635,50,1.331881395246165,dolly_15k
19,Give me a list of some characteristics of a good coffee shop?,8,10,50,54,8,1.557323694229126,34.67487215413489,8,64,80,46,80,640,0.575,0.071875,6.75,50,1.8700685501098635,50,1.200821998046813,dolly_15k
20,Who saved Andromeda from the sea monster,1,2,50,51,24,1.3756482601165771,37.073430380872274,24,24,48,27,48,48,0.5625,0.5625,2.125,48,1.7573509216308594,48,1.2774711185851646,dolly_15k
20,Who saved Andromeda from the sea monster,1,4,50,52,20,1.5742061138153076,33.03252321512763,20,20,80,32,80,80,0.4,0.4,2.6,48,1.7573509216308594,48,1.116341059921102,dolly_15k
20,Who saved Andromeda from the sea monster,1,6,50,50,15,1.457418441772461,34.30723707543577,15,15,90,35,90,90,0.3888888888888889,0.3888888888888889,3.333333333333333,48,1.7573509216308594,48,1.2057970938625089,dolly_15k
20,Who saved Andromeda from the sea monster,1,8,50,52,17,1.976324319839477,26.31147098580641,17,17,136,35,136,136,0.2573529411764705,0.2573529411764705,3.0588235294117645,48,1.7573509216308594,48,0.8892016881994329,dolly_15k
20,Who saved Andromeda from the sea monster,1,10,50,53,16,2.161732912063598,24.51736738809513,16,16,160,37,160,160,0.23125,0.23125,3.3125,48,1.7573509216308594,48,0.8129361919892709,dolly_15k
20,Who saved Andromeda from the sea monster,2,2,50,52,21,1.2097218036651611,42.98508949946402,21,42,42,31,42,84,0.7380952380952381,0.369047619047619,2.4761904761904763,48,1.7573509216308594,48,1.4526901278513094,dolly_15k
20,Who saved Andromeda from the sea monster,2,4,50,52,14,1.0866518020629885,47.853415327043095,14,28,56,38,56,112,0.6785714285714286,0.3392857142857143,3.7142857142857135,48,1.7573509216308594,48,1.617216221695451,dolly_15k
20,Who saved Andromeda from the sea monster,2,6,50,50,12,1.1739416122436523,42.59155606933411,12,24,72,38,72,144,0.5277777777777778,0.2638888888888889,4.166666666666667,48,1.7573509216308594,48,1.4969662062427345,dolly_15k
20,Who saved Andromeda from the sea monster,2,8,50,50,14,1.6575663089752195,30.16470576728372,14,28,112,36,112,224,0.3214285714285714,0.1607142857142857,3.571428571428572,48,1.7573509216308594,48,1.0601994696171948,dolly_15k
20,Who saved Andromeda from the sea monster,2,10,50,51,14,1.9435999393463133,26.239967890281328,14,28,140,37,140,280,0.2642857142857143,0.1321428571428571,3.642857142857143,48,1.7573509216308594,48,0.904173171677452,dolly_15k
20,Who saved Andromeda from the sea monster,4,2,50,50,17,1.124786138534546,44.452894898886,17,68,34,33,34,136,0.9705882352941176,0.2426470588235294,2.9411764705882355,48,1.7573509216308594,48,1.5623867163943408,dolly_15k
20,Who saved Andromeda from the sea monster,4,4,50,50,13,1.141913652420044,43.78614783529,13,52,52,37,52,208,0.7115384615384616,0.1778846153846154,3.8461538461538463,48,1.7573509216308594,48,1.5389525450602386,dolly_15k
20,Who saved Andromeda from the sea monster,4,6,50,54,12,1.3199241161346436,40.91144281698353,12,48,72,42,72,288,0.5833333333333334,0.1458333333333333,4.5,48,1.7573509216308594,48,1.331402995179152,dolly_15k
20,Who saved Andromeda from the sea monster,4,8,50,52,10,1.2601795196533203,41.263962149063794,10,40,80,42,80,320,0.525,0.13125,5.2,48,1.7573509216308594,48,1.3945242675538103,dolly_15k
20,Who saved Andromeda from the sea monster,4,10,50,50,10,1.465946912765503,34.10764712186965,10,40,100,40,100,400,0.4,0.1,5.0,48,1.7573509216308594,48,1.1987821020855551,dolly_15k
20,Who saved Andromeda from the sea monster,6,2,50,50,17,1.3325393199920654,37.52234493185366,17,102,34,33,34,204,0.9705882352941176,0.1617647058823529,2.9411764705882355,48,1.7573509216308594,48,1.3187985489548808,dolly_15k
20,Who saved Andromeda from the sea monster,6,4,50,50,11,1.1197969913482666,44.65095047254825,11,66,44,39,44,264,0.8863636363636364,0.1477272727272727,4.545454545454546,48,1.7573509216308594,48,1.5693477792925308,dolly_15k
20,Who saved Andromeda from the sea monster,6,6,50,51,11,1.402021408081055,36.37604939984736,11,66,66,40,66,396,0.6060606060606061,0.101010101010101,4.636363636363637,48,1.7573509216308594,48,1.2534408615315966,dolly_15k
20,Who saved Andromeda from the sea monster,6,8,50,13,2,0.2431943416595459,53.45519106772245,2,12,16,11,16,96,0.6875,0.1145833333333333,6.5,48,1.7573509216308594,48,7.22611763760121,dolly_15k
20,Who saved Andromeda from the sea monster,6,10,50,50,9,1.537278652191162,32.52500770028416,9,54,90,41,90,540,0.4555555555555555,0.0759259259259259,5.555555555555555,48,1.7573509216308594,48,1.1431570451629032,dolly_15k
20,Who saved Andromeda from the sea monster,8,2,50,51,17,1.5312271118164062,33.306620295863,17,136,34,34,34,272,1.0,0.125,3.0,48,1.7573509216308594,48,1.147674899477332,dolly_15k
20,Who saved Andromeda from the sea monster,8,4,50,54,12,1.4041097164154053,38.45853309658611,12,96,48,42,48,384,0.875,0.109375,4.5,48,1.7573509216308594,48,1.25157664040475,dolly_15k
20,Who saved Andromeda from the sea monster,8,6,50,55,9,1.236034631729126,44.497135102969445,9,72,54,46,54,432,0.8518518518518519,0.1064814814814814,6.111111111111111,48,1.7573509216308594,48,1.4217651160570222,dolly_15k
20,Who saved Andromeda from the sea monster,8,8,50,52,8,1.2910404205322266,40.27759253158255,8,64,64,44,64,512,0.6875,0.0859375,6.5,48,1.7573509216308594,48,1.361189699162477,dolly_15k
20,Who saved Andromeda from the sea monster,8,10,50,51,6,1.1303722858428955,45.117878984418255,6,48,60,45,60,480,0.75,0.09375,8.5,48,1.7573509216308594,48,1.5546656120646472,dolly_15k
21,How can I contribute to Spark?,1,2,50,50,22,1.2918140888214111,38.70525986105136,22,22,44,28,44,44,0.6363636363636364,0.6363636363636364,2.272727272727273,50,1.8656489849090576,50,1.4442085754082352,dolly_15k
21,How can I contribute to Spark?,1,4,50,50,21,1.6606392860412598,30.10888663196284,21,21,84,29,84,84,0.3452380952380952,0.3452380952380952,2.380952380952381,50,1.8656489849090576,50,1.1234522756332672,dolly_15k
21,How can I contribute to Spark?,1,6,50,54,17,1.6593263149261477,32.543327683201,17,17,102,37,102,102,0.3627450980392157,0.3627450980392157,3.176470588235294,50,1.8656489849090576,50,1.1243412269949404,dolly_15k
21,How can I contribute to Spark?,1,8,50,42,11,1.2829773426055908,32.73635364027744,11,11,88,31,88,88,0.3522727272727273,0.3522727272727273,3.8181818181818175,50,1.8656489849090576,50,1.4541558318716077,dolly_15k
21,How can I contribute to Spark?,1,10,50,50,16,2.183709621429444,22.896817190955225,16,16,160,34,160,160,0.2125,0.2125,3.125,50,1.8656489849090576,50,0.8543484749990774,dolly_15k
21,How can I contribute to Spark?,2,2,50,50,21,1.213274002075195,41.21080639202648,21,42,42,29,42,84,0.6904761904761905,0.3452380952380952,2.380952380952381,50,1.8656489849090576,50,1.537697982251358,dolly_15k
21,How can I contribute to Spark?,2,4,50,53,18,1.406266450881958,37.6884479941624,18,36,72,35,72,144,0.4861111111111111,0.2430555555555555,2.9444444444444446,50,1.8656489849090576,50,1.3266682027001298,dolly_15k
21,How can I contribute to Spark?,2,6,50,51,15,1.4714984893798828,34.65854730268351,15,30,90,36,90,180,0.4,0.2,3.4,50,1.8656489849090576,50,1.2678565410524325,dolly_15k
21,How can I contribute to Spark?,2,8,50,50,13,1.5346696376800537,32.58030182677267,13,26,104,37,104,208,0.3557692307692308,0.1778846153846154,3.8461538461538463,50,1.8656489849090576,50,1.2156681406229828,dolly_15k
21,How can I contribute to Spark?,2,10,50,54,12,1.6488161087036133,32.75077172945482,12,24,120,42,120,240,0.35,0.175,4.5,50,1.8656489849090576,50,1.13150822281566,dolly_15k
21,How can I contribute to Spark?,4,2,50,51,18,1.1871068477630615,42.961591954508926,18,72,36,33,36,144,0.9166666666666666,0.2291666666666666,2.833333333333333,50,1.8656489849090576,50,1.5715931454903278,dolly_15k
21,How can I contribute to Spark?,4,4,50,50,11,0.9547848701477052,52.36781767631593,11,44,44,39,44,176,0.8863636363636364,0.2215909090909091,4.545454545454546,50,1.8656489849090576,50,1.9539993177944284,dolly_15k
21,How can I contribute to Spark?,4,6,50,34,7,0.70780348777771,48.03593170577581,7,28,42,27,42,168,0.6428571428571429,0.1607142857142857,4.857142857142857,50,1.8656489849090576,50,2.6358290360600427,dolly_15k
21,How can I contribute to Spark?,4,8,50,52,8,1.0471866130828855,49.6568609169989,8,32,64,44,64,256,0.6875,0.171875,6.5,50,1.8656489849090576,50,1.7815821569917163,dolly_15k
21,How can I contribute to Spark?,4,10,50,53,7,1.106485366821289,47.89941339419462,7,28,70,46,70,280,0.6571428571428571,0.1642857142857142,7.571428571428571,50,1.8656489849090576,50,1.6861036222003492,dolly_15k
21,How can I contribute to Spark?,6,2,50,51,17,1.334636926651001,38.212639693683656,17,102,34,34,34,204,1.0,0.1666666666666666,3.0,50,1.8656489849090576,50,1.3978700481414994,dolly_15k
21,How can I contribute to Spark?,6,4,50,52,11,1.120523452758789,46.40688231198838,11,66,44,41,44,264,0.9318181818181818,0.1553030303030303,4.727272727272728,50,1.8656489849090576,50,1.6649798630414467,dolly_15k
21,How can I contribute to Spark?,6,6,50,53,9,1.1373038291931152,46.60144337824132,9,54,54,44,54,324,0.8148148148148148,0.1358024691358024,5.888888888888889,50,1.8656489849090576,50,1.6404138779983557,dolly_15k
21,How can I contribute to Spark?,6,8,50,51,9,1.3647584915161133,37.3692490774276,9,54,72,42,72,432,0.5833333333333334,0.0972222222222222,5.666666666666667,50,1.8656489849090576,50,1.3670176785905204,dolly_15k
21,How can I contribute to Spark?,6,10,50,54,8,1.400320053100586,38.562612797291095,8,48,80,46,80,480,0.575,0.0958333333333333,6.75,50,1.8656489849090576,50,1.332301841124207,dolly_15k
21,How can I contribute to Spark?,8,2,50,27,9,0.6498572826385498,41.547583940853336,9,72,18,18,18,144,1.0,0.125,3.0,50,1.8656489849090576,50,2.8708595483213664,dolly_15k
21,How can I contribute to Spark?,8,4,50,50,10,1.1353518962860107,44.039209485236384,10,80,40,40,40,320,1.0,0.125,5.0,50,1.8656489849090576,50,1.643234129446572,dolly_15k
21,How can I contribute to Spark?,8,6,50,40,6,0.7646658420562744,52.31043130216906,6,48,36,34,36,288,0.9444444444444444,0.1180555555555555,6.666666666666667,50,1.8656489849090576,50,2.439822576476168,dolly_15k
21,How can I contribute to Spark?,8,8,50,36,4,0.5927536487579346,60.73349371266625,4,32,32,32,32,256,1.0,0.125,9.0,50,1.8656489849090576,50,3.14742724708379,dolly_15k
21,How can I contribute to Spark?,8,10,50,57,8,1.5540244579315186,36.67895940059383,8,64,80,49,80,640,0.6125,0.0765625,7.125,50,1.8656489849090576,50,1.200527427600674,dolly_15k
22,write a scene between two actors discussing movie Inception,1,2,50,50,26,1.5099766254425049,33.11309536685529,26,26,52,24,52,52,0.4615384615384615,0.4615384615384615,1.9230769230769231,50,1.8670146465301516,50,1.2364526808373706,dolly_15k
22,write a scene between two actors discussing movie Inception,1,4,50,50,23,1.8115391731262207,27.600838415055463,23,23,92,27,92,92,0.2934782608695652,0.2934782608695652,2.1739130434782608,50,1.8670146465301516,50,1.030623391548412,dolly_15k
22,write a scene between two actors discussing movie Inception,1,6,50,50,17,1.6483075618743896,30.334144644184,17,17,102,33,102,102,0.3235294117647059,0.3235294117647059,2.9411764705882355,50,1.8670146465301516,50,1.1326858468131134,dolly_15k
22,write a scene between two actors discussing movie Inception,1,8,50,52,11,1.2741937637329102,40.810119685140734,11,11,88,41,88,88,0.4659090909090909,0.4659090909090909,4.727272727272728,50,1.8670146465301516,50,1.4652517534385807,dolly_15k
22,write a scene between two actors discussing movie Inception,1,10,50,51,15,2.0154731273651123,25.30423219617609,15,15,150,36,150,150,0.24,0.24,3.4,50,1.8670146465301516,50,0.9263406299894232,dolly_15k
22,write a scene between two actors discussing movie Inception,2,2,50,50,19,1.0967674255371094,45.588516613277406,19,38,38,31,38,76,0.8157894736842105,0.4078947368421052,2.631578947368421,50,1.8670146465301516,50,1.702288564611441,dolly_15k
22,write a scene between two actors discussing movie Inception,2,4,50,53,16,1.270434856414795,41.71799894531199,16,32,64,37,64,128,0.578125,0.2890625,3.3125,50,1.8670146465301516,50,1.4695870765061676,dolly_15k
22,write a scene between two actors discussing movie Inception,2,6,50,50,12,1.2053155899047852,41.48291154514129,12,24,72,38,72,144,0.5277777777777778,0.2638888888888889,4.166666666666667,50,1.8670146465301516,50,1.5489840687098702,dolly_15k
22,write a scene between two actors discussing movie Inception,2,8,50,55,13,1.6132943630218506,34.09173258188287,13,26,104,42,104,208,0.4038461538461538,0.2019230769230769,4.230769230769231,50,1.8670146465301516,50,1.1572684373811726,dolly_15k
22,write a scene between two actors discussing movie Inception,2,10,50,51,12,1.685985803604126,30.2493650248878,12,24,120,39,120,240,0.325,0.1625,4.25,50,1.8670146465301516,50,1.107372697052989,dolly_15k
22,write a scene between two actors discussing movie Inception,4,2,50,51,17,1.158151149749756,44.03570294863471,17,68,34,34,34,136,1.0,0.25,3.0,50,1.8670146465301516,50,1.6120647524578815,dolly_15k
22,write a scene between two actors discussing movie Inception,4,4,50,53,14,1.2767982482910156,41.51008201251849,14,56,56,39,56,224,0.6964285714285714,0.1741071428571428,3.7857142857142856,50,1.8670146465301516,50,1.4622628508686757,dolly_15k
22,write a scene between two actors discussing movie Inception,4,6,50,51,13,1.4404850006103516,35.404742137815155,13,52,78,38,78,312,0.4871794871794871,0.1217948717948717,3.923076923076923,50,1.8670146465301516,50,1.2961014142730218,dolly_15k
22,write a scene between two actors discussing movie Inception,4,8,50,54,10,1.3543930053710938,39.87025906502256,10,40,80,44,80,320,0.55,0.1375,5.4,50,1.8670146465301516,50,1.3784881043583086,dolly_15k
22,write a scene between two actors discussing movie Inception,4,10,50,52,11,1.6993005275726318,30.60082613772825,11,44,110,41,110,440,0.3727272727272727,0.0931818181818181,4.727272727272728,50,1.8670146465301516,50,1.0986959729819483,dolly_15k
22,write a scene between two actors discussing movie Inception,6,2,50,50,17,1.3757834434509275,36.34292899657462,17,102,34,33,34,204,0.9705882352941176,0.1617647058823529,2.9411764705882355,50,1.8670146465301516,50,1.3570556146882031,dolly_15k
22,write a scene between two actors discussing movie Inception,6,4,50,50,11,1.1394622325897217,43.88034861529557,11,66,44,39,44,264,0.8863636363636364,0.1477272727272727,4.545454545454546,50,1.8670146465301516,50,1.638505071192118,dolly_15k
22,write a scene between two actors discussing movie Inception,6,6,50,51,9,1.1860308647155762,43.00056728475644,9,54,54,42,54,324,0.7777777777777778,0.1296296296296296,5.666666666666667,50,1.8670146465301516,50,1.5741703711714812,dolly_15k
22,write a scene between two actors discussing movie Inception,6,8,50,52,8,1.2440085411071775,41.80035609218533,8,48,64,44,64,384,0.6875,0.1145833333333333,6.5,50,1.8670146465301516,50,1.5008053279670357,dolly_15k
22,write a scene between two actors discussing movie Inception,6,10,50,55,8,1.409454584121704,39.02218675195769,8,48,80,47,80,480,0.5875,0.0979166666666666,6.875,50,1.8670146465301516,50,1.3246362582825426,dolly_15k
22,write a scene between two actors discussing movie Inception,8,2,50,52,18,1.7160367965698242,30.302380522342236,18,144,36,34,36,288,0.9444444444444444,0.1180555555555555,2.888888888888889,50,1.8670146465301516,50,1.0879805434604408,dolly_15k
22,write a scene between two actors discussing movie Inception,8,4,50,53,11,1.3135461807250977,40.3487907602481,11,88,44,42,44,352,0.9545454545454546,0.1193181818181818,4.818181818181818,50,1.8670146465301516,50,1.4213544022483706,dolly_15k
22,write a scene between two actors discussing movie Inception,8,6,50,54,9,1.2958402633666992,41.67180286534976,9,72,54,45,54,432,0.8333333333333334,0.1041666666666666,6.0,50,1.8670146465301516,50,1.4407753017949096,dolly_15k
22,write a scene between two actors discussing movie Inception,8,8,50,54,9,1.5506281852722168,34.82459593659466,9,72,72,45,72,576,0.625,0.078125,6.0,50,1.8670146465301516,50,1.2040376050577155,dolly_15k
22,write a scene between two actors discussing movie Inception,8,10,50,50,8,1.5453331470489502,32.35548276142438,8,64,80,42,80,640,0.525,0.065625,6.25,50,1.8670146465301516,50,1.208163204222663,dolly_15k
23,What is the currency in use in the Netherlands?,1,2,50,51,23,1.343780517578125,37.952626439261465,23,23,46,28,46,46,0.6086956521739131,0.6086956521739131,2.217391304347826,50,1.863621473312378,50,1.3868496000158972,dolly_15k
23,What is the currency in use in the Netherlands?,1,4,50,50,24,1.8844826221466064,26.5324813359357,24,24,96,26,96,96,0.2708333333333333,0.2708333333333333,2.083333333333333,50,1.863621473312378,50,0.9889300391581932,dolly_15k
23,What is the currency in use in the Netherlands?,1,6,50,51,16,1.5667502880096436,32.55145404491292,16,16,96,35,96,96,0.3645833333333333,0.3645833333333333,3.1875,50,1.863621473312378,50,1.1894821322674665,dolly_15k
23,What is the currency in use in the Netherlands?,1,8,50,53,20,2.3621976375579834,22.436733979122454,20,20,160,33,160,160,0.20625,0.20625,2.65,50,1.863621473312378,50,0.7889354572545298,dolly_15k
23,What is the currency in use in the Netherlands?,1,10,50,52,23,3.209193229675293,16.20344936514196,23,23,230,29,230,230,0.1260869565217391,0.1260869565217391,2.260869565217391,50,1.863621473312378,50,0.580713388050161,dolly_15k
23,What is the currency in use in the Netherlands?,2,2,50,52,19,1.1261088848114014,46.17670697865852,19,38,38,33,38,76,0.868421052631579,0.4342105263157895,2.736842105263158,50,1.863621473312378,50,1.6549212056207991,dolly_15k
23,What is the currency in use in the Netherlands?,2,4,50,51,17,1.358461856842041,37.54246005740459,17,34,68,34,68,136,0.5,0.25,3.0,50,1.863621473312378,50,1.3718614651755183,dolly_15k
23,What is the currency in use in the Netherlands?,2,6,50,51,20,2.007744550704956,25.40163786378748,20,40,120,31,120,240,0.2583333333333333,0.1291666666666666,2.55,50,1.863621473312378,50,0.9282164270639042,dolly_15k
23,What is the currency in use in the Netherlands?,2,8,50,50,13,1.5640318393707275,31.968658656026463,13,26,104,37,104,208,0.3557692307692308,0.1778846153846154,3.8461538461538463,50,1.863621473312378,50,1.1915495748872909,dolly_15k
23,What is the currency in use in the Netherlands?,2,10,50,50,12,1.7095208168029783,29.247962065478887,12,24,120,38,120,240,0.3166666666666666,0.1583333333333333,4.166666666666667,50,1.863621473312378,50,1.090142603117046,dolly_15k
23,What is the currency in use in the Netherlands?,4,2,50,50,19,1.3200304508209229,37.87791408062228,19,76,38,31,38,152,0.8157894736842105,0.2039473684210526,2.631578947368421,50,1.863621473312378,50,1.4118018808985788,dolly_15k
23,What is the currency in use in the Netherlands?,4,4,50,53,14,1.314384937286377,40.32304273770935,14,56,56,39,56,224,0.6964285714285714,0.1741071428571428,3.7857142857142856,50,1.863621473312378,50,1.4178658172695826,dolly_15k
23,What is the currency in use in the Netherlands?,4,6,50,52,11,1.2333331108093262,42.16216976926619,11,44,66,41,66,264,0.6212121212121212,0.1553030303030303,4.727272727272728,50,1.863621473312378,50,1.5110447104508935,dolly_15k
23,What is the currency in use in the Netherlands?,4,8,50,50,12,1.629469871520996,30.684826319205584,12,48,96,38,96,384,0.3958333333333333,0.0989583333333333,4.166666666666667,50,1.863621473312378,50,1.1436980246666468,dolly_15k
23,What is the currency in use in the Netherlands?,4,10,50,50,8,1.2532429695129397,39.896493510298335,8,32,80,42,80,320,0.525,0.13125,6.25,50,1.863621473312378,50,1.487039240313198,dolly_15k
23,What is the currency in use in the Netherlands?,6,2,50,50,17,1.3634450435638428,36.6718117727044,17,102,34,33,34,204,0.9705882352941176,0.1617647058823529,2.9411764705882355,50,1.863621473312378,50,1.3668475176976318,dolly_15k
23,What is the currency in use in the Netherlands?,6,4,50,52,11,1.1697990894317627,44.45207768563005,11,66,44,41,44,264,0.9318181818181818,0.1553030303030303,4.727272727272728,50,1.863621473312378,50,1.5931124328517334,dolly_15k
23,What is the currency in use in the Netherlands?,6,6,50,50,10,1.3106403350830078,38.14929135141664,10,60,60,40,60,360,0.6666666666666666,0.1111111111111111,5.0,50,1.863621473312378,50,1.4219167710830047,dolly_15k
23,What is the currency in use in the Netherlands?,6,8,50,54,8,1.2165467739105225,44.387935719413385,8,48,64,46,64,384,0.71875,0.1197916666666666,6.75,50,1.863621473312378,50,1.5318946326427465,dolly_15k
23,What is the currency in use in the Netherlands?,6,10,50,60,7,1.2319176197052002,48.70455543476852,7,42,70,53,70,420,0.7571428571428571,0.1261904761904762,8.571428571428571,50,1.863621473312378,50,1.512780922606128,dolly_15k
23,What is the currency in use in the Netherlands?,8,2,50,51,17,1.6241228580474854,31.401565310959302,17,136,34,34,34,272,1.0,0.125,3.0,50,1.863621473312378,50,1.147463360963232,dolly_15k
23,What is the currency in use in the Netherlands?,8,4,50,54,11,1.3215327262878418,40.8616441544243,11,88,44,43,44,352,0.9772727272727272,0.1221590909090909,4.909090909090909,50,1.863621473312378,50,1.4101969903895246,dolly_15k
23,What is the currency in use in the Netherlands?,8,6,50,51,10,1.4566247463226318,35.01244924525254,10,80,60,41,60,480,0.6833333333333333,0.0854166666666666,5.1,50,1.863621473312378,50,1.2794108283669097,dolly_15k
23,What is the currency in use in the Netherlands?,8,8,50,54,9,1.5217275619506836,35.48598405537064,9,72,72,45,72,576,0.625,0.078125,6.0,50,1.863621473312378,50,1.2246748497631368,dolly_15k
23,What is the currency in use in the Netherlands?,8,10,50,50,8,1.5564513206481934,32.12435836359932,8,64,80,42,80,640,0.525,0.065625,6.25,50,1.863621473312378,50,1.1973528812557157,dolly_15k
24,What is the best tv series in the world,1,2,50,50,24,1.3898556232452393,35.97495967477014,24,24,48,26,48,48,0.5416666666666666,0.5416666666666666,2.083333333333333,50,1.847916841506958,50,1.3295746771108283,dolly_15k
24,What is the best tv series in the world,1,4,50,50,22,1.759242057800293,28.421330526009932,22,22,88,28,88,88,0.3181818181818182,0.3181818181818182,2.272727272727273,50,1.847916841506958,50,1.0504051067409914,dolly_15k
24,What is the best tv series in the world,1,6,50,50,18,1.7706904411315918,28.237572665748733,18,18,108,32,108,108,0.2962962962962963,0.2962962962962963,2.7777777777777777,50,1.847916841506958,50,1.0436137218462722,dolly_15k
24,What is the best tv series in the world,1,8,50,50,18,2.110731601715088,23.68846894573057,18,18,144,32,144,144,0.2222222222222222,0.2222222222222222,2.7777777777777777,50,1.847916841506958,50,0.8754864142866018,dolly_15k
24,What is the best tv series in the world,1,10,50,50,15,2.035648822784424,24.56219336084131,15,15,150,35,150,150,0.2333333333333333,0.2333333333333333,3.333333333333333,50,1.847916841506958,50,0.9077778155169808,dolly_15k
24,What is the best tv series in the world,2,2,50,50,22,1.290494441986084,38.744839476448654,22,44,44,28,44,88,0.6363636363636364,0.3181818181818182,2.272727272727273,50,1.847916841506958,50,1.4319448278002618,dolly_15k
24,What is the best tv series in the world,2,4,50,54,15,1.192725658416748,45.27445152113258,15,30,60,39,60,120,0.65,0.325,3.6,50,1.847916841506958,50,1.549322619553541,dolly_15k
24,What is the best tv series in the world,2,6,50,50,10,1.0043811798095703,49.781896559909605,10,20,60,40,60,120,0.6666666666666666,0.3333333333333333,5.0,50,1.847916841506958,50,1.839856101104285,dolly_15k
24,What is the best tv series in the world,2,8,50,54,12,1.4499022960662842,37.24388887893127,12,24,96,42,96,192,0.4375,0.21875,4.5,50,1.847916841506958,50,1.2745112870850148,dolly_15k
24,What is the best tv series in the world,2,10,50,55,12,1.6615009307861328,33.10259957180822,12,24,120,43,120,240,0.3583333333333333,0.1791666666666666,4.583333333333333,50,1.847916841506958,50,1.1121972953891897,dolly_15k
24,What is the best tv series in the world,4,2,50,50,17,1.1309814453125,44.20939017808959,17,68,34,33,34,136,0.9705882352941176,0.2426470588235294,2.9411764705882355,50,1.847916841506958,50,1.6339055332568808,dolly_15k
24,What is the best tv series in the world,4,4,50,21,5,0.3934326171875,53.37635743096494,5,20,20,16,20,80,0.8,0.2,4.2,50,1.847916841506958,50,4.696908087379771,dolly_15k
24,What is the best tv series in the world,4,6,50,52,12,1.284153699874878,40.49359512421811,12,48,72,40,72,288,0.5555555555555556,0.1388888888888889,4.333333333333333,50,1.847916841506958,50,1.4390153154462824,dolly_15k
24,What is the best tv series in the world,4,8,50,51,7,0.9009058475494384,56.60968916865789,7,28,56,44,56,224,0.7857142857142857,0.1964285714285714,7.285714285714286,50,1.847916841506958,50,2.05117643151445,dolly_15k
24,What is the best tv series in the world,4,10,50,21,3,0.4186184406280517,50.1650141558355,3,12,30,18,30,120,0.6,0.15,7.0,50,1.847916841506958,50,4.414322595857303,dolly_15k
24,What is the best tv series in the world,6,2,50,52,18,1.4415061473846436,36.07338067502851,18,108,36,34,36,216,0.9444444444444444,0.1574074074074074,2.888888888888889,50,1.847916841506958,50,1.281934763066862,dolly_15k
24,What is the best tv series in the world,6,4,50,53,13,1.3402087688446045,39.54607762019895,13,78,52,40,52,312,0.7692307692307693,0.1282051282051282,4.076923076923077,50,1.847916841506958,50,1.3788276009416425,dolly_15k
24,What is the best tv series in the world,6,6,50,50,8,0.9816575050354004,50.93426143387648,8,48,48,42,48,288,0.875,0.1458333333333333,6.25,50,1.847916841506958,50,1.8824455902675736,dolly_15k
24,What is the best tv series in the world,6,8,50,53,11,1.7104406356811523,30.986167478939542,11,66,88,42,88,528,0.4772727272727273,0.0795454545454545,4.818181818181818,50,1.847916841506958,50,1.0803747309073128,dolly_15k
24,What is the best tv series in the world,6,10,50,54,9,1.6187167167663574,33.35975927145149,9,54,90,45,90,540,0.5,0.0833333333333333,6.0,50,1.847916841506958,50,1.1415937219691312,dolly_15k
24,What is the best tv series in the world,8,2,50,51,17,1.5773909091949463,32.331871385025856,17,136,34,34,34,272,1.0,0.125,3.0,50,1.847916841506958,50,1.1715021499965916,dolly_15k
24,What is the best tv series in the world,8,4,50,52,11,1.2822959423065186,40.55226120926925,11,88,44,41,44,352,0.9318181818181818,0.1164772727272727,4.727272727272728,50,1.847916841506958,50,1.4411001240345764,dolly_15k
24,What is the best tv series in the world,8,6,50,56,9,1.3019280433654783,43.01312986180115,9,72,54,47,54,432,0.8703703703703703,0.1087962962962963,6.222222222222222,50,1.847916841506958,50,1.4193694120990747,dolly_15k
24,What is the best tv series in the world,8,8,50,50,6,0.9845092296600342,50.78672550105574,6,48,48,44,48,384,0.9166666666666666,0.1145833333333333,8.333333333333334,50,1.847916841506958,50,1.876992907567836,dolly_15k
24,What is the best tv series in the world,8,10,50,54,8,1.5046472549438477,35.888810365732695,8,64,80,46,80,640,0.575,0.071875,6.75,50,1.847916841506958,50,1.228139575860869,dolly_15k
25,Think of some family rules to promote a healthy family relationship,1,2,50,50,23,1.360154628753662,36.760526298260686,23,23,46,27,46,46,0.5869565217391305,0.5869565217391305,2.1739130434782608,50,1.8791618347167969,50,1.3815795608758925,dolly_15k
25,Think of some family rules to promote a healthy family relationship,1,4,50,52,20,1.587132453918457,32.76349108205662,20,20,80,32,80,80,0.4,0.4,2.6,50,1.8791618347167969,50,1.1839981156439408,dolly_15k
25,Think of some family rules to promote a healthy family relationship,1,6,50,50,26,2.5504374504089355,19.60448000478625,26,26,156,24,156,156,0.1538461538461538,0.1538461538461538,1.9230769230769231,50,1.8791618347167969,50,0.7367998122892577,dolly_15k
25,Think of some family rules to promote a healthy family relationship,1,8,50,50,17,1.9874520301818848,25.15783990792682,17,17,136,33,136,136,0.2426470588235294,0.2426470588235294,2.9411764705882355,50,1.8791618347167969,50,0.9455130519778244,dolly_15k
25,Think of some family rules to promote a healthy family relationship,1,10,50,54,16,2.221740961074829,24.305263730599805,16,16,160,38,160,160,0.2375,0.2375,3.375,50,1.8791618347167969,50,0.8458059997272139,dolly_15k
25,Think of some family rules to promote a healthy family relationship,2,2,50,52,21,1.2204420566558838,42.607512348832415,21,42,42,31,42,84,0.7380952380952381,0.369047619047619,2.4761904761904763,50,1.8791618347167969,50,1.5397386745798174,dolly_15k
25,Think of some family rules to promote a healthy family relationship,2,4,50,50,16,1.2520701885223389,39.93386349930488,16,32,64,34,64,128,0.53125,0.265625,3.125,50,1.8791618347167969,50,1.5008438440136775,dolly_15k
25,Think of some family rules to promote a healthy family relationship,2,6,50,53,18,1.811556100845337,29.25661533488712,18,36,108,35,108,216,0.324074074074074,0.162037037037037,2.9444444444444446,50,1.8791618347167969,50,1.03731915000585,dolly_15k
25,Think of some family rules to promote a healthy family relationship,2,8,50,53,15,1.784701585769653,29.696841434218666,15,30,120,38,120,240,0.3166666666666666,0.1583333333333333,3.533333333333333,50,1.8791618347167969,50,1.0529277553739649,dolly_15k
25,Think of some family rules to promote a healthy family relationship,2,10,50,57,9,1.27354097366333,44.75709944065637,9,18,90,48,90,180,0.5333333333333333,0.2666666666666666,6.333333333333333,50,1.8791618347167969,50,1.4755409316053676,dolly_15k
25,Think of some family rules to promote a healthy family relationship,4,2,50,50,17,1.162182092666626,43.02251799911581,17,68,34,33,34,136,0.9705882352941176,0.2426470588235294,2.9411764705882355,50,1.8791618347167969,50,1.6169254771470978,dolly_15k
25,Think of some family rules to promote a healthy family relationship,4,4,50,51,13,1.1688594818115234,43.63227641440621,13,52,52,38,52,208,0.7307692307692307,0.1826923076923076,3.923076923076923,50,1.8791618347167969,50,1.6076884039169803,dolly_15k
25,Think of some family rules to promote a healthy family relationship,4,6,50,50,10,1.1135106086730957,44.90302976060733,10,40,60,40,60,240,0.6666666666666666,0.1666666666666666,5.0,50,1.8791618347167969,50,1.687601195785716,dolly_15k
25,Think of some family rules to promote a healthy family relationship,4,8,50,53,9,1.18562912940979,44.702005614844815,9,36,72,44,72,288,0.6111111111111112,0.1527777777777778,5.888888888888889,50,1.8791618347167969,50,1.584949111070044,dolly_15k
25,Think of some family rules to promote a healthy family relationship,4,10,50,47,8,1.2184832096099854,38.572546284855136,8,32,80,39,80,320,0.4875,0.121875,5.875,50,1.8791618347167969,50,1.54221397545419,dolly_15k
25,Think of some family rules to promote a healthy family relationship,6,2,50,50,17,1.4133124351501465,35.3778816038565,17,102,34,33,34,204,0.9705882352941176,0.1617647058823529,2.9411764705882355,50,1.8791618347167969,50,1.329615298061932,dolly_15k
25,Think of some family rules to promote a healthy family relationship,6,4,50,52,13,1.4396986961364746,36.11866853776099,13,78,52,39,52,312,0.75,0.125,4.0,50,1.8791618347167969,50,1.3052466045566689,dolly_15k
25,Think of some family rules to promote a healthy family relationship,6,6,50,52,9,1.1433813571929932,45.47913928530394,9,54,54,43,54,324,0.7962962962962963,0.132716049382716,5.777777777777778,50,1.8791618347167969,50,1.6435127465521635,dolly_15k
25,Think of some family rules to promote a healthy family relationship,6,8,50,54,9,1.3854925632476809,38.975308444399474,9,54,72,45,72,432,0.625,0.1041666666666666,6.0,50,1.8791618347167969,50,1.35631318750057,dolly_15k
25,Think of some family rules to promote a healthy family relationship,6,10,50,55,5,0.9005703926086426,61.07240527937402,5,30,50,50,50,300,1.0,0.1666666666666666,11.0,50,1.8791618347167969,50,2.086635148279205,dolly_15k
25,Think of some family rules to promote a healthy family relationship,8,2,50,51,17,1.6354122161865234,31.18479823938365,17,136,34,34,34,272,1.0,0.125,3.0,50,1.8791618347167969,50,1.1490447583292804,dolly_15k
25,Think of some family rules to promote a healthy family relationship,8,4,50,52,12,1.4613468647003174,35.58361211570655,12,96,48,40,48,384,0.8333333333333334,0.1041666666666666,4.333333333333333,50,1.8791618347167969,50,1.285910881330807,dolly_15k
25,Think of some family rules to promote a healthy family relationship,8,6,50,56,10,1.4904305934906006,37.573034426814566,10,80,60,46,60,480,0.7666666666666667,0.0958333333333333,5.6,50,1.8791618347167969,50,1.26081807695304,dolly_15k
25,Think of some family rules to promote a healthy family relationship,8,8,50,53,9,1.48376727104187,35.71988750148432,9,72,72,44,72,576,0.6111111111111112,0.0763888888888889,5.888888888888889,50,1.8791618347167969,50,1.266480176097488,dolly_15k
25,Think of some family rules to promote a healthy family relationship,8,10,50,50,8,1.6368420124053955,30.54662552711687,8,64,80,42,80,640,0.525,0.065625,6.25,50,1.8791618347167969,50,1.1480410573988775,dolly_15k
26,"In the series A Song of Ice and Fire, who is the founder of House Karstark?",1,2,50,51,24,1.3743109703063965,37.10950512796225,24,24,48,27,48,48,0.5625,0.5625,2.125,1,0.0383358001708984,1,0.0278945602554214,dolly_15k
26,"In the series A Song of Ice and Fire, who is the founder of House Karstark?",1,4,50,50,20,1.5414457321166992,32.43708095473492,20,20,80,30,80,80,0.375,0.375,2.5,1,0.0383358001708984,1,0.0248700290721594,dolly_15k
26,"In the series A Song of Ice and Fire, who is the founder of House Karstark?",1,6,50,52,19,1.831655979156494,28.3896105992277,19,19,114,33,114,114,0.2894736842105263,0.2894736842105263,2.736842105263158,1,0.0383358001708984,1,0.0209295853627233,dolly_15k
26,"In the series A Song of Ice and Fire, who is the founder of House Karstark?",1,8,50,51,28,3.280519962310791,15.546316006586869,28,28,224,23,224,224,0.1026785714285714,0.1026785714285714,1.8214285714285716,1,0.0383358001708984,1,0.0116858914474932,dolly_15k
26,"In the series A Song of Ice and Fire, who is the founder of House Karstark?",1,10,50,50,26,3.655266284942627,13.678893985362492,26,26,260,24,260,260,0.0923076923076923,0.0923076923076923,1.9230769230769231,1,0.0383358001708984,1,0.0104878269276352,dolly_15k
26,"In the series A Song of Ice and Fire, who is the founder of House Karstark?",2,2,50,50,23,1.3753173351287842,36.355245966065006,23,46,46,27,46,92,0.5869565217391305,0.2934782608695652,2.1739130434782608,1,0.0383358001708984,1,0.0278741488903785,dolly_15k
26,"In the series A Song of Ice and Fire, who is the founder of House Karstark?",2,4,50,54,17,1.364651441574097,39.57054406340724,17,34,68,37,68,136,0.5441176470588235,0.2720588235294117,3.176470588235294,1,0.0383358001708984,1,0.0280920087012687,dolly_15k
26,"In the series A Song of Ice and Fire, who is the founder of House Karstark?",2,6,50,50,17,1.726024866104126,28.968296449202864,17,34,102,33,102,204,0.3235294117647059,0.1617647058823529,2.9411764705882355,1,0.0383358001708984,1,0.0222104564793597,dolly_15k
26,"In the series A Song of Ice and Fire, who is the founder of House Karstark?",2,8,50,54,18,2.1378426551818848,25.25910869497819,18,36,144,36,144,288,0.25,0.125,3.0,1,0.0383358001708984,1,0.0179320026560312,dolly_15k
26,"In the series A Song of Ice and Fire, who is the founder of House Karstark?",2,10,50,50,19,2.7046666145324707,18.486566784735874,19,38,190,31,190,380,0.1631578947368421,0.081578947368421,2.631578947368421,1,0.0383358001708984,1,0.014173946602112,dolly_15k
26,"In the series A Song of Ice and Fire, who is the founder of House Karstark?",4,2,50,52,20,1.4753541946411133,35.24577365142425,20,80,40,32,40,160,0.8,0.2,2.6,1,0.0383358001708984,1,0.0259841333763407,dolly_15k
26,"In the series A Song of Ice and Fire, who is the founder of House Karstark?",4,4,50,33,11,0.9748823642730712,33.85023794599742,11,44,44,22,44,176,0.5,0.125,3.0,1,0.0383358001708984,1,0.0393235138677309,dolly_15k
26,"In the series A Song of Ice and Fire, who is the founder of House Karstark?",4,6,50,50,12,1.40405535697937,35.611131535132664,12,48,72,38,72,288,0.5277777777777778,0.1319444444444444,4.166666666666667,1,0.0383358001708984,1,0.0273036244478085,dolly_15k
26,"In the series A Song of Ice and Fire, who is the founder of House Karstark?",4,8,50,55,13,1.8627533912658687,29.52618433437596,13,52,104,42,104,416,0.4038461538461538,0.1009615384615384,4.230769230769231,1,0.0383358001708984,1,0.0205801800445772,dolly_15k
26,"In the series A Song of Ice and Fire, who is the founder of House Karstark?",4,10,50,59,16,2.60206937789917,22.67426091752971,16,64,160,43,160,640,0.26875,0.0671875,3.6875,1,0.0383358001708984,1,0.0147328124670717,dolly_15k
26,"In the series A Song of Ice and Fire, who is the founder of House Karstark?",6,2,50,52,20,1.8891057968139648,27.52625082602552,20,120,40,32,40,240,0.8,0.1333333333333333,2.6,1,0.0383358001708984,1,0.0202930932907796,dolly_15k
26,"In the series A Song of Ice and Fire, who is the founder of House Karstark?",6,4,50,53,14,1.5558476448059082,34.065032123766684,14,84,56,39,56,336,0.6964285714285714,0.1160714285714285,3.7857142857142856,1,0.0383358001708984,1,0.0246398163077727,dolly_15k
26,"In the series A Song of Ice and Fire, who is the founder of House Karstark?",6,6,50,56,12,1.69935941696167,32.95359383132963,12,72,72,44,72,432,0.6111111111111112,0.1018518518518518,4.666666666666667,1,0.0383358001708984,1,0.0225589712148357,dolly_15k
26,"In the series A Song of Ice and Fire, who is the founder of House Karstark?",6,8,50,50,11,1.761995553970337,28.37691609796295,11,66,88,39,88,528,0.4431818181818182,0.0738636363636363,4.545454545454546,1,0.0383358001708984,1,0.0217570356999571,dolly_15k
26,"In the series A Song of Ice and Fire, who is the founder of House Karstark?",6,10,50,54,12,2.2862393856048584,23.61957384690646,12,72,120,42,120,720,0.35,0.0583333333333333,4.5,1,0.0383358001708984,1,0.0167680604280886,dolly_15k
26,"In the series A Song of Ice and Fire, who is the founder of House Karstark?",8,2,50,50,18,1.9543747901916504,25.58362922553708,18,144,36,32,36,288,0.8888888888888888,0.1111111111111111,2.7777777777777777,1,0.0383358001708984,1,0.0196153779527309,dolly_15k
26,"In the series A Song of Ice and Fire, who is the founder of House Karstark?",8,4,50,40,8,1.0099859237670898,39.60451235875273,8,64,32,32,32,256,1.0,0.125,5.0,1,0.0383358001708984,1,0.0379567667912755,dolly_15k
26,"In the series A Song of Ice and Fire, who is the founder of House Karstark?",8,6,50,56,9,1.4907519817352295,37.56493413130749,9,72,54,47,54,432,0.8703703703703703,0.1087962962962963,6.222222222222222,1,0.0383358001708984,1,0.0257157465766208,dolly_15k
26,"In the series A Song of Ice and Fire, who is the founder of House Karstark?",8,8,50,50,9,1.6032755374908447,31.18615536182315,9,72,72,41,72,576,0.5694444444444444,0.0711805555555555,5.555555555555555,1,0.0383358001708984,1,0.0239109244009889,dolly_15k
26,"In the series A Song of Ice and Fire, who is the founder of House Karstark?",8,10,50,55,11,2.420192241668701,22.725467445543902,11,88,110,44,110,880,0.4,0.05,5.0,1,0.0383358001708984,1,0.0158399814324114,dolly_15k
27,What is enriched air and why would divers dive with enriched air?,1,2,50,50,25,1.4871063232421875,33.62234375480971,25,25,50,25,50,50,0.5,0.5,2.0,50,1.8660290241241453,50,1.2548053861110826,dolly_15k
27,What is enriched air and why would divers dive with enriched air?,1,4,50,50,22,1.7560710906982422,28.472651400530257,22,22,88,28,88,88,0.3181818181818182,0.3181818181818182,2.272727272727273,50,1.8660290241241453,50,1.0626158781431692,dolly_15k
27,What is enriched air and why would divers dive with enriched air?,1,6,50,50,14,1.408339262008667,35.50280912334055,14,14,84,36,84,84,0.4285714285714285,0.4285714285714285,3.571428571428572,50,1.8660290241241453,50,1.3249854452418597,dolly_15k
27,What is enriched air and why would divers dive with enriched air?,1,8,50,52,15,1.807078838348389,28.775722949379624,15,15,120,37,120,120,0.3083333333333333,0.3083333333333333,3.466666666666667,50,1.8660290241241453,50,1.0326218118018775,dolly_15k
27,What is enriched air and why would divers dive with enriched air?,1,10,50,52,13,1.8705904483795168,27.79870924982395,13,13,130,39,130,130,0.3,0.3,4.0,50,1.8660290241241453,50,0.9975615056415356,dolly_15k
27,What is enriched air and why would divers dive with enriched air?,2,2,50,51,23,1.3777618408203125,37.01655720819997,23,46,46,28,46,92,0.6086956521739131,0.3043478260869565,2.217391304347826,50,1.8660290241241453,50,1.3543915710520196,dolly_15k
27,What is enriched air and why would divers dive with enriched air?,2,4,50,51,12,0.9642064571380616,52.89323632137581,12,24,48,39,48,96,0.8125,0.40625,4.25,50,1.8660290241241453,50,1.9353002775597,dolly_15k
27,What is enriched air and why would divers dive with enriched air?,2,6,50,50,20,1.9718356132507324,25.35708335116785,20,40,120,30,120,240,0.25,0.125,2.5,50,1.8660290241241453,50,0.9463410700082872,dolly_15k
27,What is enriched air and why would divers dive with enriched air?,2,8,50,52,10,1.2198913097381592,42.626748452828494,10,20,80,42,80,160,0.525,0.2625,5.2,50,1.8660290241241453,50,1.529668265711865,dolly_15k
27,What is enriched air and why would divers dive with enriched air?,2,10,50,50,12,1.6943700313568115,29.509492657847105,12,24,120,38,120,240,0.3166666666666666,0.1583333333333333,4.166666666666667,50,1.8660290241241453,50,1.1013113957344214,dolly_15k
27,What is enriched air and why would divers dive with enriched air?,4,2,50,51,18,1.2685575485229492,40.20314258456945,18,72,36,33,36,144,0.9166666666666666,0.2291666666666666,2.833333333333333,50,1.8660290241241453,50,1.4709849200746667,dolly_15k
27,What is enriched air and why would divers dive with enriched air?,4,4,50,51,13,1.198535442352295,42.55193313257829,13,52,52,38,52,208,0.7307692307692307,0.1826923076923076,3.923076923076923,50,1.8660290241241453,50,1.5569243579996268,dolly_15k
27,What is enriched air and why would divers dive with enriched air?,4,6,50,51,8,0.9349100589752196,54.55070197437225,8,32,48,43,48,192,0.8958333333333334,0.2239583333333333,6.375,50,1.8660290241241453,50,1.9959449641279403,dolly_15k
27,What is enriched air and why would divers dive with enriched air?,4,8,50,51,9,1.2439284324645996,40.99914325372685,9,36,72,42,72,288,0.5833333333333334,0.1458333333333333,5.666666666666667,50,1.8660290241241453,50,1.5001096328564305,dolly_15k
27,What is enriched air and why would divers dive with enriched air?,4,10,50,52,11,1.7267930507659912,30.113625936201924,11,44,110,41,110,440,0.3727272727272727,0.0931818181818181,4.727272727272728,50,1.8660290241241453,50,1.080632692664816,dolly_15k
27,What is enriched air and why would divers dive with enriched air?,6,2,50,50,17,1.4147696495056152,35.34144234538271,17,102,34,33,34,204,0.9705882352941176,0.1617647058823529,2.9411764705882355,50,1.8660290241241453,50,1.3189631434178848,dolly_15k
27,What is enriched air and why would divers dive with enriched air?,6,4,50,51,11,1.1854491233825684,43.02166916659929,11,66,44,40,44,264,0.9090909090909092,0.1515151515151515,4.636363636363637,50,1.8660290241241453,50,1.574111437865512,dolly_15k
27,What is enriched air and why would divers dive with enriched air?,6,6,50,52,8,1.068858623504639,48.65002616482546,8,48,48,44,48,288,0.9166666666666666,0.1527777777777778,6.5,50,1.8660290241241453,50,1.745814631691604,dolly_15k
27,What is enriched air and why would divers dive with enriched air?,6,8,50,52,7,1.1053574085235596,47.043607433234726,7,42,56,45,56,336,0.8035714285714286,0.1339285714285714,7.428571428571429,50,1.8660290241241453,50,1.6881680167292,dolly_15k
27,What is enriched air and why would divers dive with enriched air?,6,10,50,51,11,2.0315699577331543,25.103738025790804,11,66,110,40,110,660,0.3636363636363636,0.0606060606060606,4.636363636363637,50,1.8660290241241453,50,0.918515760198718,dolly_15k
27,What is enriched air and why would divers dive with enriched air?,8,2,50,52,18,1.8099040985107424,28.73080404800872,18,144,36,34,36,288,0.9444444444444444,0.1180555555555555,2.888888888888889,50,1.8660290241241453,50,1.0310098892309183,dolly_15k
27,What is enriched air and why would divers dive with enriched air?,8,4,50,18,4,0.4026894569396972,44.69945683900907,4,32,16,14,16,128,0.875,0.109375,4.5,50,1.8660290241241453,50,4.633915768009747,dolly_15k
27,What is enriched air and why would divers dive with enriched air?,8,6,50,53,10,1.4810142517089844,35.78628628241882,10,80,60,43,60,480,0.7166666666666667,0.0895833333333333,5.3,50,1.8660290241241453,50,1.2599669597850809,dolly_15k
27,What is enriched air and why would divers dive with enriched air?,8,8,50,50,8,1.3678014278411863,36.555013748534726,8,64,64,42,64,512,0.65625,0.08203125,6.25,50,1.8660290241241453,50,1.3642543326404597,dolly_15k
27,What is enriched air and why would divers dive with enriched air?,8,10,50,53,6,1.1688616275787354,45.34326283752512,6,48,60,47,60,480,0.7833333333333333,0.0979166666666666,8.833333333333334,50,1.8660290241241453,50,1.5964498962888989,dolly_15k
28,What film won the 1943 Oscar as best film,1,2,50,50,24,1.411019802093506,35.43536378852789,24,24,48,26,48,48,0.5416666666666666,0.5416666666666666,2.083333333333333,50,1.871040105819702,50,1.3260197362529371,dolly_15k
28,What film won the 1943 Oscar as best film,1,4,50,52,22,1.7314393520355225,30.032816303307147,22,22,88,30,88,88,0.3409090909090909,0.3409090909090909,2.363636363636364,50,1.871040105819702,50,1.0806269960423749,dolly_15k
28,What film won the 1943 Oscar as best film,1,6,50,56,17,1.6911451816558838,33.11365612334219,17,17,102,39,102,102,0.3823529411764705,0.3823529411764705,3.294117647058824,50,1.871040105819702,50,1.1063746188767036,dolly_15k
28,What film won the 1943 Oscar as best film,1,8,50,50,24,2.836620330810547,17.626609898023542,24,24,192,26,192,192,0.1354166666666666,0.1354166666666666,2.083333333333333,50,1.871040105819702,50,0.6596018809768116,dolly_15k
28,What film won the 1943 Oscar as best film,1,10,50,58,19,2.6098504066467285,22.22349597213942,19,19,190,39,190,190,0.2052631578947368,0.2052631578947368,3.0526315789473686,50,1.871040105819702,50,0.7169146940585425,dolly_15k
28,What film won the 1943 Oscar as best film,2,2,50,50,23,1.347513198852539,37.10538794171143,23,46,46,27,46,92,0.5869565217391305,0.2934782608695652,2.1739130434782608,50,1.871040105819702,50,1.3885133796188172,dolly_15k
28,What film won the 1943 Oscar as best film,2,4,50,50,20,1.5752415657043457,31.741163443489537,20,40,80,30,80,160,0.375,0.1875,2.5,50,1.871040105819702,50,1.1877797961629426,dolly_15k
28,What film won the 1943 Oscar as best film,2,6,50,50,15,1.4794981479644775,33.79524338627323,15,30,90,35,90,180,0.3888888888888889,0.1944444444444444,3.333333333333333,50,1.871040105819702,50,1.264645115233105,dolly_15k
28,What film won the 1943 Oscar as best film,2,8,50,52,15,1.8049321174621584,28.809947752004707,15,30,120,37,120,240,0.3083333333333333,0.1541666666666666,3.466666666666667,50,1.871040105819702,50,1.0366263017417496,dolly_15k
28,What film won the 1943 Oscar as best film,2,10,50,51,13,1.8298537731170652,27.871079508787208,13,26,130,38,130,260,0.2923076923076923,0.1461538461538461,3.923076923076923,50,1.871040105819702,50,1.0225079912437365,dolly_15k
28,What film won the 1943 Oscar as best film,4,2,50,51,18,1.2090520858764648,42.18180556136184,18,72,36,33,36,144,0.9166666666666666,0.2291666666666666,2.833333333333333,50,1.871040105819702,50,1.5475264694352266,dolly_15k
28,What film won the 1943 Oscar as best film,4,4,50,53,14,1.255485773086548,42.21473563153344,14,56,56,39,56,224,0.6964285714285714,0.1741071428571428,3.7857142857142856,50,1.871040105819702,50,1.4902917627014165,dolly_15k
28,What film won the 1943 Oscar as best film,4,6,50,52,13,1.438612699508667,36.14593421687414,13,52,78,39,78,312,0.5,0.125,4.0,50,1.871040105819702,50,1.300586395809465,dolly_15k
28,What film won the 1943 Oscar as best film,4,8,50,53,12,1.6045620441436768,33.03081996326609,12,48,96,41,96,384,0.4270833333333333,0.1067708333333333,4.416666666666667,50,1.871040105819702,50,1.1660752618751116,dolly_15k
28,What film won the 1943 Oscar as best film,4,10,50,11,1,0.1440613269805908,76.35637009981183,1,4,10,10,10,40,1.0,0.25,11.0,50,1.871040105819702,50,12.987802799232751,dolly_15k
28,What film won the 1943 Oscar as best film,6,2,50,50,17,1.3642017841339111,36.65146943913684,17,102,34,33,34,204,0.9705882352941176,0.1617647058823529,2.9411764705882355,50,1.871040105819702,50,1.3715273851570036,dolly_15k
28,What film won the 1943 Oscar as best film,6,4,50,52,12,1.2606306076049805,41.24919678000888,12,72,48,40,48,288,0.8333333333333334,0.1388888888888889,4.333333333333333,50,1.871040105819702,50,1.4842096443893371,dolly_15k
28,What film won the 1943 Oscar as best film,6,6,50,51,8,1.0212090015411377,49.94080538169399,8,48,48,43,48,288,0.8958333333333334,0.1493055555555555,6.375,50,1.871040105819702,50,1.832181368354625,dolly_15k
28,What film won the 1943 Oscar as best film,6,8,50,51,9,1.437692403793335,35.47351287760656,9,54,72,42,72,432,0.5833333333333334,0.0972222222222222,5.666666666666667,50,1.871040105819702,50,1.3014189272218342,dolly_15k
28,What film won the 1943 Oscar as best film,6,10,50,50,13,2.2795052528381348,21.93458424267577,13,78,130,37,130,780,0.2846153846153846,0.0474358974358974,3.8461538461538463,50,1.871040105819702,50,0.8208097364505449,dolly_15k
28,What film won the 1943 Oscar as best film,8,2,50,50,17,1.5727453231811523,31.79154263760025,17,136,34,33,34,272,0.9705882352941176,0.1213235294117647,2.9411764705882355,50,1.871040105819702,50,1.1896650260165431,dolly_15k
28,What film won the 1943 Oscar as best film,8,4,50,50,11,1.3152403831481934,38.015864355015246,11,88,44,39,44,352,0.8863636363636364,0.1107954545454545,4.545454545454546,50,1.871040105819702,50,1.4225841373127035,dolly_15k
28,What film won the 1943 Oscar as best film,8,6,50,50,9,1.2315244674682615,40.600086576264935,9,72,54,41,54,432,0.7592592592592593,0.0949074074074074,5.555555555555555,50,1.871040105819702,50,1.5192878056788763,dolly_15k
28,What film won the 1943 Oscar as best film,8,8,50,52,11,1.836869239807129,28.309037395312902,11,88,88,41,88,704,0.4659090909090909,0.0582386363636363,4.727272727272728,50,1.871040105819702,50,1.0186027754573108,dolly_15k
28,What film won the 1943 Oscar as best film,8,10,50,52,10,1.9420928955078125,26.77523825985842,10,80,100,42,100,800,0.42,0.0525,5.2,50,1.871040105819702,50,0.9634143197514085,dolly_15k
29,"which weighs more, cold or hot water?",1,2,50,50,22,1.2928919792175293,38.67299109571434,22,22,44,28,44,44,0.6363636363636364,0.6363636363636364,2.272727272727273,50,1.928037405014038,50,1.4912594679262416,dolly_15k
29,"which weighs more, cold or hot water?",1,4,50,52,27,2.1231184005737305,24.492275129803424,27,27,108,25,108,108,0.2314814814814814,0.2314814814814814,1.9259259259259256,50,1.928037405014038,50,0.908115818926078,dolly_15k
29,"which weighs more, cold or hot water?",1,6,50,56,12,1.1908955574035645,47.023435138252864,12,12,72,44,72,72,0.6111111111111112,0.6111111111111112,4.666666666666667,50,1.928037405014038,50,1.618981104621482,dolly_15k
29,"which weighs more, cold or hot water?",1,8,50,51,14,1.643982172012329,31.02223422384992,14,14,112,37,112,112,0.3303571428571428,0.3303571428571428,3.642857142857143,50,1.928037405014038,50,1.172784862170378,dolly_15k
29,"which weighs more, cold or hot water?",1,10,50,50,19,2.611586809158325,19.14544820974733,19,19,190,31,190,190,0.1631578947368421,0.1631578947368421,2.631578947368421,50,1.928037405014038,50,0.738262805683038,dolly_15k
29,"which weighs more, cold or hot water?",2,2,50,52,20,1.1832599639892578,43.94638674724237,20,40,40,32,40,80,0.8,0.4,2.6,50,1.928037405014038,50,1.62942841276724,dolly_15k
29,"which weighs more, cold or hot water?",2,4,50,52,14,1.1343307495117188,45.84200862260306,14,28,56,38,56,112,0.6785714285714286,0.3392857142857143,3.7142857142857135,50,1.928037405014038,50,1.6997136027952835,dolly_15k
29,"which weighs more, cold or hot water?",2,6,50,51,16,1.5746028423309326,32.38911973796716,16,32,96,35,96,192,0.3645833333333333,0.1822916666666666,3.1875,50,1.928037405014038,50,1.2244594974564542,dolly_15k
29,"which weighs more, cold or hot water?",2,8,50,52,12,1.4221854209899902,36.56344611084717,12,24,96,40,96,192,0.4166666666666667,0.2083333333333333,4.333333333333333,50,1.928037405014038,50,1.3556863799601615,dolly_15k
29,"which weighs more, cold or hot water?",2,10,50,50,14,1.9703660011291504,25.37599612018614,14,28,140,36,140,280,0.2571428571428571,0.1285714285714285,3.571428571428572,50,1.928037405014038,50,0.9785173941841996,dolly_15k
29,"which weighs more, cold or hot water?",4,2,50,32,11,0.6764154434204102,47.30820431625058,11,44,22,21,22,88,0.9545454545454546,0.2386363636363636,2.909090909090909,50,1.928037405014038,50,2.850374608930553,dolly_15k
29,"which weighs more, cold or hot water?",4,4,50,50,12,1.075237512588501,46.50135380752407,12,48,48,38,48,192,0.7916666666666666,0.1979166666666666,4.166666666666667,50,1.928037405014038,50,1.7931269904939673,dolly_15k
29,"which weighs more, cold or hot water?",4,6,50,53,8,0.8828487396240234,60.032933866531856,8,32,48,45,48,192,0.9375,0.234375,6.625,50,1.928037405014038,50,2.1838819250454238,dolly_15k
29,"which weighs more, cold or hot water?",4,8,50,51,7,0.915961503982544,55.67919588132815,7,28,56,44,56,224,0.7857142857142857,0.1964285714285714,7.285714285714286,50,1.928037405014038,50,2.104932790986358,dolly_15k
29,"which weighs more, cold or hot water?",4,10,50,51,8,1.2756564617156982,39.97941572091234,8,32,80,43,80,320,0.5375,0.134375,6.375,50,1.928037405014038,50,1.511408018441672,dolly_15k
29,"which weighs more, cold or hot water?",6,2,50,51,17,1.3898429870605469,36.694792487216574,17,102,34,34,34,204,1.0,0.1666666666666666,3.0,50,1.928037405014038,50,1.387233970285915,dolly_15k
29,"which weighs more, cold or hot water?",6,4,50,52,12,1.2379462718963623,42.00505399991487,12,72,48,40,48,288,0.8333333333333334,0.1388888888888889,4.333333333333333,50,1.928037405014038,50,1.5574483713744312,dolly_15k
29,"which weighs more, cold or hot water?",6,6,50,51,10,1.246755599975586,40.906172790399886,10,60,60,41,60,360,0.6833333333333333,0.1138888888888888,5.1,50,1.928037405014038,50,1.5464437497227148,dolly_15k
29,"which weighs more, cold or hot water?",6,8,50,56,9,1.35455584526062,41.34196474507513,9,54,72,47,72,432,0.6527777777777778,0.1087962962962963,6.222222222222222,50,1.928037405014038,50,1.423372400451366,dolly_15k
29,"which weighs more, cold or hot water?",6,10,50,50,7,1.1967248916625977,41.78069692403198,7,42,70,43,70,420,0.6142857142857143,0.1023809523809523,7.142857142857143,50,1.928037405014038,50,1.6110949295417725,dolly_15k
29,"which weighs more, cold or hot water?",8,2,50,51,17,1.5799264907836914,32.27998283306361,17,136,34,34,34,272,1.0,0.125,3.0,50,1.928037405014038,50,1.220333614418778,dolly_15k
29,"which weighs more, cold or hot water?",8,4,50,50,10,1.1598806381225586,43.10788399824703,10,80,40,40,40,320,1.0,0.125,5.0,50,1.928037405014038,50,1.6622722559925276,dolly_15k
29,"which weighs more, cold or hot water?",8,6,50,50,8,1.1219501495361328,44.56525989204811,8,64,48,42,48,384,0.875,0.109375,6.25,50,1.928037405014038,50,1.7184697607208126,dolly_15k
29,"which weighs more, cold or hot water?",8,8,50,51,8,1.3128721714019775,38.84612768167567,8,64,64,43,64,512,0.671875,0.083984375,6.375,50,1.928037405014038,50,1.468564455102391,dolly_15k
29,"which weighs more, cold or hot water?",8,10,50,50,5,0.933849573135376,53.54181384066632,5,40,50,45,50,400,0.9,0.1125,10.0,50,1.928037405014038,50,2.0646123963420595,dolly_15k
30,Write a short paragraph about why you should not have both a pet cat and a pet bird.,1,2,50,50,26,1.498816967010498,33.35964370601483,26,26,52,24,52,52,0.4615384615384615,0.4615384615384615,1.9230769230769231,50,1.8736164569854736,50,1.2500635489352252,dolly_15k
30,Write a short paragraph about why you should not have both a pet cat and a pet bird.,1,4,50,50,16,1.233287334442139,40.54205261308132,16,16,64,34,64,64,0.53125,0.53125,3.125,50,1.8736164569854736,50,1.5192051395168016,dolly_15k
30,Write a short paragraph about why you should not have both a pet cat and a pet bird.,1,6,50,52,18,1.7590699195861816,29.56107623751131,18,18,108,34,108,108,0.3148148148148148,0.3148148148148148,2.888888888888889,50,1.8736164569854736,50,1.0651176716308348,dolly_15k
30,Write a short paragraph about why you should not have both a pet cat and a pet bird.,1,8,50,51,24,2.806896924972534,18.169530753431225,24,24,192,27,192,192,0.140625,0.140625,2.125,50,1.8736164569854736,50,0.6675045457908317,dolly_15k
30,Write a short paragraph about why you should not have both a pet cat and a pet bird.,1,10,50,51,13,1.7953944206237793,28.406014530378744,13,13,130,38,130,130,0.2923076923076923,0.2923076923076923,3.923076923076923,50,1.8736164569854736,50,1.0435681627742373,dolly_15k
30,Write a short paragraph about why you should not have both a pet cat and a pet bird.,2,2,50,50,20,1.2506773471832275,39.97833662903536,20,40,40,30,40,80,0.75,0.375,2.5,50,1.8736164569854736,50,1.4980813886213162,dolly_15k
30,Write a short paragraph about why you should not have both a pet cat and a pet bird.,2,4,50,52,18,1.4345424175262451,36.24849245634011,18,36,72,34,72,144,0.4722222222222222,0.2361111111111111,2.888888888888889,50,1.8736164569854736,50,1.3060725385983196,dolly_15k
30,Write a short paragraph about why you should not have both a pet cat and a pet bird.,2,6,50,39,9,0.9015710353851318,43.25782269983866,9,18,54,30,54,108,0.5555555555555556,0.2777777777777778,4.333333333333333,50,1.8736164569854736,50,2.078168423173782,dolly_15k
30,Write a short paragraph about why you should not have both a pet cat and a pet bird.,2,8,50,51,13,1.6152081489562988,31.57487784652073,13,26,104,38,104,208,0.3653846153846153,0.1826923076923076,3.923076923076923,50,1.8736164569854736,50,1.1599845247166136,dolly_15k
30,Write a short paragraph about why you should not have both a pet cat and a pet bird.,2,10,50,5,1,0.1391379833221435,35.935550312121414,1,2,10,4,10,20,0.4,0.2,5.0,50,1.8736164569854736,50,13.465887691124031,dolly_15k
30,Write a short paragraph about why you should not have both a pet cat and a pet bird.,4,2,50,51,17,1.255143404006958,40.63280724512119,17,68,34,34,34,136,1.0,0.25,3.0,50,1.8736164569854736,50,1.4927509087838755,dolly_15k
30,Write a short paragraph about why you should not have both a pet cat and a pet bird.,4,4,50,51,13,1.2395014762878418,41.14557422935782,13,52,52,38,52,208,0.7307692307692307,0.1826923076923076,3.923076923076923,50,1.8736164569854736,50,1.511588725651808,dolly_15k
30,Write a short paragraph about why you should not have both a pet cat and a pet bird.,4,6,50,53,11,1.3142576217651367,40.3269489347282,11,44,66,42,66,264,0.6363636363636364,0.1590909090909091,4.818181818181818,50,1.8736164569854736,50,1.425608211021124,dolly_15k
30,Write a short paragraph about why you should not have both a pet cat and a pet bird.,4,8,50,51,11,1.5239121913909912,33.46649517479639,11,44,88,40,88,352,0.4545454545454545,0.1136363636363636,4.636363636363637,50,1.8736164569854736,50,1.229477963080852,dolly_15k
30,Write a short paragraph about why you should not have both a pet cat and a pet bird.,4,10,50,54,12,1.9610860347747805,27.535762859175936,12,48,120,42,120,480,0.35,0.0875,4.5,50,1.8736164569854736,50,0.955397378677804,dolly_15k
30,Write a short paragraph about why you should not have both a pet cat and a pet bird.,6,2,50,51,17,1.5560410022735596,32.77548594508948,17,102,34,34,34,204,1.0,0.1666666666666666,3.0,50,1.8736164569854736,50,1.2040919578905047,dolly_15k
30,Write a short paragraph about why you should not have both a pet cat and a pet bird.,6,4,50,53,11,1.2715375423431396,41.68182081539934,11,66,44,42,44,264,0.9545454545454546,0.1590909090909091,4.818181818181818,50,1.8736164569854736,50,1.4735046308839976,dolly_15k
30,Write a short paragraph about why you should not have both a pet cat and a pet bird.,6,6,50,53,9,1.246046781539917,42.53451859528129,9,54,54,44,54,324,0.8148148148148148,0.1358024691358024,5.888888888888889,50,1.8736164569854736,50,1.5036485666051636,dolly_15k
30,Write a short paragraph about why you should not have both a pet cat and a pet bird.,6,8,50,54,10,1.6574468612670898,32.580230028441406,10,60,80,44,80,480,0.55,0.0916666666666666,5.4,50,1.8736164569854736,50,1.1304232435862986,dolly_15k
30,Write a short paragraph about why you should not have both a pet cat and a pet bird.,6,10,50,55,8,1.4887940883636477,36.942650719718536,8,48,80,47,80,480,0.5875,0.0979166666666666,6.875,50,1.8736164569854736,50,1.2584792427841982,dolly_15k
30,Write a short paragraph about why you should not have both a pet cat and a pet bird.,8,2,50,51,17,1.835488557815552,27.78551780278926,17,136,34,34,34,272,1.0,0.125,3.0,50,1.8736164569854736,50,1.0207726161013493,dolly_15k
30,Write a short paragraph about why you should not have both a pet cat and a pet bird.,8,4,50,52,11,1.4865443706512451,34.980456033895,11,88,44,41,44,352,0.9318181818181818,0.1164772727272727,4.727272727272728,50,1.8736164569854736,50,1.2603838095762017,dolly_15k
30,Write a short paragraph about why you should not have both a pet cat and a pet bird.,8,6,50,53,8,1.2649898529052734,41.89756927952909,8,64,48,45,48,384,0.9375,0.1171875,6.625,50,1.8736164569854736,50,1.4811316096191454,dolly_15k
30,Write a short paragraph about why you should not have both a pet cat and a pet bird.,8,8,50,51,10,1.9018487930297847,26.816011970516985,10,80,80,41,80,640,0.5125,0.0640625,5.1,50,1.8736164569854736,50,0.9851553203662762,dolly_15k
30,Write a short paragraph about why you should not have both a pet cat and a pet bird.,8,10,50,60,8,1.7011315822601318,35.270640217192195,8,64,80,52,80,640,0.65,0.08125,7.5,50,1.8736164569854736,50,1.1013941993224166,dolly_15k
31,What is your favorite strip from the comic Calvin and Hobbes?,1,2,50,52,22,1.2946748733520508,40.16452398227709,22,22,44,30,44,44,0.6818181818181818,0.6818181818181818,2.363636363636364,50,1.8834586143493648,50,1.4547734362627205,dolly_15k
31,What is your favorite strip from the comic Calvin and Hobbes?,1,4,50,50,19,1.5145347118377686,33.01343944724049,19,19,76,31,76,76,0.4078947368421052,0.4078947368421052,2.631578947368421,50,1.8834586143493648,50,1.243588938324125,dolly_15k
31,What is your favorite strip from the comic Calvin and Hobbes?,1,6,50,51,17,1.7350881099700928,29.393319974326303,17,17,102,34,102,102,0.3333333333333333,0.3333333333333333,3.0,50,1.8834586143493648,50,1.0855117982347475,dolly_15k
31,What is your favorite strip from the comic Calvin and Hobbes?,1,8,50,50,16,1.9313163757324217,25.889077847764984,16,16,128,34,128,128,0.265625,0.265625,3.125,50,1.8834586143493648,50,0.9752201337986856,dolly_15k
31,What is your favorite strip from the comic Calvin and Hobbes?,1,10,50,52,16,2.235374689102173,23.26231940153422,16,16,160,36,160,160,0.225,0.225,3.25,50,1.8834586143493648,50,0.8425695358955,dolly_15k
31,What is your favorite strip from the comic Calvin and Hobbes?,2,2,50,50,20,1.1760094165802002,42.51666635918485,20,40,40,30,40,80,0.75,0.375,2.5,50,1.8834586143493648,50,1.6015676301524917,dolly_15k
31,What is your favorite strip from the comic Calvin and Hobbes?,2,4,50,54,14,1.1055269241333008,48.84548609463704,14,28,56,40,56,112,0.7142857142857143,0.3571428571428571,3.857142857142857,50,1.8834586143493648,50,1.7036750288338198,dolly_15k
31,What is your favorite strip from the comic Calvin and Hobbes?,2,6,50,51,13,1.3035602569580078,39.12362296087007,13,26,78,38,78,156,0.4871794871794871,0.2435897435897435,3.923076923076923,50,1.8834586143493648,50,1.4448573468668109,dolly_15k
31,What is your favorite strip from the comic Calvin and Hobbes?,2,8,50,9,1,0.1192038059234619,75.500945043472,1,2,8,8,8,16,1.0,0.5,9.0,50,1.8834586143493648,50,15.800322814849483,dolly_15k
31,What is your favorite strip from the comic Calvin and Hobbes?,2,10,50,53,17,2.376840353012085,22.298510681558813,17,34,170,36,170,340,0.2117647058823529,0.1058823529411764,3.117647058823529,50,1.8834586143493648,50,0.7924211703838355,dolly_15k
31,What is your favorite strip from the comic Calvin and Hobbes?,4,2,50,3,1,0.0595910549163818,50.343126232781074,1,4,2,2,2,8,1.0,0.25,3.0,50,1.8834586143493648,50,31.606398258803008,dolly_15k
31,What is your favorite strip from the comic Calvin and Hobbes?,4,4,50,54,13,1.2158901691436768,44.41190608361522,13,52,52,41,52,208,0.7884615384615384,0.1971153846153846,4.153846153846154,50,1.8834586143493648,50,1.5490367980159272,dolly_15k
31,What is your favorite strip from the comic Calvin and Hobbes?,4,6,50,50,10,1.1650598049163818,42.916251843044726,10,40,60,40,60,240,0.6666666666666666,0.1666666666666666,5.0,50,1.8834586143493648,50,1.616619684587388,dolly_15k
31,What is your favorite strip from the comic Calvin and Hobbes?,4,8,50,55,10,1.3984558582305908,39.32909263906925,10,40,80,45,80,320,0.5625,0.140625,5.5,50,1.8834586143493648,50,1.3468130604654398,dolly_15k
31,What is your favorite strip from the comic Calvin and Hobbes?,4,10,50,60,9,1.4217722415924072,42.20085203857902,9,36,90,51,90,360,0.5666666666666667,0.1416666666666666,6.666666666666667,50,1.8834586143493648,50,1.3247259717490771,dolly_15k
31,What is your favorite strip from the comic Calvin and Hobbes?,6,2,50,50,17,1.4149422645568848,35.33713088686231,17,102,34,33,34,204,0.9705882352941176,0.1617647058823529,2.9411764705882355,50,1.8834586143493648,50,1.331120471505037,dolly_15k
31,What is your favorite strip from the comic Calvin and Hobbes?,6,4,50,53,12,1.2690165042877195,41.76462624475331,12,72,48,41,48,288,0.8541666666666666,0.1423611111111111,4.416666666666667,50,1.8834586143493648,50,1.4841876429389094,dolly_15k
31,What is your favorite strip from the comic Calvin and Hobbes?,6,6,50,38,6,0.7284753322601318,52.16374298097791,6,36,36,32,36,216,0.8888888888888888,0.1481481481481481,6.333333333333333,50,1.8834586143493648,50,2.5854802914270807,dolly_15k
31,What is your favorite strip from the comic Calvin and Hobbes?,6,8,50,32,4,0.5621285438537598,56.926481229042416,4,24,32,28,32,192,0.875,0.1458333333333333,8.0,50,1.8834586143493648,50,3.350583482982418,dolly_15k
31,What is your favorite strip from the comic Calvin and Hobbes?,6,10,50,18,2,0.3138794898986816,57.34684991940789,2,12,20,16,20,120,0.8,0.1333333333333333,9.0,50,1.8834586143493648,50,6.000578804806055,dolly_15k
31,What is your favorite strip from the comic Calvin and Hobbes?,8,2,50,50,17,1.6737756729125977,29.87258137943491,17,136,34,33,34,272,0.9705882352941176,0.1213235294117647,2.9411764705882355,50,1.8834586143493648,50,1.1252754146389825,dolly_15k
31,What is your favorite strip from the comic Calvin and Hobbes?,8,4,50,5,1,0.0899341106414794,55.596257797360096,1,8,4,4,4,32,1.0,0.125,5.0,50,1.8834586143493648,50,20.942650134805188,dolly_15k
31,What is your favorite strip from the comic Calvin and Hobbes?,8,6,50,55,10,1.534109354019165,35.85142079729012,10,80,60,45,60,480,0.75,0.09375,5.5,50,1.8834586143493648,50,1.2277212243149105,dolly_15k
31,What is your favorite strip from the comic Calvin and Hobbes?,8,8,50,9,1,0.1358993053436279,66.22550407629434,1,8,8,8,8,64,1.0,0.125,9.0,50,1.8834586143493648,50,13.859221793569509,dolly_15k
31,What is your favorite strip from the comic Calvin and Hobbes?,8,10,50,28,4,0.7162563800811768,39.09214741909402,4,32,40,24,40,320,0.6,0.075,7.0,50,1.8834586143493648,50,2.629587207496712,dolly_15k
32,What makes a formula one car so fast?,1,2,50,52,28,1.6506006717681885,31.50368280433059,28,28,56,24,56,56,0.4285714285714285,0.4285714285714285,1.8571428571428568,37,1.3783388137817385,37,0.835052861274561,dolly_15k
32,What makes a formula one car so fast?,1,4,50,14,5,0.394031286239624,35.53017359003852,5,5,20,9,20,20,0.45,0.45,2.8,37,1.3783388137817385,37,3.498044094253782,dolly_15k
32,What makes a formula one car so fast?,1,6,50,51,17,1.6832330226898191,30.298835225144053,17,17,102,34,102,102,0.3333333333333333,0.3333333333333333,3.0,37,1.3783388137817385,37,0.8188639333959491,dolly_15k
32,What makes a formula one car so fast?,1,8,50,50,19,2.2636969089508057,22.087762633900645,19,19,152,31,152,152,0.2039473684210526,0.2039473684210526,2.631578947368421,37,1.3783388137817385,37,0.6088884109580645,dolly_15k
32,What makes a formula one car so fast?,1,10,50,54,19,2.6373257637023926,20.475286270359128,19,19,190,35,190,190,0.1842105263157894,0.1842105263157894,2.8421052631578947,37,1.3783388137817385,37,0.5226274405505243,dolly_15k
32,What makes a formula one car so fast?,2,2,50,51,21,1.2699589729309082,40.15877763538952,21,42,42,30,42,84,0.7142857142857143,0.3571428571428571,2.4285714285714284,37,1.3783388137817385,37,1.0853412142919097,dolly_15k
32,What makes a formula one car so fast?,2,4,50,50,15,1.1776881217956543,42.45606207164898,15,30,60,35,60,120,0.5833333333333334,0.2916666666666667,3.333333333333333,37,1.3783388137817385,37,1.17037676467361,dolly_15k
32,What makes a formula one car so fast?,2,6,50,50,14,1.381063461303711,36.203984393881846,14,28,84,36,84,168,0.4285714285714285,0.2142857142857142,3.571428571428572,37,1.3783388137817385,37,0.9980271380727136,dolly_15k
32,What makes a formula one car so fast?,2,8,50,50,13,1.5500738620758057,32.256527397373,13,26,104,37,104,208,0.3557692307692308,0.1778846153846154,3.8461538461538463,37,1.3783388137817385,37,0.8892084741922648,dolly_15k
32,What makes a formula one car so fast?,2,10,50,11,2,0.2793047428131103,39.38350594841266,2,4,20,9,20,40,0.45,0.225,5.5,37,1.3783388137817385,37,4.934892261045558,dolly_15k
32,What makes a formula one car so fast?,4,2,50,50,18,1.210216045379639,41.31493727164661,18,72,36,32,36,144,0.8888888888888888,0.2222222222222222,2.7777777777777777,37,1.3783388137817385,37,1.1389196326093662,dolly_15k
32,What makes a formula one car so fast?,4,4,50,52,16,1.441303253173828,36.07845877367804,16,64,64,36,64,256,0.5625,0.140625,3.25,37,1.3783388137817385,37,0.9563142320997065,dolly_15k
32,What makes a formula one car so fast?,4,6,50,54,12,1.3337624073028564,40.486971070956464,12,48,72,42,72,288,0.5833333333333334,0.1458333333333333,4.5,37,1.3783388137817385,37,1.0334215496214385,dolly_15k
32,What makes a formula one car so fast?,4,8,50,54,9,1.191293716430664,45.3288716755713,9,36,72,45,72,288,0.625,0.15625,6.0,37,1.3783388137817385,37,1.1570100595439183,dolly_15k
32,What makes a formula one car so fast?,4,10,50,57,10,1.582327127456665,36.02289249228652,10,40,100,47,100,400,0.47,0.1175,5.7,37,1.3783388137817385,37,0.8710833492421981,dolly_15k
32,What makes a formula one car so fast?,6,2,50,51,17,1.370617151260376,37.20951540195015,17,102,34,34,34,204,1.0,0.1666666666666666,3.0,37,1.3783388137817385,37,1.0056337121670058,dolly_15k
32,What makes a formula one car so fast?,6,4,50,52,13,1.3648202419281006,38.10025555199773,13,78,52,39,52,312,0.75,0.125,4.0,37,1.3783388137817385,37,1.0099050200446469,dolly_15k
32,What makes a formula one car so fast?,6,6,50,55,10,1.2736701965332031,43.18229330458092,10,60,60,45,60,360,0.75,0.125,5.5,37,1.3783388137817385,37,1.0821787441783848,dolly_15k
32,What makes a formula one car so fast?,6,8,50,57,9,1.3688132762908936,41.641910541994655,9,54,72,48,72,432,0.6666666666666666,0.1111111111111111,6.333333333333333,37,1.3783388137817385,37,1.0069589750887398,dolly_15k
32,What makes a formula one car so fast?,6,10,50,58,10,1.7477152347564695,33.186184366059976,10,60,100,48,100,600,0.48,0.08,5.8,37,1.3783388137817385,37,0.7886518274665031,dolly_15k
32,What makes a formula one car so fast?,8,2,50,51,17,1.5781445503234863,32.31643133675307,17,136,34,34,34,272,1.0,0.125,3.0,37,1.3783388137817385,37,0.873391992830573,dolly_15k
32,What makes a formula one car so fast?,8,4,50,53,11,1.298635482788086,40.81206828432906,11,88,44,42,44,352,0.9545454545454546,0.1193181818181818,4.818181818181818,37,1.3783388137817385,37,1.061374675226442,dolly_15k
32,What makes a formula one car so fast?,8,6,50,56,13,1.852541446685791,30.22874338395201,13,104,78,43,78,624,0.5512820512820513,0.0689102564102564,4.307692307692308,37,1.3783388137817385,37,0.7440258981776605,dolly_15k
32,What makes a formula one car so fast?,8,8,50,52,7,1.1498174667358398,45.22456955504445,7,56,56,45,56,448,0.8035714285714286,0.1004464285714285,7.428571428571429,37,1.3783388137817385,37,1.198745760659417,dolly_15k
32,What makes a formula one car so fast?,8,10,50,50,8,1.4941813945770264,33.46313920215425,8,64,80,42,80,640,0.525,0.065625,6.25,37,1.3783388137817385,37,0.9224708718662096,dolly_15k
33,"Identify which instrument is string or percussion: Kpanlogo, Shamisen",1,2,50,52,23,1.3224818706512451,39.320009713549446,23,23,46,29,46,46,0.6304347826086957,0.6304347826086957,2.260869565217391,50,1.8484957218170168,50,1.3977474949480708,dolly_15k
33,"Identify which instrument is string or percussion: Kpanlogo, Shamisen",1,4,50,54,21,1.6405165195465088,32.91646219748359,21,21,84,33,84,84,0.3928571428571428,0.3928571428571428,2.571428571428572,50,1.8484957218170168,50,1.1267766583222216,dolly_15k
33,"Identify which instrument is string or percussion: Kpanlogo, Shamisen",1,6,50,54,15,1.464374303817749,36.87581778730846,15,15,90,39,90,90,0.4333333333333333,0.4333333333333333,3.6,50,1.8484957218170168,50,1.262310952191547,dolly_15k
33,"Identify which instrument is string or percussion: Kpanlogo, Shamisen",1,8,50,51,18,2.136012554168701,23.876264163554183,18,18,144,33,144,144,0.2291666666666666,0.2291666666666666,2.833333333333333,50,1.8484957218170168,50,0.8653955325353502,dolly_15k
33,"Identify which instrument is string or percussion: Kpanlogo, Shamisen",1,10,50,51,23,3.202906608581543,15.92303686387726,23,23,230,28,230,230,0.1217391304347826,0.1217391304347826,2.217391304347826,50,1.8484957218170168,50,0.5771306964943482,dolly_15k
33,"Identify which instrument is string or percussion: Kpanlogo, Shamisen",2,2,50,51,21,1.2458162307739258,40.93701682495964,21,42,42,30,42,84,0.7142857142857143,0.3571428571428571,2.4285714285714284,50,1.8484957218170168,50,1.483762754213512,dolly_15k
33,"Identify which instrument is string or percussion: Kpanlogo, Shamisen",2,4,50,51,25,1.9898393154144287,25.63021024106065,25,50,100,26,100,200,0.26,0.13,2.04,50,1.8484957218170168,50,0.9289673329386527,dolly_15k
33,"Identify which instrument is string or percussion: Kpanlogo, Shamisen",2,6,50,50,16,1.6018648147583008,31.213620237700464,16,32,96,34,96,192,0.3541666666666667,0.1770833333333333,3.125,50,1.8484957218170168,50,1.153964869436207,dolly_15k
33,"Identify which instrument is string or percussion: Kpanlogo, Shamisen",2,8,50,55,16,1.8955564498901367,29.01522663869373,16,32,128,39,128,256,0.3046875,0.15234375,3.4375,50,1.8484957218170168,50,0.975173132894118,dolly_15k
33,"Identify which instrument is string or percussion: Kpanlogo, Shamisen",2,10,50,52,17,2.4067635536193848,21.605778399710424,17,34,170,35,170,340,0.2058823529411764,0.1029411764705882,3.0588235294117645,50,1.8484957218170168,50,0.768042094969062,dolly_15k
33,"Identify which instrument is string or percussion: Kpanlogo, Shamisen",4,2,50,51,19,1.365009307861328,37.362382590567,19,76,38,32,38,152,0.8421052631578947,0.2105263157894736,2.6842105263157894,50,1.8484957218170168,50,1.3542000857951704,dolly_15k
33,"Identify which instrument is string or percussion: Kpanlogo, Shamisen",4,4,50,26,6,0.5049026012420654,51.495080310617816,6,24,24,20,24,96,0.8333333333333334,0.2083333333333333,4.333333333333333,50,1.8484957218170168,50,3.661093678800028,dolly_15k
33,"Identify which instrument is string or percussion: Kpanlogo, Shamisen",4,6,50,55,14,1.6398050785064695,33.54057181606844,14,56,84,41,84,336,0.4880952380952381,0.1220238095238095,3.928571428571429,50,1.8484957218170168,50,1.1272655183508895,dolly_15k
33,"Identify which instrument is string or percussion: Kpanlogo, Shamisen",4,8,50,57,14,1.938971996307373,29.397020745298143,14,56,112,43,112,448,0.3839285714285714,0.0959821428571428,4.071428571428571,50,1.8484957218170168,50,0.9533380189798192,dolly_15k
33,"Identify which instrument is string or percussion: Kpanlogo, Shamisen",4,10,50,51,11,1.7300233840942385,29.47937031885918,11,44,110,40,110,440,0.3636363636363636,0.0909090909090909,4.636363636363637,50,1.8484957218170168,50,1.068480194436681,dolly_15k
33,"Identify which instrument is string or percussion: Kpanlogo, Shamisen",6,2,50,51,17,1.495081901550293,34.11184360342845,17,102,34,34,34,204,1.0,0.1666666666666666,3.0,50,1.8484957218170168,50,1.2363842542005616,dolly_15k
33,"Identify which instrument is string or percussion: Kpanlogo, Shamisen",6,4,50,53,13,1.4836623668670654,35.72241312011976,13,78,52,40,52,312,0.7692307692307693,0.1282051282051282,4.076923076923077,50,1.8484957218170168,50,1.2459005250098387,dolly_15k
33,"Identify which instrument is string or percussion: Kpanlogo, Shamisen",6,6,50,50,12,1.604142665863037,31.169297509520288,12,72,72,38,72,432,0.5277777777777778,0.0879629629629629,4.166666666666667,50,1.8484957218170168,50,1.152326261967801,dolly_15k
33,"Identify which instrument is string or percussion: Kpanlogo, Shamisen",6,8,50,53,9,1.414085865020752,37.48004368831041,9,54,72,44,72,432,0.6111111111111112,0.1018518518518518,5.888888888888889,50,1.8484957218170168,50,1.3072018945538997,dolly_15k
33,"Identify which instrument is string or percussion: Kpanlogo, Shamisen",6,10,50,53,12,2.253742456436157,23.5164403317888,12,72,120,41,120,720,0.3416666666666667,0.0569444444444444,4.416666666666667,50,1.8484957218170168,50,0.8201894216165421,dolly_15k
33,"Identify which instrument is string or percussion: Kpanlogo, Shamisen",8,2,50,51,17,1.752117156982422,29.107642600700625,17,136,34,34,34,272,1.0,0.125,3.0,50,1.8484957218170168,50,1.0550069180308594,dolly_15k
33,"Identify which instrument is string or percussion: Kpanlogo, Shamisen",8,4,50,52,11,1.3891897201538086,37.431892307871856,11,88,44,41,44,352,0.9318181818181818,0.1164772727272727,4.727272727272728,50,1.8484957218170168,50,1.330628707511854,dolly_15k
33,"Identify which instrument is string or percussion: Kpanlogo, Shamisen",8,6,50,51,9,1.3663561344146729,37.32555423542462,9,72,54,42,54,432,0.7777777777777778,0.0972222222222222,5.666666666666667,50,1.8484957218170168,50,1.3528652415417928,dolly_15k
33,"Identify which instrument is string or percussion: Kpanlogo, Shamisen",8,8,50,51,10,1.783921718597412,28.588698409983014,10,80,80,41,80,640,0.5125,0.0640625,5.1,50,1.8484957218170168,50,1.03619777849354,dolly_15k
33,"Identify which instrument is string or percussion: Kpanlogo, Shamisen",8,10,50,53,10,2.070410251617432,25.598791330653288,10,80,100,43,100,800,0.43,0.05375,5.3,50,1.8484957218170168,50,0.8928161558188517,dolly_15k
34,Why do potato chip bags become stale after opening?,1,2,50,50,24,1.4055027961730957,35.57445786386199,24,24,48,26,48,48,0.5416666666666666,0.5416666666666666,2.083333333333333,50,1.8735158443450928,50,1.3329862092386464,dolly_15k
34,Why do potato chip bags become stale after opening?,1,4,50,50,16,1.260787010192871,39.65776899331407,16,16,64,34,64,64,0.53125,0.53125,3.125,50,1.8735158443450928,50,1.4859891712070292,dolly_15k
34,Why do potato chip bags become stale after opening?,1,6,50,53,17,1.6766397953033447,31.61084458836373,17,17,102,36,102,102,0.3529411764705882,0.3529411764705882,3.117647058823529,50,1.8735158443450928,50,1.117422984706222,dolly_15k
34,Why do potato chip bags become stale after opening?,1,8,50,51,17,2.0070033073425293,25.411019410590328,17,17,136,34,136,136,0.25,0.25,3.0,50,1.8735158443450928,50,0.9334891664059152,dolly_15k
34,Why do potato chip bags become stale after opening?,1,10,50,53,18,2.4969797134399414,21.225643009724347,18,18,180,35,180,180,0.1944444444444444,0.1944444444444444,2.9444444444444446,50,1.8735158443450928,50,0.7503128016062496,dolly_15k
34,Why do potato chip bags become stale after opening?,2,2,50,52,18,1.061335563659668,48.99487191467988,18,36,36,34,36,72,0.9444444444444444,0.4722222222222222,2.888888888888889,50,1.8735158443450928,50,1.7652436312271371,dolly_15k
34,Why do potato chip bags become stale after opening?,2,4,50,50,14,1.1097371578216553,45.05571400181542,14,28,56,36,56,112,0.6428571428571429,0.3214285714285714,3.571428571428572,50,1.8735158443450928,50,1.688251881213645,dolly_15k
34,Why do potato chip bags become stale after opening?,2,6,50,51,18,1.7857046127319336,28.56015470664857,18,36,108,33,108,216,0.3055555555555556,0.1527777777777778,2.833333333333333,50,1.8735158443450928,50,1.0491745560755523,dolly_15k
34,Why do potato chip bags become stale after opening?,2,8,50,55,10,1.2080955505371094,45.52620028734271,10,20,80,45,80,160,0.5625,0.28125,5.5,50,1.8735158443450928,50,1.5508010467484488,dolly_15k
34,Why do potato chip bags become stale after opening?,2,10,50,51,16,2.230247974395752,22.86741231715168,16,32,160,35,160,320,0.21875,0.109375,3.1875,50,1.8735158443450928,50,0.8400482214775647,dolly_15k
34,Why do potato chip bags become stale after opening?,4,2,50,51,17,1.1449477672576904,44.54351670744956,17,68,34,34,34,136,1.0,0.25,3.0,50,1.8735158443450928,50,1.636333025769747,dolly_15k
34,Why do potato chip bags become stale after opening?,4,4,50,51,11,0.9926953315734864,51.37527938119917,11,44,44,40,44,176,0.9090909090909092,0.2272727272727272,4.636363636363637,50,1.8735158443450928,50,1.8873019593790663,dolly_15k
34,Why do potato chip bags become stale after opening?,4,6,50,52,11,1.2339565753936768,42.14086705880239,11,44,66,41,66,264,0.6212121212121212,0.1553030303030303,4.727272727272728,50,1.8735158443450928,50,1.5182996563289706,dolly_15k
34,Why do potato chip bags become stale after opening?,4,8,50,50,8,1.0914855003356934,45.8091289207435,8,32,64,42,64,256,0.65625,0.1640625,6.25,50,1.8735158443450928,50,1.7164825769731993,dolly_15k
34,Why do potato chip bags become stale after opening?,4,10,50,50,9,1.4044182300567627,35.60193034376885,9,36,90,41,90,360,0.4555555555555555,0.1138888888888888,5.555555555555555,50,1.8735158443450928,50,1.3340156117664257,dolly_15k
34,Why do potato chip bags become stale after opening?,6,2,50,52,18,1.4688239097595217,35.402473812203624,18,108,36,34,36,216,0.9444444444444444,0.1574074074074074,2.888888888888889,50,1.8735158443450928,50,1.2755210695418406,dolly_15k
34,Why do potato chip bags become stale after opening?,6,4,50,50,11,1.152254343032837,43.39319725920539,11,66,44,39,44,264,0.8863636363636364,0.1477272727272727,4.545454545454546,50,1.8735158443450928,50,1.6259568520382668,dolly_15k
34,Why do potato chip bags become stale after opening?,6,6,50,51,9,1.1871201992034912,42.96110876911951,9,54,54,42,54,324,0.7777777777777778,0.1296296296296296,5.666666666666667,50,1.8735158443450928,50,1.5782023131289862,dolly_15k
34,Why do potato chip bags become stale after opening?,6,8,50,53,10,1.528028964996338,34.68520637639027,10,60,80,43,80,480,0.5375,0.0895833333333333,5.3,50,1.8735158443450928,50,1.2260996926518228,dolly_15k
34,Why do potato chip bags become stale after opening?,6,10,50,56,8,1.4309704303741455,39.134281751271466,8,48,80,48,80,480,0.6,0.1,7.0,50,1.8735158443450928,50,1.3092624449655736,dolly_15k
34,Why do potato chip bags become stale after opening?,8,2,50,50,17,1.5884466171264648,31.47729326305665,17,136,34,33,34,272,0.9705882352941176,0.1213235294117647,2.9411764705882355,50,1.8735158443450928,50,1.1794641533086736,dolly_15k
34,Why do potato chip bags become stale after opening?,8,4,50,51,12,1.4117379188537598,36.12568545400319,12,96,48,39,48,384,0.8125,0.1015625,4.25,50,1.8735158443450928,50,1.3270989036451375,dolly_15k
34,Why do potato chip bags become stale after opening?,8,6,50,55,9,1.297546625137329,42.38768683489808,9,72,54,46,54,432,0.8518518518518519,0.1064814814814814,6.111111111111111,50,1.8735158443450928,50,1.4438909616421718,dolly_15k
34,Why do potato chip bags become stale after opening?,8,8,50,56,8,1.3556835651397705,41.30757459925866,8,64,64,48,64,512,0.75,0.09375,7.0,50,1.8735158443450928,50,1.3819713482710354,dolly_15k
34,Why do potato chip bags become stale after opening?,8,10,50,55,9,1.7517623901367188,31.39695218351357,9,72,90,46,90,720,0.5111111111111111,0.0638888888888888,6.111111111111111,50,1.8735158443450928,50,1.069503406908326,dolly_15k
35,Classify each of the following as a primary color or a secondary color,1,2,50,51,22,1.281740427017212,39.7896476735809,22,22,44,29,44,44,0.6590909090909091,0.6590909090909091,2.3181818181818183,50,1.8727540969848635,50,1.461102464672213,dolly_15k
35,Classify each of the following as a primary color or a secondary color,1,4,50,17,4,0.3133502006530761,54.25239864078291,4,4,16,13,16,16,0.8125,0.8125,4.25,50,1.8727540969848635,50,5.976553048575425,dolly_15k
35,Classify each of the following as a primary color or a secondary color,1,6,50,54,25,2.4757986068725586,21.811144028476967,25,25,150,29,150,150,0.1933333333333333,0.1933333333333333,2.16,50,1.8727540969848635,50,0.756424247023281,dolly_15k
35,Classify each of the following as a primary color or a secondary color,1,8,50,52,21,2.4438962936401367,21.277498613718585,21,21,168,31,168,168,0.1845238095238095,0.1845238095238095,2.4761904761904763,50,1.8727540969848635,50,0.7662985135082929,dolly_15k
35,Classify each of the following as a primary color or a secondary color,1,10,50,56,18,2.472533702850342,22.648831817921465,18,18,180,38,180,180,0.2111111111111111,0.2111111111111111,3.111111111111111,50,1.8727540969848635,50,0.7574230817666706,dolly_15k
35,Classify each of the following as a primary color or a secondary color,2,2,50,50,21,1.230797290802002,40.6240738208153,21,42,42,29,42,84,0.6904761904761905,0.3452380952380952,2.380952380952381,50,1.8727540969848635,50,1.5215780136829475,dolly_15k
35,Classify each of the following as a primary color or a secondary color,2,4,50,53,16,1.2776973247528076,41.48087263957742,16,32,64,37,64,128,0.578125,0.2890625,3.3125,50,1.8727540969848635,50,1.4657259279674704,dolly_15k
35,Classify each of the following as a primary color or a secondary color,2,6,50,53,12,1.1944010257720947,44.37370603038397,12,24,72,41,72,144,0.5694444444444444,0.2847222222222222,4.416666666666667,50,1.8727540969848635,50,1.5679441465434625,dolly_15k
35,Classify each of the following as a primary color or a secondary color,2,8,50,50,13,1.583613395690918,31.573362625027176,13,26,104,37,104,208,0.3557692307692308,0.1778846153846154,3.8461538461538463,50,1.8727540969848635,50,1.182582884232168,dolly_15k
35,Classify each of the following as a primary color or a secondary color,2,10,50,50,12,1.711375713348389,29.216261286174618,12,24,120,38,120,240,0.3166666666666666,0.1583333333333333,4.166666666666667,50,1.8727540969848635,50,1.094297460445275,dolly_15k
35,Classify each of the following as a primary color or a secondary color,4,2,50,51,19,1.3235433101654053,38.53292869851494,19,76,38,32,38,152,0.8421052631578947,0.2105263157894736,2.6842105263157894,50,1.8727540969848635,50,1.4149549037052835,dolly_15k
35,Classify each of the following as a primary color or a secondary color,4,4,50,52,14,1.3290669918060305,39.12519107057104,14,56,56,38,56,224,0.6785714285714286,0.1696428571428571,3.7142857142857135,50,1.8727540969848635,50,1.409074266783221,dolly_15k
35,Classify each of the following as a primary color or a secondary color,4,6,50,53,12,1.3932743072509766,38.03988900403435,12,48,72,41,72,288,0.5694444444444444,0.1423611111111111,4.416666666666667,50,1.8727540969848635,50,1.344138829833109,dolly_15k
35,Classify each of the following as a primary color or a secondary color,4,8,50,51,8,1.0868947505950928,46.9226665894528,8,32,64,43,64,256,0.671875,0.16796875,6.375,50,1.8727540969848635,50,1.7230316881735783,dolly_15k
35,Classify each of the following as a primary color or a secondary color,4,10,50,50,10,1.5733797550201416,31.778723375883228,10,40,100,40,100,400,0.4,0.1,5.0,50,1.8727540969848635,50,1.190274687982679,dolly_15k
35,Classify each of the following as a primary color or a secondary color,6,2,50,51,17,1.4571661949157717,34.99943944482458,17,102,34,34,34,204,1.0,0.1666666666666666,3.0,50,1.8727540969848635,50,1.285202815930762,dolly_15k
35,Classify each of the following as a primary color or a secondary color,6,4,50,50,11,1.1900854110717771,42.01379122442193,11,66,44,39,44,264,0.8863636363636364,0.1477272727272727,4.545454545454546,50,1.8727540969848635,50,1.5736299929080573,dolly_15k
35,Classify each of the following as a primary color or a secondary color,6,6,50,52,11,1.4288451671600342,36.39302647700797,11,66,66,41,66,396,0.6212121212121212,0.1035353535353535,4.727272727272728,50,1.8727540969848635,50,1.3106767199326017,dolly_15k
35,Classify each of the following as a primary color or a secondary color,6,8,50,52,8,1.2733018398284912,40.838706403663245,8,48,64,44,64,384,0.6875,0.1145833333333333,6.5,50,1.8727540969848635,50,1.470785667942737,dolly_15k
35,Classify each of the following as a primary color or a secondary color,6,10,50,51,8,1.4488646984100342,35.1999741977058,8,48,80,43,80,480,0.5375,0.0895833333333333,6.375,50,1.8727540969848635,50,1.292566586127745,dolly_15k
35,Classify each of the following as a primary color or a secondary color,8,2,50,51,17,1.7029752731323242,29.94758691134396,17,136,34,34,34,272,1.0,0.125,3.0,50,1.8727540969848635,50,1.0996954133927386,dolly_15k
35,Classify each of the following as a primary color or a secondary color,8,4,50,51,11,1.3744254112243652,37.106415221593,11,88,44,40,44,352,0.9090909090909092,0.1136363636363636,4.636363636363637,50,1.8727540969848635,50,1.362572375110976,dolly_15k
35,Classify each of the following as a primary color or a secondary color,8,6,50,53,8,1.2093725204467771,43.82437925778259,8,64,48,45,48,384,0.9375,0.1171875,6.625,50,1.8727540969848635,50,1.548533694393034,dolly_15k
35,Classify each of the following as a primary color or a secondary color,8,8,50,50,8,1.3292005062103271,37.61659716979389,8,64,64,42,64,512,0.65625,0.08203125,6.25,50,1.8727540969848635,50,1.4089327292872145,dolly_15k
35,Classify each of the following as a primary color or a secondary color,8,10,50,55,7,1.3969786167144775,39.37068137045165,7,56,70,48,70,560,0.6857142857142857,0.0857142857142857,7.857142857142857,50,1.8727540969848635,50,1.3405746334108903,dolly_15k
36,What is the future for human?,1,2,50,50,21,1.2272789478302002,40.740534243171695,21,21,42,29,42,42,0.6904761904761905,0.6904761904761905,2.380952380952381,50,1.8921160697937007,50,1.5417163906697149,dolly_15k
36,What is the future for human?,1,4,50,51,21,1.642472743988037,31.05074357347841,21,21,84,30,84,84,0.3571428571428571,0.3571428571428571,2.4285714285714284,50,1.8921160697937007,50,1.1519923704788628,dolly_15k
36,What is the future for human?,1,6,50,55,16,1.5733232498168943,34.95785116402556,16,16,96,39,96,96,0.40625,0.40625,3.4375,50,1.8921160697937007,50,1.2026238536892582,dolly_15k
36,What is the future for human?,1,8,50,54,13,1.5290067195892334,35.31704557485991,13,13,104,41,104,104,0.3942307692307692,0.3942307692307692,4.153846153846154,50,1.8921160697937007,50,1.2374805457375733,dolly_15k
36,What is the future for human?,1,10,50,54,22,3.0180506706237797,17.892343732200867,22,22,220,32,220,220,0.1454545454545454,0.1454545454545454,2.4545454545454546,50,1.8921160697937007,50,0.6269331685549976,dolly_15k
36,What is the future for human?,2,2,50,52,22,1.298410415649414,40.048970166333454,22,44,44,30,44,88,0.6818181818181818,0.3409090909090909,2.363636363636364,50,1.8921160697937007,50,1.4572557698155393,dolly_15k
36,What is the future for human?,2,4,50,50,13,1.0403647422790527,48.06006775130477,13,26,52,37,52,104,0.7115384615384616,0.3557692307692308,3.8461538461538463,50,1.8921160697937007,50,1.818704530152356,dolly_15k
36,What is the future for human?,2,6,50,51,13,1.2991130352020264,39.25755389874057,13,26,78,38,78,156,0.4871794871794871,0.2435897435897435,3.923076923076923,50,1.8921160697937007,50,1.456467619462733,dolly_15k
36,What is the future for human?,2,8,50,52,15,1.7857904434204102,29.11875813401818,15,30,120,37,120,240,0.3083333333333333,0.1541666666666666,3.466666666666667,50,1.8921160697937007,50,1.0595398114963817,dolly_15k
36,What is the future for human?,2,10,50,51,13,1.8168203830718996,28.07101927916983,13,26,130,38,130,260,0.2923076923076923,0.1461538461538461,3.923076923076923,50,1.8921160697937007,50,1.041443660266785,dolly_15k
36,What is the future for human?,4,2,50,52,18,1.2102093696594238,42.96777177872437,18,72,36,34,36,144,0.9444444444444444,0.2361111111111111,2.888888888888889,50,1.8921160697937007,50,1.563461758956782,dolly_15k
36,What is the future for human?,4,4,50,52,12,1.0644142627716064,48.85315973181181,12,48,48,40,48,192,0.8333333333333334,0.2083333333333333,4.333333333333333,50,1.8921160697937007,50,1.777612472860763,dolly_15k
36,What is the future for human?,4,6,50,56,9,1.0151317119598389,55.16525524740528,9,36,54,47,54,216,0.8703703703703703,0.2175925925925926,6.222222222222222,50,1.8921160697937007,50,1.8639118919265505,dolly_15k
36,What is the future for human?,4,8,50,51,10,1.32200026512146,38.5779045175262,10,40,80,41,80,320,0.5125,0.128125,5.1,50,1.8921160697937007,50,1.431252413266242,dolly_15k
36,What is the future for human?,4,10,50,51,7,1.1087279319763184,45.99866074366143,7,28,70,44,70,280,0.6285714285714286,0.1571428571428571,7.285714285714286,50,1.8921160697937007,50,1.706564807491578,dolly_15k
36,What is the future for human?,6,2,50,51,17,1.3427283763885498,37.98236553037735,17,102,34,34,34,204,1.0,0.1666666666666666,3.0,50,1.8921160697937007,50,1.4091577291922617,dolly_15k
36,What is the future for human?,6,4,50,50,10,0.9958868026733398,50.20650927975041,10,60,40,40,40,240,1.0,0.1666666666666666,5.0,50,1.8921160697937007,50,1.8999308603292464,dolly_15k
36,What is the future for human?,6,6,50,50,10,1.264866828918457,39.52985314885144,10,60,60,40,60,360,0.6666666666666666,0.1111111111111111,5.0,50,1.8921160697937007,50,1.4959014075905388,dolly_15k
36,What is the future for human?,6,8,50,52,10,1.522843837738037,34.14663980072864,10,60,80,42,80,480,0.525,0.0875,5.2,50,1.8921160697937007,50,1.242488574931074,dolly_15k
36,What is the future for human?,6,10,50,50,6,1.0367891788482666,48.22581197803712,6,36,60,44,60,360,0.7333333333333333,0.1222222222222222,8.333333333333334,50,1.8921160697937007,50,1.824976676449872,dolly_15k
36,What is the future for human?,8,2,50,51,17,1.5306379795074463,33.319439790989385,17,136,34,34,34,272,1.0,0.125,3.0,50,1.8921160697937007,50,1.2361617150010724,dolly_15k
36,What is the future for human?,8,4,50,50,10,1.128589153289795,44.303101668354586,10,80,40,40,40,320,1.0,0.125,5.0,50,1.8921160697937007,50,1.676532212167957,dolly_15k
36,What is the future for human?,8,6,50,54,9,1.262889385223389,42.75908930095893,9,72,54,45,54,432,0.8333333333333334,0.1041666666666666,6.0,50,1.8921160697937007,50,1.498243703631265,dolly_15k
36,What is the future for human?,8,8,50,58,7,1.1706438064575195,49.5453866326031,7,56,56,51,56,448,0.9107142857142856,0.1138392857142857,8.285714285714286,50,1.8921160697937007,50,1.6163038315808682,dolly_15k
36,What is the future for human?,8,10,50,54,7,1.322089910507202,40.84442334128669,7,56,70,47,70,560,0.6714285714285714,0.0839285714285714,7.714285714285714,50,1.8921160697937007,50,1.4311553660278793,dolly_15k
37,Name some of the bravolebrities from Vanderpump Rules,1,2,50,50,31,1.8169739246368408,27.51828153504928,31,31,62,19,62,62,0.3064516129032258,0.3064516129032258,1.6129032258064515,50,1.8735289573669436,50,1.0311259462578175,dolly_15k
37,Name some of the bravolebrities from Vanderpump Rules,1,4,50,52,26,2.0460100173950195,25.415320334651348,26,26,104,26,104,104,0.25,0.25,2.0,50,1.8735289573669436,50,0.9156988193793504,dolly_15k
37,Name some of the bravolebrities from Vanderpump Rules,1,6,50,50,14,1.378596544265747,36.26876928422191,14,14,84,36,84,84,0.4285714285714285,0.4285714285714285,3.571428571428572,50,1.8735289573669436,50,1.35901179004101,dolly_15k
37,Name some of the bravolebrities from Vanderpump Rules,1,8,50,50,17,2.007735252380371,24.90368186777614,17,17,136,33,136,136,0.2426470588235294,0.2426470588235294,2.9411764705882355,50,1.8735289573669436,50,0.9331553824866536,dolly_15k
37,Name some of the bravolebrities from Vanderpump Rules,1,10,50,51,17,2.368379592895508,21.533710285710143,17,17,170,34,170,170,0.2,0.2,3.0,50,1.8735289573669436,50,0.7910594074476147,dolly_15k
37,Name some of the bravolebrities from Vanderpump Rules,2,2,50,33,12,0.7128503322601318,46.29302745131879,12,24,24,21,24,48,0.875,0.4375,2.75,50,1.8735289573669436,50,2.6282220440675323,dolly_15k
37,Name some of the bravolebrities from Vanderpump Rules,2,4,50,52,15,1.1921591758728027,43.61833642049502,15,30,60,37,60,120,0.6166666666666667,0.3083333333333333,3.466666666666667,50,1.8735289573669436,50,1.571542622230204,dolly_15k
37,Name some of the bravolebrities from Vanderpump Rules,2,6,50,52,12,1.2048401832580566,43.159251096178345,12,24,72,40,72,144,0.5555555555555556,0.2777777777777778,4.333333333333333,50,1.8735289573669436,50,1.5550020520569448,dolly_15k
37,Name some of the bravolebrities from Vanderpump Rules,2,8,50,55,17,2.053616762161255,26.782017469567805,17,34,136,38,136,272,0.2794117647058823,0.1397058823529411,3.235294117647059,50,1.8735289573669436,50,0.9123070048353206,dolly_15k
37,Name some of the bravolebrities from Vanderpump Rules,2,10,50,51,10,1.416609764099121,36.00144605274053,10,20,100,41,100,200,0.41,0.205,5.1,50,1.8735289573669436,50,1.3225441507233966,dolly_15k
37,Name some of the bravolebrities from Vanderpump Rules,4,2,50,51,17,1.1794142723083496,43.24180332342664,17,68,34,34,34,136,1.0,0.25,3.0,50,1.8735289573669436,50,1.5885249155922732,dolly_15k
37,Name some of the bravolebrities from Vanderpump Rules,4,4,50,51,12,1.105142593383789,46.14789105525765,12,48,48,39,48,192,0.8125,0.203125,4.25,50,1.8735289573669436,50,1.6952825532047089,dolly_15k
37,Name some of the bravolebrities from Vanderpump Rules,4,6,50,51,13,1.4712677001953125,34.66398398689082,13,52,78,38,78,312,0.4871794871794871,0.1217948717948717,3.923076923076923,50,1.8735289573669436,50,1.2734113289636075,dolly_15k
37,Name some of the bravolebrities from Vanderpump Rules,4,8,50,52,19,2.649056911468506,19.629627349596568,19,76,152,33,152,608,0.2171052631578947,0.0542763157894736,2.736842105263158,50,1.8735289573669436,50,0.707243755034448,dolly_15k
37,Name some of the bravolebrities from Vanderpump Rules,4,10,50,53,12,1.875786304473877,28.254817658915314,12,48,120,41,120,480,0.3416666666666667,0.0854166666666666,4.416666666666667,50,1.8735289573669436,50,0.9987965862094472,dolly_15k
37,Name some of the bravolebrities from Vanderpump Rules,6,2,50,52,19,1.5926051139831543,32.65090608050755,19,114,38,33,38,228,0.868421052631579,0.1447368421052631,2.736842105263158,50,1.8735289573669436,50,1.1763926543480636,dolly_15k
37,Name some of the bravolebrities from Vanderpump Rules,6,4,50,51,13,1.4019975662231443,36.37666799764098,13,78,52,38,52,312,0.7307692307692307,0.1217948717948717,3.923076923076923,50,1.8735289573669436,50,1.3363282522765445,dolly_15k
37,Name some of the bravolebrities from Vanderpump Rules,6,6,50,51,9,1.1552035808563232,44.148062597066215,9,54,54,42,54,324,0.7777777777777778,0.1296296296296296,5.666666666666667,50,1.8735289573669436,50,1.6218171311225884,dolly_15k
37,Name some of the bravolebrities from Vanderpump Rules,6,8,50,56,11,1.7271082401275637,32.424140363005776,11,66,88,45,88,528,0.5113636363636364,0.0852272727272727,5.090909090909091,50,1.8735289573669436,50,1.084777962282529,dolly_15k
37,Name some of the bravolebrities from Vanderpump Rules,6,10,50,52,7,1.2181735038757324,42.68685850952853,7,42,70,45,70,420,0.6428571428571429,0.1071428571428571,7.428571428571429,50,1.8735289573669436,50,1.5379820291659083,dolly_15k
37,Name some of the bravolebrities from Vanderpump Rules,8,2,50,50,17,1.675044298171997,29.84995683670325,17,136,34,33,34,272,0.9705882352941176,0.1213235294117647,2.9411764705882355,50,1.8735289573669436,50,1.118495170194338,dolly_15k
37,Name some of the bravolebrities from Vanderpump Rules,8,4,50,53,11,1.3783977031707764,38.45044131899106,11,88,44,42,44,352,0.9545454545454546,0.1193181818181818,4.818181818181818,50,1.8735289573669436,50,1.3592078346163805,dolly_15k
37,Name some of the bravolebrities from Vanderpump Rules,8,6,50,53,10,1.4818828105926514,35.76531127910421,10,80,60,43,60,480,0.7166666666666667,0.0895833333333333,5.3,50,1.8735289573669436,50,1.2642895537857413,dolly_15k
37,Name some of the bravolebrities from Vanderpump Rules,8,8,50,18,2,0.2785773277282715,64.61401631922276,2,16,16,16,16,128,1.0,0.125,9.0,50,1.8735289573669436,50,6.725346145880226,dolly_15k
37,Name some of the bravolebrities from Vanderpump Rules,8,10,50,52,10,1.9755373001098635,26.321953018608244,10,80,100,42,100,800,0.42,0.0525,5.2,50,1.8735289573669436,50,0.948364253746438,dolly_15k
38,Name some famous rock bands from the 1960s,1,2,50,12,6,0.3515448570251465,34.13504638226473,6,6,12,6,12,12,0.5,0.5,2.0,30,1.1075546741485596,30,3.1505358477462653,dolly_15k
38,Name some famous rock bands from the 1960s,1,4,50,52,23,1.8001141548156738,28.887056890747377,23,23,92,29,92,92,0.3152173913043478,0.3152173913043478,2.260869565217391,30,1.1075546741485596,30,0.6152691323412041,dolly_15k
38,Name some famous rock bands from the 1960s,1,6,50,56,20,1.9935765266418457,28.09021838470946,20,20,120,36,120,120,0.3,0.3,2.8,30,1.1075546741485596,30,0.5555616548185494,dolly_15k
38,Name some famous rock bands from the 1960s,1,8,50,50,19,2.22847580909729,22.436860115728148,19,19,152,31,152,152,0.2039473684210526,0.2039473684210526,2.631578947368421,30,1.1075546741485596,30,0.497000985887842,dolly_15k
38,Name some famous rock bands from the 1960s,1,10,50,50,14,1.9238035678863523,25.99017947291473,14,14,140,36,140,140,0.2571428571428571,0.2571428571428571,3.571428571428572,30,1.1075546741485596,30,0.5757108951437331,dolly_15k
38,Name some famous rock bands from the 1960s,2,2,50,50,19,1.1075680255889893,45.14395400084857,19,38,38,31,38,76,0.8157894736842105,0.4078947368421052,2.631578947368421,30,1.1075546741485596,30,0.999987945263748,dolly_15k
38,Name some famous rock bands from the 1960s,2,4,50,16,5,0.3883180618286133,41.20333709087605,5,10,20,11,20,40,0.55,0.275,3.2,30,1.1075546741485596,30,2.852184286594905,dolly_15k
38,Name some famous rock bands from the 1960s,2,6,50,50,10,1.001190423965454,49.94054957294043,10,20,60,40,60,120,0.6666666666666666,0.3333333333333333,5.0,30,1.1075546741485596,30,1.1062377821811604,dolly_15k
38,Name some famous rock bands from the 1960s,2,8,50,56,10,1.1961257457733154,46.81782011455247,10,20,80,46,80,160,0.575,0.2875,5.6,30,1.1075546741485596,30,0.9259517053806972,dolly_15k
38,Name some famous rock bands from the 1960s,2,10,50,42,7,0.972630262374878,43.18187663362264,7,14,70,35,70,140,0.5,0.25,6.0,30,1.1075546741485596,30,1.138721173906553,dolly_15k
38,Name some famous rock bands from the 1960s,4,2,50,51,17,1.148364782333374,44.41097531428348,17,68,34,34,34,136,1.0,0.25,3.0,30,1.1075546741485596,30,0.9644624175064896,dolly_15k
38,Name some famous rock bands from the 1960s,4,4,50,50,12,1.0760226249694824,46.46742442001912,12,48,48,38,48,192,0.7916666666666666,0.1979166666666666,4.166666666666667,30,1.1075546741485596,30,1.0293042622407418,dolly_15k
38,Name some famous rock bands from the 1960s,4,6,50,44,8,0.8753714561462402,50.26437598697452,8,32,48,36,48,192,0.75,0.1875,5.5,30,1.1075546741485596,30,1.265239649262142,dolly_15k
38,Name some famous rock bands from the 1960s,4,8,50,55,13,1.708885908126831,32.18471153541631,13,52,104,42,104,416,0.4038461538461538,0.1009615384615384,4.230769230769231,30,1.1075546741485596,30,0.6481150490395163,dolly_15k
38,Name some famous rock bands from the 1960s,4,10,50,53,10,1.551405429840088,34.162572194595846,10,40,100,43,100,400,0.43,0.1075,5.3,30,1.1075546741485596,30,0.7139040851898536,dolly_15k
38,Name some famous rock bands from the 1960s,6,2,50,50,17,1.3555121421813965,36.88642723593466,17,102,34,33,34,204,0.9705882352941176,0.1617647058823529,2.9411764705882355,30,1.1075546741485596,30,0.8170746979560033,dolly_15k
38,Name some famous rock bands from the 1960s,6,4,50,44,10,1.0048198699951172,43.78894298757629,10,60,40,34,40,240,0.85,0.1416666666666666,4.4,30,1.1075546741485596,30,1.1022420109526114,dolly_15k
38,Name some famous rock bands from the 1960s,6,6,50,52,8,1.0139894485473633,51.28258491692883,8,48,48,44,48,288,0.9166666666666666,0.1527777777777778,6.5,30,1.1075546741485596,30,1.0922743582147103,dolly_15k
38,Name some famous rock bands from the 1960s,6,8,50,50,9,1.3662776947021484,36.59578151197155,9,54,72,41,72,432,0.5694444444444444,0.0949074074074074,5.555555555555555,30,1.1075546741485596,30,0.8106365773540707,dolly_15k
38,Name some famous rock bands from the 1960s,6,10,50,51,10,1.694476842880249,30.097785174396886,10,60,100,41,100,600,0.41,0.0683333333333333,5.1,30,1.1075546741485596,30,0.6536263264984802,dolly_15k
38,Name some famous rock bands from the 1960s,8,2,50,52,18,1.718942403793335,30.25115901803761,18,144,36,34,36,288,0.9444444444444444,0.1180555555555555,2.888888888888889,30,1.1075546741485596,30,0.6443233186315175,dolly_15k
38,Name some famous rock bands from the 1960s,8,4,50,15,3,0.2593491077423095,57.8370989226771,3,24,12,12,12,96,1.0,0.125,5.0,30,1.1075546741485596,30,4.270516616733576,dolly_15k
38,Name some famous rock bands from the 1960s,8,6,50,54,11,1.5733880996704102,34.320839220349896,11,88,66,43,66,528,0.6515151515151515,0.0814393939393939,4.909090909090909,30,1.1075546741485596,30,0.7039297388740691,dolly_15k
38,Name some famous rock bands from the 1960s,8,8,50,57,11,1.8842217922210691,30.251215772645292,11,88,88,46,88,704,0.5227272727272727,0.065340909090909,5.181818181818182,30,1.1075546741485596,30,0.5878048320643847,dolly_15k
38,Name some famous rock bands from the 1960s,8,10,50,57,7,1.361972093582153,41.85107776333583,7,56,70,50,70,560,0.7142857142857143,0.0892857142857142,8.142857142857142,30,1.1075546741485596,30,0.8131992420164463,dolly_15k
39,"Who are the Smiths?

Context: The Smiths were an English rock band formed in Manchester in 1982. They comprised the singer Morrissey, the guitarist Johnny Marr, the bassist Andy Rourke and the drummer Mike Joyce. Morrissey and Marr formed the band's songwriting partnership. They are regarded as one of the most important acts to emerge from the 1980s British independent music.",1,2,50,51,22,1.328148365020752,38.39932446041383,22,22,44,29,44,44,0.6590909090909091,0.6590909090909091,2.3181818181818183,50,1.9144344329833984,50,1.4414311558885862,dolly_15k
39,"Who are the Smiths?

Context: The Smiths were an English rock band formed in Manchester in 1982. They comprised the singer Morrissey, the guitarist Johnny Marr, the bassist Andy Rourke and the drummer Mike Joyce. Morrissey and Marr formed the band's songwriting partnership. They are regarded as one of the most important acts to emerge from the 1980s British independent music.",1,4,50,51,22,1.7811646461486816,28.63295097972813,22,22,88,29,88,88,0.3295454545454545,0.3295454545454545,2.3181818181818183,50,1.9144344329833984,50,1.0748217112454366,dolly_15k
39,"Who are the Smiths?

Context: The Smiths were an English rock band formed in Manchester in 1982. They comprised the singer Morrissey, the guitarist Johnny Marr, the bassist Andy Rourke and the drummer Mike Joyce. Morrissey and Marr formed the band's songwriting partnership. They are regarded as one of the most important acts to emerge from the 1980s British independent music.",1,6,50,53,18,1.8242855072021484,29.05247001675988,18,18,108,35,108,108,0.324074074074074,0.324074074074074,2.9444444444444446,50,1.9144344329833984,50,1.049416018175526,dolly_15k
39,"Who are the Smiths?

Context: The Smiths were an English rock band formed in Manchester in 1982. They comprised the singer Morrissey, the guitarist Johnny Marr, the bassist Andy Rourke and the drummer Mike Joyce. Morrissey and Marr formed the band's songwriting partnership. They are regarded as one of the most important acts to emerge from the 1980s British independent music.",1,8,50,56,14,1.67822527885437,33.36858329188561,14,14,112,42,112,112,0.375,0.375,4.0,50,1.9144344329833984,50,1.14074937203322,dolly_15k
39,"Who are the Smiths?

Context: The Smiths were an English rock band formed in Manchester in 1982. They comprised the singer Morrissey, the guitarist Johnny Marr, the bassist Andy Rourke and the drummer Mike Joyce. Morrissey and Marr formed the band's songwriting partnership. They are regarded as one of the most important acts to emerge from the 1980s British independent music.",1,10,50,52,13,1.826903343200684,28.46346534617286,13,13,130,39,130,130,0.3,0.3,4.0,50,1.9144344329833984,50,1.0479122719373664,dolly_15k
39,"Who are the Smiths?

Context: The Smiths were an English rock band formed in Manchester in 1982. They comprised the singer Morrissey, the guitarist Johnny Marr, the bassist Andy Rourke and the drummer Mike Joyce. Morrissey and Marr formed the band's songwriting partnership. They are regarded as one of the most important acts to emerge from the 1980s British independent music.",2,2,50,50,21,1.703227996826172,29.35602285376413,21,42,42,29,42,84,0.6904761904761905,0.3452380952380952,2.380952380952381,50,1.9144344329833984,50,1.1240036193338725,dolly_15k
39,"Who are the Smiths?

Context: The Smiths were an English rock band formed in Manchester in 1982. They comprised the singer Morrissey, the guitarist Johnny Marr, the bassist Andy Rourke and the drummer Mike Joyce. Morrissey and Marr formed the band's songwriting partnership. They are regarded as one of the most important acts to emerge from the 1980s British independent music.",2,4,50,50,14,1.4474756717681885,34.54289489986498,14,28,56,36,56,112,0.6428571428571429,0.3214285714285714,3.571428571428572,50,1.9144344329833984,50,1.322602148224563,dolly_15k
39,"Who are the Smiths?

Context: The Smiths were an English rock band formed in Manchester in 1982. They comprised the singer Morrissey, the guitarist Johnny Marr, the bassist Andy Rourke and the drummer Mike Joyce. Morrissey and Marr formed the band's songwriting partnership. They are regarded as one of the most important acts to emerge from the 1980s British independent music.",2,6,50,51,17,2.1198434829711914,24.0583799745998,17,34,102,34,102,204,0.3333333333333333,0.1666666666666666,3.0,50,1.9144344329833984,50,0.9031017848072964,dolly_15k
39,"Who are the Smiths?

Context: The Smiths were an English rock band formed in Manchester in 1982. They comprised the singer Morrissey, the guitarist Johnny Marr, the bassist Andy Rourke and the drummer Mike Joyce. Morrissey and Marr formed the band's songwriting partnership. They are regarded as one of the most important acts to emerge from the 1980s British independent music.",2,8,50,52,10,1.497798204421997,34.717627412343504,10,20,80,42,80,160,0.525,0.2625,5.2,50,1.9144344329833984,50,1.2781657951861292,dolly_15k
39,"Who are the Smiths?

Context: The Smiths were an English rock band formed in Manchester in 1982. They comprised the singer Morrissey, the guitarist Johnny Marr, the bassist Andy Rourke and the drummer Mike Joyce. Morrissey and Marr formed the band's songwriting partnership. They are regarded as one of the most important acts to emerge from the 1980s British independent music.",2,10,50,52,15,2.5582199096679688,20.32663408000334,15,30,150,37,150,300,0.2466666666666666,0.1233333333333333,3.466666666666667,50,1.9144344329833984,50,0.7483463113348503,dolly_15k
39,"Who are the Smiths?

Context: The Smiths were an English rock band formed in Manchester in 1982. They comprised the singer Morrissey, the guitarist Johnny Marr, the bassist Andy Rourke and the drummer Mike Joyce. Morrissey and Marr formed the band's songwriting partnership. They are regarded as one of the most important acts to emerge from the 1980s British independent music.",4,2,50,51,18,2.190147876739502,23.286098871060837,18,72,36,33,36,144,0.9166666666666666,0.2291666666666666,2.833333333333333,50,1.9144344329833984,50,0.8741119507571511,dolly_15k
39,"Who are the Smiths?

Context: The Smiths were an English rock band formed in Manchester in 1982. They comprised the singer Morrissey, the guitarist Johnny Marr, the bassist Andy Rourke and the drummer Mike Joyce. Morrissey and Marr formed the band's songwriting partnership. They are regarded as one of the most important acts to emerge from the 1980s British independent music.",4,4,50,54,13,1.90637731552124,28.32597700378918,13,52,52,41,52,208,0.7884615384615384,0.1971153846153846,4.153846153846154,50,1.9144344329833984,50,1.0042264022953689,dolly_15k
39,"Who are the Smiths?

Context: The Smiths were an English rock band formed in Manchester in 1982. They comprised the singer Morrissey, the guitarist Johnny Marr, the bassist Andy Rourke and the drummer Mike Joyce. Morrissey and Marr formed the band's songwriting partnership. They are regarded as one of the most important acts to emerge from the 1980s British independent music.",4,6,50,54,12,2.044552087783813,26.41165286159725,12,48,72,42,72,288,0.5833333333333334,0.1458333333333333,4.5,50,1.9144344329833984,50,0.9363588457453016,dolly_15k
39,"Who are the Smiths?

Context: The Smiths were an English rock band formed in Manchester in 1982. They comprised the singer Morrissey, the guitarist Johnny Marr, the bassist Andy Rourke and the drummer Mike Joyce. Morrissey and Marr formed the band's songwriting partnership. They are regarded as one of the most important acts to emerge from the 1980s British independent music.",4,8,50,56,13,2.555691719055176,21.911875983501982,13,52,104,43,104,416,0.4134615384615384,0.1033653846153846,4.307692307692308,50,1.9144344329833984,50,0.7490866048942529,dolly_15k
39,"Who are the Smiths?

Context: The Smiths were an English rock band formed in Manchester in 1982. They comprised the singer Morrissey, the guitarist Johnny Marr, the bassist Andy Rourke and the drummer Mike Joyce. Morrissey and Marr formed the band's songwriting partnership. They are regarded as one of the most important acts to emerge from the 1980s British independent music.",4,10,50,50,11,2.4460246562957764,20.44133114983365,11,44,110,39,110,440,0.3545454545454545,0.0886363636363636,4.545454545454546,50,1.9144344329833984,50,0.7826717641851533,dolly_15k
39,"Who are the Smiths?

Context: The Smiths were an English rock band formed in Manchester in 1982. They comprised the singer Morrissey, the guitarist Johnny Marr, the bassist Andy Rourke and the drummer Mike Joyce. Morrissey and Marr formed the band's songwriting partnership. They are regarded as one of the most important acts to emerge from the 1980s British independent music.",6,2,50,52,18,3.015833854675293,17.242329155297153,18,108,36,34,36,216,0.9444444444444444,0.1574074074074074,2.888888888888889,50,1.9144344329833984,50,0.6347943969179697,dolly_15k
39,"Who are the Smiths?

Context: The Smiths were an English rock band formed in Manchester in 1982. They comprised the singer Morrissey, the guitarist Johnny Marr, the bassist Andy Rourke and the drummer Mike Joyce. Morrissey and Marr formed the band's songwriting partnership. They are regarded as one of the most important acts to emerge from the 1980s British independent music.",6,4,50,51,13,2.6204466819763184,19.46233073574168,13,78,52,38,52,312,0.7307692307692307,0.1217948717948717,3.923076923076923,50,1.9144344329833984,50,0.7305756099336272,dolly_15k
39,"Who are the Smiths?

Context: The Smiths were an English rock band formed in Manchester in 1982. They comprised the singer Morrissey, the guitarist Johnny Marr, the bassist Andy Rourke and the drummer Mike Joyce. Morrissey and Marr formed the band's songwriting partnership. They are regarded as one of the most important acts to emerge from the 1980s British independent music.",6,6,50,54,10,2.2795403003692627,23.68898676248564,10,60,60,44,60,360,0.7333333333333333,0.1222222222222222,5.4,50,1.9144344329833984,50,0.8398335544553782,dolly_15k
39,"Who are the Smiths?

Context: The Smiths were an English rock band formed in Manchester in 1982. They comprised the singer Morrissey, the guitarist Johnny Marr, the bassist Andy Rourke and the drummer Mike Joyce. Morrissey and Marr formed the band's songwriting partnership. They are regarded as one of the most important acts to emerge from the 1980s British independent music.",6,8,50,50,7,1.79461407661438,27.861143324099658,7,42,56,43,56,336,0.7678571428571429,0.1279761904761904,7.142857142857143,50,1.9144344329833984,50,1.0667666424388385,dolly_15k
39,"Who are the Smiths?

Context: The Smiths were an English rock band formed in Manchester in 1982. They comprised the singer Morrissey, the guitarist Johnny Marr, the bassist Andy Rourke and the drummer Mike Joyce. Morrissey and Marr formed the band's songwriting partnership. They are regarded as one of the most important acts to emerge from the 1980s British independent music.",6,10,50,52,12,3.386167049407959,15.35659618715259,12,72,120,40,120,720,0.3333333333333333,0.0555555555555555,4.333333333333333,50,1.9144344329833984,50,0.5653691637328171,dolly_15k
39,"Who are the Smiths?

Context: The Smiths were an English rock band formed in Manchester in 1982. They comprised the singer Morrissey, the guitarist Johnny Marr, the bassist Andy Rourke and the drummer Mike Joyce. Morrissey and Marr formed the band's songwriting partnership. They are regarded as one of the most important acts to emerge from the 1980s British independent music.",8,2,50,51,17,3.616870641708374,14.10058723469052,17,136,34,34,34,272,1.0,0.125,3.0,50,1.9144344329833984,50,0.5293068573995625,dolly_15k
39,"Who are the Smiths?

Context: The Smiths were an English rock band formed in Manchester in 1982. They comprised the singer Morrissey, the guitarist Johnny Marr, the bassist Andy Rourke and the drummer Mike Joyce. Morrissey and Marr formed the band's songwriting partnership. They are regarded as one of the most important acts to emerge from the 1980s British independent music.",8,4,50,51,11,2.7572295665740967,18.49682761938765,11,88,44,40,44,352,0.9090909090909092,0.1136363636363636,4.636363636363637,50,1.9144344329833984,50,0.694332621480668,dolly_15k
39,"Who are the Smiths?

Context: The Smiths were an English rock band formed in Manchester in 1982. They comprised the singer Morrissey, the guitarist Johnny Marr, the bassist Andy Rourke and the drummer Mike Joyce. Morrissey and Marr formed the band's songwriting partnership. They are regarded as one of the most important acts to emerge from the 1980s British independent music.",8,6,50,51,9,2.5477700233459477,20.017505321387876,9,72,54,42,54,432,0.7777777777777778,0.0972222222222222,5.666666666666667,50,1.9144344329833984,50,0.7514157146998696,dolly_15k
39,"Who are the Smiths?

Context: The Smiths were an English rock band formed in Manchester in 1982. They comprised the singer Morrissey, the guitarist Johnny Marr, the bassist Andy Rourke and the drummer Mike Joyce. Morrissey and Marr formed the band's songwriting partnership. They are regarded as one of the most important acts to emerge from the 1980s British independent music.",8,8,50,53,7,2.263657331466675,23.41343774221344,7,56,56,46,56,448,0.8214285714285714,0.1026785714285714,7.571428571428571,50,1.9144344329833984,50,0.845726252985028,dolly_15k
39,"Who are the Smiths?

Context: The Smiths were an English rock band formed in Manchester in 1982. They comprised the singer Morrissey, the guitarist Johnny Marr, the bassist Andy Rourke and the drummer Mike Joyce. Morrissey and Marr formed the band's songwriting partnership. They are regarded as one of the most important acts to emerge from the 1980s British independent music.",8,10,50,56,8,2.849480390548706,19.652705870776828,8,64,80,48,80,640,0.6,0.075,7.0,50,1.9144344329833984,50,0.6718538717912524,dolly_15k
40,Give me five ways in which I can make my homebrew beer more interesting,1,2,50,52,26,1.5240707397460938,34.119151194165084,26,26,52,26,52,52,0.5,0.5,2.0,50,1.8730895519256592,50,1.2290043388915866,dolly_15k
40,Give me five ways in which I can make my homebrew beer more interesting,1,4,50,51,19,1.5196266174316406,33.56087568813212,19,19,76,32,76,76,0.4210526315789473,0.4210526315789473,2.6842105263157894,50,1.8730895519256592,50,1.2325985412728655,dolly_15k
40,Give me five ways in which I can make my homebrew beer more interesting,1,6,50,50,13,1.265012502670288,39.52530104995489,13,13,78,37,78,78,0.4743589743589743,0.4743589743589743,3.8461538461538463,50,1.8730895519256592,50,1.4806885686677358,dolly_15k
40,Give me five ways in which I can make my homebrew beer more interesting,1,8,50,50,20,2.338343858718872,21.38265499899314,20,20,160,30,160,160,0.1875,0.1875,2.5,50,1.8730895519256592,50,0.8010325534209004,dolly_15k
40,Give me five ways in which I can make my homebrew beer more interesting,1,10,50,50,18,2.467205047607422,20.26584699495797,18,18,180,32,180,180,0.1777777777777777,0.1777777777777777,2.7777777777777777,50,1.8730895519256592,50,0.7591949253435957,dolly_15k
40,Give me five ways in which I can make my homebrew beer more interesting,2,2,50,50,18,1.0603322982788086,47.15502874067199,18,36,36,32,36,72,0.8888888888888888,0.4444444444444444,2.7777777777777777,50,1.8730895519256592,50,1.7665118330981373,dolly_15k
40,Give me five ways in which I can make my homebrew beer more interesting,2,4,50,54,16,1.2879586219787598,41.926812770612855,16,32,64,38,64,128,0.59375,0.296875,3.375,50,1.8730895519256592,50,1.454308795299597,dolly_15k
40,Give me five ways in which I can make my homebrew beer more interesting,2,6,50,56,10,1.009031057357788,55.498787268887,10,20,60,46,60,120,0.7666666666666667,0.3833333333333333,5.6,50,1.8730895519256592,50,1.856324974605304,dolly_15k
40,Give me five ways in which I can make my homebrew beer more interesting,2,8,50,50,11,1.3304548263549805,37.58113316555359,11,22,88,39,88,176,0.4431818181818182,0.2215909090909091,4.545454545454546,50,1.8730895519256592,50,1.407856557638506,dolly_15k
40,Give me five ways in which I can make my homebrew beer more interesting,2,10,50,55,9,1.283163070678711,42.86282956297092,9,18,90,46,90,180,0.5111111111111111,0.2555555555555555,6.111111111111111,50,1.8730895519256592,50,1.459743967643111,dolly_15k
40,Give me five ways in which I can make my homebrew beer more interesting,4,2,50,52,19,1.3557748794555664,38.35445012883072,19,76,38,33,38,152,0.868421052631579,0.2171052631578947,2.736842105263158,50,1.8730895519256592,50,1.3815638424262802,dolly_15k
40,Give me five ways in which I can make my homebrew beer more interesting,4,4,50,53,13,1.1977248191833496,44.250565030569575,13,52,52,40,52,208,0.7692307692307693,0.1923076923076923,4.076923076923077,50,1.8730895519256592,50,1.5638730382182418,dolly_15k
40,Give me five ways in which I can make my homebrew beer more interesting,4,6,50,50,9,1.0034739971160889,49.826901487927294,9,36,54,41,54,216,0.7592592592592593,0.1898148148148148,5.555555555555555,50,1.8730895519256592,50,1.866604971637314,dolly_15k
40,Give me five ways in which I can make my homebrew beer more interesting,4,8,50,55,9,1.2419445514678955,44.28539095001759,9,36,72,46,72,288,0.6388888888888888,0.1597222222222222,6.111111111111111,50,1.8730895519256592,50,1.5081909652985654,dolly_15k
40,Give me five ways in which I can make my homebrew beer more interesting,4,10,50,52,10,1.5832674503326416,32.843471890409226,10,40,100,42,100,400,0.42,0.105,5.2,50,1.8730895519256592,50,1.1830531547478769,dolly_15k
40,Give me five ways in which I can make my homebrew beer more interesting,6,2,50,52,18,1.5787603855133057,32.93723384317952,18,108,36,34,36,216,0.9444444444444444,0.1574074074074074,2.888888888888889,50,1.8730895519256592,50,1.1864305496344574,dolly_15k
40,Give me five ways in which I can make my homebrew beer more interesting,6,4,50,51,12,1.3513970375061035,37.73872413847856,12,72,48,39,48,288,0.8125,0.1354166666666666,4.25,50,1.8730895519256592,50,1.3860394095448796,dolly_15k
40,Give me five ways in which I can make my homebrew beer more interesting,6,6,50,54,9,1.214176893234253,44.47457392815142,9,54,54,45,54,324,0.8333333333333334,0.1388888888888889,6.0,50,1.8730895519256592,50,1.542682587984551,dolly_15k
40,Give me five ways in which I can make my homebrew beer more interesting,6,8,50,58,9,1.4679131507873535,39.511874370013096,9,54,72,49,72,432,0.6805555555555556,0.1134259259259259,6.444444444444445,50,1.8730895519256592,50,1.276022052749496,dolly_15k
40,Give me five ways in which I can make my homebrew beer more interesting,6,10,50,54,9,1.614926815032959,33.43804777859108,9,54,90,45,90,540,0.5,0.0833333333333333,6.0,50,1.8730895519256592,50,1.159860332053147,dolly_15k
40,Give me five ways in which I can make my homebrew beer more interesting,8,2,50,51,17,1.698429822921753,30.02773462389301,17,136,34,34,34,272,1.0,0.125,3.0,50,1.8730895519256592,50,1.1028359998433406,dolly_15k
40,Give me five ways in which I can make my homebrew beer more interesting,8,4,50,50,11,1.3614561557769775,36.72538391180522,11,88,44,39,44,352,0.8863636363636364,0.1107954545454545,4.545454545454546,50,1.8730895519256592,50,1.375798657913221,dolly_15k
40,Give me five ways in which I can make my homebrew beer more interesting,8,6,50,50,9,1.3060674667358398,38.28286154693171,9,72,54,41,54,432,0.7592592592592593,0.0949074074074074,5.555555555555555,50,1.8730895519256592,50,1.4341445596274875,dolly_15k
40,Give me five ways in which I can make my homebrew beer more interesting,8,8,50,52,7,1.2176389694213867,42.70559772303446,7,56,56,45,56,448,0.8035714285714286,0.1004464285714285,7.428571428571429,50,1.8730895519256592,50,1.538296325072232,dolly_15k
40,Give me five ways in which I can make my homebrew beer more interesting,8,10,50,53,9,1.8302690982818604,28.957490485826927,9,72,90,44,90,720,0.4888888888888889,0.0611111111111111,5.888888888888889,50,1.8730895519256592,50,1.0233957146979076,dolly_15k
41,How many Grammy Awards has Bad Bunny won?,1,2,50,50,24,1.4019365310668943,35.664952650851646,24,24,48,26,48,48,0.5416666666666666,0.5416666666666666,2.083333333333333,50,1.8906736373901367,50,1.3486157151146536,dolly_15k
41,How many Grammy Awards has Bad Bunny won?,1,4,50,51,29,2.2806997299194336,22.36155831079157,29,29,116,22,116,116,0.1896551724137931,0.1896551724137931,1.7586206896551724,50,1.8906736373901367,50,0.8289884076309008,dolly_15k
41,How many Grammy Awards has Bad Bunny won?,1,6,50,50,12,1.1789507865905762,42.41059132298107,12,12,72,38,72,72,0.5277777777777778,0.5277777777777778,4.166666666666667,50,1.8906736373901367,50,1.6036917392097438,dolly_15k
41,How many Grammy Awards has Bad Bunny won?,1,8,50,7,1,0.1195874214172363,58.53458429860483,1,1,8,6,8,8,0.75,0.75,7.0,50,1.8906736373901367,50,15.809970772708969,dolly_15k
41,How many Grammy Awards has Bad Bunny won?,1,10,50,51,13,1.8013696670532229,28.31179015211716,13,13,130,38,130,130,0.2923076923076923,0.2923076923076923,3.923076923076923,50,1.8906736373901367,50,1.0495755934888158,dolly_15k
41,How many Grammy Awards has Bad Bunny won?,2,2,50,50,19,1.1175537109375,44.7405789186237,19,38,38,31,38,76,0.8157894736842105,0.4078947368421052,2.631578947368421,50,1.8906736373901367,50,1.6917966616602949,dolly_15k
41,How many Grammy Awards has Bad Bunny won?,2,4,50,52,15,1.1973934173583984,43.42766483109502,15,30,60,37,60,120,0.6166666666666667,0.3083333333333333,3.466666666666667,50,1.8906736373901367,50,1.578991173645503,dolly_15k
41,How many Grammy Awards has Bad Bunny won?,2,6,50,54,13,1.3198847770690918,40.91266217942998,13,26,78,41,78,156,0.5256410256410257,0.2628205128205128,4.153846153846154,50,1.8906736373901367,50,1.432453552186977,dolly_15k
41,How many Grammy Awards has Bad Bunny won?,2,8,50,56,16,1.9099061489105225,29.3208124555986,16,32,128,40,128,256,0.3125,0.15625,3.5,50,1.8906736373901367,50,0.9899301274403683,dolly_15k
41,How many Grammy Awards has Bad Bunny won?,2,10,50,59,15,2.095526933670044,28.15520958094733,15,30,150,44,150,300,0.2933333333333333,0.1466666666666666,3.933333333333333,50,1.8906736373901367,50,0.902242584913412,dolly_15k
41,How many Grammy Awards has Bad Bunny won?,4,2,50,51,18,1.20762038230896,42.23181452311067,18,72,36,33,36,144,0.9166666666666666,0.2291666666666666,2.833333333333333,50,1.8906736373901367,50,1.56561918388226,dolly_15k
41,How many Grammy Awards has Bad Bunny won?,4,4,50,54,14,1.2793474197387695,42.20901935380952,14,56,56,40,56,224,0.7142857142857143,0.1785714285714285,3.857142857142857,50,1.8906736373901367,50,1.4778422250432912,dolly_15k
41,How many Grammy Awards has Bad Bunny won?,4,6,50,56,14,1.5442283153533936,36.264067588467,14,56,84,42,84,336,0.5,0.125,4.0,50,1.8906736373901367,50,1.224348510250869,dolly_15k
41,How many Grammy Awards has Bad Bunny won?,4,8,50,55,12,1.5773801803588867,34.86794159381815,12,48,96,43,96,384,0.4479166666666667,0.1119791666666666,4.583333333333333,50,1.8906736373901367,50,1.1986163265725636,dolly_15k
41,How many Grammy Awards has Bad Bunny won?,4,10,50,51,8,1.2375552654266355,41.210280805050125,8,32,80,43,80,320,0.5375,0.134375,6.375,50,1.8906736373901367,50,1.5277488530892755,dolly_15k
41,How many Grammy Awards has Bad Bunny won?,6,2,50,51,17,1.356952667236328,37.58421441764099,17,102,34,34,34,204,1.0,0.1666666666666666,3.0,50,1.8906736373901367,50,1.3933232035578844,dolly_15k
41,How many Grammy Awards has Bad Bunny won?,6,4,50,50,11,1.1076631546020508,45.1400769198317,11,66,44,39,44,264,0.8863636363636364,0.1477272727272727,4.545454545454546,50,1.8906736373901367,50,1.706903068441775,dolly_15k
41,How many Grammy Awards has Bad Bunny won?,6,6,50,50,9,1.154747486114502,43.29950972072705,9,54,54,41,54,324,0.7592592592592593,0.1265432098765432,5.555555555555555,50,1.8906736373901367,50,1.637304830817932,dolly_15k
41,How many Grammy Awards has Bad Bunny won?,6,8,50,53,8,1.1925461292266846,44.44272527585012,8,48,64,45,64,384,0.703125,0.1171875,6.625,50,1.8906736373901367,50,1.585409227411738,dolly_15k
41,How many Grammy Awards has Bad Bunny won?,6,10,50,50,7,1.1396992206573486,43.87122417365637,7,42,70,43,70,420,0.6142857142857143,0.1023809523809523,7.142857142857143,50,1.8906736373901367,50,1.6589233397032996,dolly_15k
41,How many Grammy Awards has Bad Bunny won?,8,2,50,51,17,1.569369554519653,32.49712590200585,17,136,34,34,34,272,1.0,0.125,3.0,50,1.8906736373901367,50,1.2047344947817769,dolly_15k
41,How many Grammy Awards has Bad Bunny won?,8,4,50,54,12,1.438901424407959,37.52863058163869,12,96,48,42,48,384,0.875,0.109375,4.5,50,1.8906736373901367,50,1.313970231260325,dolly_15k
41,How many Grammy Awards has Bad Bunny won?,8,6,50,52,9,1.2961368560791016,40.11922024754654,9,72,54,43,54,432,0.7962962962962963,0.099537037037037,5.777777777777778,50,1.8906736373901367,50,1.4586990783593237,dolly_15k
41,How many Grammy Awards has Bad Bunny won?,8,8,50,54,10,1.66753888130188,32.38305301633576,10,80,80,44,80,640,0.55,0.06875,5.4,50,1.8906736373901367,50,1.1338108265961695,dolly_15k
41,How many Grammy Awards has Bad Bunny won?,8,10,50,55,7,1.2966029644012451,42.41853636776028,7,56,70,48,70,560,0.6857142857142857,0.0857142857142857,7.857142857142857,50,1.8906736373901367,50,1.458174699039984,dolly_15k
42,"What is HiFI?

Context: High fidelity (often shortened to Hi-Fi or HiFi) is the high-quality reproduction of sound. It is popular with audiophiles and home audio enthusiasts. Ideally, high-fidelity equipment has inaudible noise and distortion, and a flat (neutral, uncolored) frequency response within the human hearing range. High fidelity contrasts with the lower-quality “lo-fi” sound produced by inexpensive audio equipment, AM radio, or the inferior quality of sound reproduction that can be heard in recordings made until the late 1940s.",1,2,50,50,21,1.383589744567871,36.137879885497576,21,21,42,29,42,42,0.6904761904761905,0.6904761904761905,2.380952380952381,50,2.196338891983032,50,1.5874206213265931,dolly_15k
42,"What is HiFI?

Context: High fidelity (often shortened to Hi-Fi or HiFi) is the high-quality reproduction of sound. It is popular with audiophiles and home audio enthusiasts. Ideally, high-fidelity equipment has inaudible noise and distortion, and a flat (neutral, uncolored) frequency response within the human hearing range. High fidelity contrasts with the lower-quality “lo-fi” sound produced by inexpensive audio equipment, AM radio, or the inferior quality of sound reproduction that can be heard in recordings made until the late 1940s.",1,4,50,53,19,1.652599573135376,32.07068479356215,19,19,76,34,76,76,0.4473684210526316,0.4473684210526316,2.789473684210526,50,2.196338891983032,50,1.3290206095213088,dolly_15k
42,"What is HiFI?

Context: High fidelity (often shortened to Hi-Fi or HiFi) is the high-quality reproduction of sound. It is popular with audiophiles and home audio enthusiasts. Ideally, high-fidelity equipment has inaudible noise and distortion, and a flat (neutral, uncolored) frequency response within the human hearing range. High fidelity contrasts with the lower-quality “lo-fi” sound produced by inexpensive audio equipment, AM radio, or the inferior quality of sound reproduction that can be heard in recordings made until the late 1940s.",1,6,50,51,13,1.4057550430297852,36.27943591799686,13,13,78,38,78,78,0.4871794871794871,0.4871794871794871,3.923076923076923,50,2.196338891983032,50,1.5623909036451495,dolly_15k
42,"What is HiFI?

Context: High fidelity (often shortened to Hi-Fi or HiFi) is the high-quality reproduction of sound. It is popular with audiophiles and home audio enthusiasts. Ideally, high-fidelity equipment has inaudible noise and distortion, and a flat (neutral, uncolored) frequency response within the human hearing range. High fidelity contrasts with the lower-quality “lo-fi” sound produced by inexpensive audio equipment, AM radio, or the inferior quality of sound reproduction that can be heard in recordings made until the late 1940s.",1,8,50,50,16,2.0711257457733154,24.14146031550153,16,16,128,34,128,128,0.265625,0.265625,3.125,50,2.196338891983032,50,1.060456564004019,dolly_15k
42,"What is HiFI?

Context: High fidelity (often shortened to Hi-Fi or HiFi) is the high-quality reproduction of sound. It is popular with audiophiles and home audio enthusiasts. Ideally, high-fidelity equipment has inaudible noise and distortion, and a flat (neutral, uncolored) frequency response within the human hearing range. High fidelity contrasts with the lower-quality “lo-fi” sound produced by inexpensive audio equipment, AM radio, or the inferior quality of sound reproduction that can be heard in recordings made until the late 1940s.",1,10,50,51,12,1.8162591457366943,28.07969342905296,12,12,120,39,120,120,0.325,0.325,4.25,50,2.196338891983032,50,1.2092651520233215,dolly_15k
42,"What is HiFI?

Context: High fidelity (often shortened to Hi-Fi or HiFi) is the high-quality reproduction of sound. It is popular with audiophiles and home audio enthusiasts. Ideally, high-fidelity equipment has inaudible noise and distortion, and a flat (neutral, uncolored) frequency response within the human hearing range. High fidelity contrasts with the lower-quality “lo-fi” sound produced by inexpensive audio equipment, AM radio, or the inferior quality of sound reproduction that can be heard in recordings made until the late 1940s.",2,2,50,50,22,2.149699687957764,23.25906277983438,22,44,44,28,44,88,0.6363636363636364,0.3181818181818182,2.272727272727273,50,2.196338891983032,50,1.0216956834885045,dolly_15k
42,"What is HiFI?

Context: High fidelity (often shortened to Hi-Fi or HiFi) is the high-quality reproduction of sound. It is popular with audiophiles and home audio enthusiasts. Ideally, high-fidelity equipment has inaudible noise and distortion, and a flat (neutral, uncolored) frequency response within the human hearing range. High fidelity contrasts with the lower-quality “lo-fi” sound produced by inexpensive audio equipment, AM radio, or the inferior quality of sound reproduction that can be heard in recordings made until the late 1940s.",2,4,50,51,14,1.689537763595581,30.18577098357637,14,28,56,37,56,112,0.6607142857142857,0.3303571428571428,3.642857142857143,50,2.196338891983032,50,1.2999643685435625,dolly_15k
42,"What is HiFI?

Context: High fidelity (often shortened to Hi-Fi or HiFi) is the high-quality reproduction of sound. It is popular with audiophiles and home audio enthusiasts. Ideally, high-fidelity equipment has inaudible noise and distortion, and a flat (neutral, uncolored) frequency response within the human hearing range. High fidelity contrasts with the lower-quality “lo-fi” sound produced by inexpensive audio equipment, AM radio, or the inferior quality of sound reproduction that can be heard in recordings made until the late 1940s.",2,6,50,51,17,2.415227174758911,21.11602607530732,17,34,102,34,102,204,0.3333333333333333,0.1666666666666666,3.0,50,2.196338891983032,50,0.9093715551632412,dolly_15k
42,"What is HiFI?

Context: High fidelity (often shortened to Hi-Fi or HiFi) is the high-quality reproduction of sound. It is popular with audiophiles and home audio enthusiasts. Ideally, high-fidelity equipment has inaudible noise and distortion, and a flat (neutral, uncolored) frequency response within the human hearing range. High fidelity contrasts with the lower-quality “lo-fi” sound produced by inexpensive audio equipment, AM radio, or the inferior quality of sound reproduction that can be heard in recordings made until the late 1940s.",2,8,50,53,16,2.6589298248291016,19.93283143657486,16,32,128,37,128,256,0.2890625,0.14453125,3.3125,50,2.196338891983032,50,0.82602363983946,dolly_15k
42,"What is HiFI?

Context: High fidelity (often shortened to Hi-Fi or HiFi) is the high-quality reproduction of sound. It is popular with audiophiles and home audio enthusiasts. Ideally, high-fidelity equipment has inaudible noise and distortion, and a flat (neutral, uncolored) frequency response within the human hearing range. High fidelity contrasts with the lower-quality “lo-fi” sound produced by inexpensive audio equipment, AM radio, or the inferior quality of sound reproduction that can be heard in recordings made until the late 1940s.",2,10,50,50,11,2.117137670516968,23.61679200001712,11,22,110,39,110,220,0.3545454545454545,0.1772727272727272,4.545454545454546,50,2.196338891983032,50,1.0374095754702266,dolly_15k
42,"What is HiFI?

Context: High fidelity (often shortened to Hi-Fi or HiFi) is the high-quality reproduction of sound. It is popular with audiophiles and home audio enthusiasts. Ideally, high-fidelity equipment has inaudible noise and distortion, and a flat (neutral, uncolored) frequency response within the human hearing range. High fidelity contrasts with the lower-quality “lo-fi” sound produced by inexpensive audio equipment, AM radio, or the inferior quality of sound reproduction that can be heard in recordings made until the late 1940s.",4,2,50,52,20,3.096471309661865,16.793309157344783,20,80,40,32,40,160,0.8,0.2,2.6,50,2.196338891983032,50,0.709303808218676,dolly_15k
42,"What is HiFI?

Context: High fidelity (often shortened to Hi-Fi or HiFi) is the high-quality reproduction of sound. It is popular with audiophiles and home audio enthusiasts. Ideally, high-fidelity equipment has inaudible noise and distortion, and a flat (neutral, uncolored) frequency response within the human hearing range. High fidelity contrasts with the lower-quality “lo-fi” sound produced by inexpensive audio equipment, AM radio, or the inferior quality of sound reproduction that can be heard in recordings made until the late 1940s.",4,4,50,50,11,1.9783918857574463,25.273051491947975,11,44,44,39,44,176,0.8863636363636364,0.2215909090909091,4.545454545454546,50,2.196338891983032,50,1.1101637182171027,dolly_15k
42,"What is HiFI?

Context: High fidelity (often shortened to Hi-Fi or HiFi) is the high-quality reproduction of sound. It is popular with audiophiles and home audio enthusiasts. Ideally, high-fidelity equipment has inaudible noise and distortion, and a flat (neutral, uncolored) frequency response within the human hearing range. High fidelity contrasts with the lower-quality “lo-fi” sound produced by inexpensive audio equipment, AM radio, or the inferior quality of sound reproduction that can be heard in recordings made until the late 1940s.",4,6,50,54,12,2.503204584121704,21.572347838659343,12,48,72,42,72,288,0.5833333333333334,0.1458333333333333,4.5,50,2.196338891983032,50,0.8774108620265485,dolly_15k
42,"What is HiFI?

Context: High fidelity (often shortened to Hi-Fi or HiFi) is the high-quality reproduction of sound. It is popular with audiophiles and home audio enthusiasts. Ideally, high-fidelity equipment has inaudible noise and distortion, and a flat (neutral, uncolored) frequency response within the human hearing range. High fidelity contrasts with the lower-quality “lo-fi” sound produced by inexpensive audio equipment, AM radio, or the inferior quality of sound reproduction that can be heard in recordings made until the late 1940s.",4,8,50,54,11,2.639579057693481,20.45780740781688,11,44,88,43,88,352,0.4886363636363636,0.1221590909090909,4.909090909090909,50,2.196338891983032,50,0.8320792232312368,dolly_15k
42,"What is HiFI?

Context: High fidelity (often shortened to Hi-Fi or HiFi) is the high-quality reproduction of sound. It is popular with audiophiles and home audio enthusiasts. Ideally, high-fidelity equipment has inaudible noise and distortion, and a flat (neutral, uncolored) frequency response within the human hearing range. High fidelity contrasts with the lower-quality “lo-fi” sound produced by inexpensive audio equipment, AM radio, or the inferior quality of sound reproduction that can be heard in recordings made until the late 1940s.",4,10,50,50,11,2.8798296451568604,17.362138098719576,11,44,110,39,110,440,0.3545454545454545,0.0886363636363636,4.545454545454546,50,2.196338891983032,50,0.7626627830839628,dolly_15k
42,"What is HiFI?

Context: High fidelity (often shortened to Hi-Fi or HiFi) is the high-quality reproduction of sound. It is popular with audiophiles and home audio enthusiasts. Ideally, high-fidelity equipment has inaudible noise and distortion, and a flat (neutral, uncolored) frequency response within the human hearing range. High fidelity contrasts with the lower-quality “lo-fi” sound produced by inexpensive audio equipment, AM radio, or the inferior quality of sound reproduction that can be heard in recordings made until the late 1940s.",6,2,50,50,17,3.6783971786499023,13.592876889480356,17,102,34,33,34,204,0.9705882352941176,0.1617647058823529,2.9411764705882355,50,2.196338891983032,50,0.597091283326061,dolly_15k
42,"What is HiFI?

Context: High fidelity (often shortened to Hi-Fi or HiFi) is the high-quality reproduction of sound. It is popular with audiophiles and home audio enthusiasts. Ideally, high-fidelity equipment has inaudible noise and distortion, and a flat (neutral, uncolored) frequency response within the human hearing range. High fidelity contrasts with the lower-quality “lo-fi” sound produced by inexpensive audio equipment, AM radio, or the inferior quality of sound reproduction that can be heard in recordings made until the late 1940s.",6,4,50,50,10,2.4972963333129883,20.02165275022388,10,60,40,40,40,240,1.0,0.1666666666666666,5.0,50,2.196338891983032,50,0.8794866923419149,dolly_15k
42,"What is HiFI?

Context: High fidelity (often shortened to Hi-Fi or HiFi) is the high-quality reproduction of sound. It is popular with audiophiles and home audio enthusiasts. Ideally, high-fidelity equipment has inaudible noise and distortion, and a flat (neutral, uncolored) frequency response within the human hearing range. High fidelity contrasts with the lower-quality “lo-fi” sound produced by inexpensive audio equipment, AM radio, or the inferior quality of sound reproduction that can be heard in recordings made until the late 1940s.",6,6,50,54,10,2.826980829238892,19.10165058124516,10,60,60,44,60,360,0.7333333333333333,0.1222222222222222,5.4,50,2.196338891983032,50,0.7769203346788711,dolly_15k
42,"What is HiFI?

Context: High fidelity (often shortened to Hi-Fi or HiFi) is the high-quality reproduction of sound. It is popular with audiophiles and home audio enthusiasts. Ideally, high-fidelity equipment has inaudible noise and distortion, and a flat (neutral, uncolored) frequency response within the human hearing range. High fidelity contrasts with the lower-quality “lo-fi” sound produced by inexpensive audio equipment, AM radio, or the inferior quality of sound reproduction that can be heard in recordings made until the late 1940s.",6,8,50,58,7,2.25799560546875,25.68649817542911,7,42,56,51,56,336,0.9107142857142856,0.1517857142857142,8.285714285714286,50,2.196338891983032,50,0.972694050716313,dolly_15k
42,"What is HiFI?

Context: High fidelity (often shortened to Hi-Fi or HiFi) is the high-quality reproduction of sound. It is popular with audiophiles and home audio enthusiasts. Ideally, high-fidelity equipment has inaudible noise and distortion, and a flat (neutral, uncolored) frequency response within the human hearing range. High fidelity contrasts with the lower-quality “lo-fi” sound produced by inexpensive audio equipment, AM radio, or the inferior quality of sound reproduction that can be heard in recordings made until the late 1940s.",6,10,50,56,7,2.504669189453125,22.35824205280665,7,42,70,49,70,420,0.7,0.1166666666666666,8.0,50,2.196338891983032,50,0.8768977960169605,dolly_15k
42,"What is HiFI?

Context: High fidelity (often shortened to Hi-Fi or HiFi) is the high-quality reproduction of sound. It is popular with audiophiles and home audio enthusiasts. Ideally, high-fidelity equipment has inaudible noise and distortion, and a flat (neutral, uncolored) frequency response within the human hearing range. High fidelity contrasts with the lower-quality “lo-fi” sound produced by inexpensive audio equipment, AM radio, or the inferior quality of sound reproduction that can be heard in recordings made until the late 1940s.",8,2,50,50,17,4.784835577011108,10.449679867836329,17,136,34,33,34,272,0.9705882352941176,0.1213235294117647,2.9411764705882355,50,2.196338891983032,50,0.4590207660500208,dolly_15k
42,"What is HiFI?

Context: High fidelity (often shortened to Hi-Fi or HiFi) is the high-quality reproduction of sound. It is popular with audiophiles and home audio enthusiasts. Ideally, high-fidelity equipment has inaudible noise and distortion, and a flat (neutral, uncolored) frequency response within the human hearing range. High fidelity contrasts with the lower-quality “lo-fi” sound produced by inexpensive audio equipment, AM radio, or the inferior quality of sound reproduction that can be heard in recordings made until the late 1940s.",8,4,50,51,12,3.9361014366149902,12.956983152309082,12,96,48,39,48,384,0.8125,0.1015625,4.25,50,2.196338891983032,50,0.557998549415399,dolly_15k
42,"What is HiFI?

Context: High fidelity (often shortened to Hi-Fi or HiFi) is the high-quality reproduction of sound. It is popular with audiophiles and home audio enthusiasts. Ideally, high-fidelity equipment has inaudible noise and distortion, and a flat (neutral, uncolored) frequency response within the human hearing range. High fidelity contrasts with the lower-quality “lo-fi” sound produced by inexpensive audio equipment, AM radio, or the inferior quality of sound reproduction that can be heard in recordings made until the late 1940s.",8,6,50,55,10,3.710971593856812,14.820916465932449,10,80,60,45,60,480,0.75,0.09375,5.5,50,2.196338891983032,50,0.591850095435621,dolly_15k
42,"What is HiFI?

Context: High fidelity (often shortened to Hi-Fi or HiFi) is the high-quality reproduction of sound. It is popular with audiophiles and home audio enthusiasts. Ideally, high-fidelity equipment has inaudible noise and distortion, and a flat (neutral, uncolored) frequency response within the human hearing range. High fidelity contrasts with the lower-quality “lo-fi” sound produced by inexpensive audio equipment, AM radio, or the inferior quality of sound reproduction that can be heard in recordings made until the late 1940s.",8,8,50,55,7,2.9438655376434326,18.682918528958208,7,56,56,48,56,448,0.8571428571428571,0.1071428571428571,7.857142857142857,50,2.196338891983032,50,0.7460731014709333,dolly_15k
42,"What is HiFI?

Context: High fidelity (often shortened to Hi-Fi or HiFi) is the high-quality reproduction of sound. It is popular with audiophiles and home audio enthusiasts. Ideally, high-fidelity equipment has inaudible noise and distortion, and a flat (neutral, uncolored) frequency response within the human hearing range. High fidelity contrasts with the lower-quality “lo-fi” sound produced by inexpensive audio equipment, AM radio, or the inferior quality of sound reproduction that can be heard in recordings made until the late 1940s.",8,10,50,53,9,4.2886035442352295,12.358335167456309,9,72,90,44,90,720,0.4888888888888889,0.0611111111111111,5.888888888888889,50,2.196338891983032,50,0.5121338144989798,dolly_15k
43,"Which of these are rappers? Eminem, Michael Jackson, Rihanna, 50 Cent",1,2,50,51,24,1.3851914405822754,36.81801555066048,24,24,48,27,48,48,0.5625,0.5625,2.125,50,1.8534016609191892,50,1.3380111994773072,dolly_15k
43,"Which of these are rappers? Eminem, Michael Jackson, Rihanna, 50 Cent",1,4,50,50,17,1.308358907699585,38.21581349410632,17,17,68,33,68,68,0.4852941176470588,0.4852941176470588,2.9411764705882355,50,1.8534016609191892,50,1.4165850440670924,dolly_15k
43,"Which of these are rappers? Eminem, Michael Jackson, Rihanna, 50 Cent",1,6,50,52,20,1.9756584167480469,26.32033936594794,20,20,120,32,120,120,0.2666666666666666,0.2666666666666666,2.6,50,1.8534016609191892,50,0.9381184749385508,dolly_15k
43,"Which of these are rappers? Eminem, Michael Jackson, Rihanna, 50 Cent",1,8,50,13,3,0.3465805053710937,37.509322649525615,3,3,24,10,24,24,0.4166666666666667,0.4166666666666667,4.333333333333333,50,1.8534016609191892,50,5.347680069121888,dolly_15k
43,"Which of these are rappers? Eminem, Michael Jackson, Rihanna, 50 Cent",1,10,50,50,20,2.745335340499878,18.21271130793656,20,20,200,30,200,200,0.15,0.15,2.5,50,1.8534016609191892,50,0.6751093877594265,dolly_15k
43,"Which of these are rappers? Eminem, Michael Jackson, Rihanna, 50 Cent",2,2,50,52,19,1.1303489208221436,46.00349417963661,19,38,38,33,38,76,0.868421052631579,0.4342105263157895,2.736842105263158,50,1.8534016609191892,50,1.6396721638581684,dolly_15k
43,"Which of these are rappers? Eminem, Michael Jackson, Rihanna, 50 Cent",2,4,50,50,15,1.1792619228363037,42.3994017204782,15,30,60,35,60,120,0.5833333333333334,0.2916666666666667,3.333333333333333,50,1.8534016609191892,50,1.5716624314142844,dolly_15k
43,"Which of these are rappers? Eminem, Michael Jackson, Rihanna, 50 Cent",2,6,50,53,16,1.591465711593628,33.302633926638606,16,32,96,37,96,192,0.3854166666666667,0.1927083333333333,3.3125,50,1.8534016609191892,50,1.1645878685399196,dolly_15k
43,"Which of these are rappers? Eminem, Michael Jackson, Rihanna, 50 Cent",2,8,50,52,10,1.1881368160247805,43.7660034590793,10,20,80,42,80,160,0.525,0.2625,5.2,50,1.8534016609191892,50,1.5599227596702416,dolly_15k
43,"Which of these are rappers? Eminem, Michael Jackson, Rihanna, 50 Cent",2,10,50,51,12,1.6630470752716064,30.66660033761868,12,24,120,39,120,240,0.325,0.1625,4.25,50,1.8534016609191892,50,1.1144613333428908,dolly_15k
43,"Which of these are rappers? Eminem, Michael Jackson, Rihanna, 50 Cent",4,2,50,52,19,1.383056879043579,37.59787524860105,19,76,38,33,38,152,0.868421052631579,0.2171052631578947,2.736842105263158,50,1.8534016609191892,50,1.340076239092109,dolly_15k
43,"Which of these are rappers? Eminem, Michael Jackson, Rihanna, 50 Cent",4,4,50,51,12,1.1518559455871582,44.27636997090185,12,48,48,39,48,192,0.8125,0.203125,4.25,50,1.8534016609191892,50,1.6090568165400392,dolly_15k
43,"Which of these are rappers? Eminem, Michael Jackson, Rihanna, 50 Cent",4,6,50,54,9,1.0488848686218262,51.483248176659146,9,36,54,45,54,216,0.8333333333333334,0.2083333333333333,6.0,50,1.8534016609191892,50,1.7670210681506462,dolly_15k
43,"Which of these are rappers? Eminem, Michael Jackson, Rihanna, 50 Cent",4,8,50,52,8,1.1180884838104248,46.50794704796973,8,32,64,44,64,256,0.6875,0.171875,6.5,50,1.8534016609191892,50,1.6576520443201694,dolly_15k
43,"Which of these are rappers? Eminem, Michael Jackson, Rihanna, 50 Cent",4,10,50,50,8,1.2819817066192627,39.002116599507424,8,32,80,42,80,320,0.525,0.13125,6.25,50,1.8534016609191892,50,1.445731753697819,dolly_15k
43,"Which of these are rappers? Eminem, Michael Jackson, Rihanna, 50 Cent",6,2,50,50,17,1.4990973472595217,33.35340436123397,17,102,34,33,34,204,0.9705882352941176,0.1617647058823529,2.9411764705882355,50,1.8534016609191892,50,1.2363451008084076,dolly_15k
43,"Which of these are rappers? Eminem, Michael Jackson, Rihanna, 50 Cent",6,4,50,53,11,1.2292132377624512,43.11701043545253,11,66,44,42,44,264,0.9545454545454546,0.1590909090909091,4.818181818181818,50,1.8534016609191892,50,1.507795070847882,dolly_15k
43,"Which of these are rappers? Eminem, Michael Jackson, Rihanna, 50 Cent",6,6,50,51,9,1.219994306564331,41.80347377490875,9,54,54,42,54,324,0.7777777777777778,0.1296296296296296,5.666666666666667,50,1.8534016609191892,50,1.5191887789530911,dolly_15k
43,"Which of these are rappers? Eminem, Michael Jackson, Rihanna, 50 Cent",6,8,50,51,9,1.442011833190918,35.36725484918247,9,54,72,42,72,432,0.5833333333333334,0.0972222222222222,5.666666666666667,50,1.8534016609191892,50,1.2852888015613146,dolly_15k
43,"Which of these are rappers? Eminem, Michael Jackson, Rihanna, 50 Cent",6,10,50,52,11,2.061340808868408,25.226299201123307,11,66,110,41,110,660,0.3727272727272727,0.0621212121212121,4.727272727272728,50,1.8534016609191892,50,0.8991243238116609,dolly_15k
43,"Which of these are rappers? Eminem, Michael Jackson, Rihanna, 50 Cent",8,2,50,41,14,1.3367843627929688,30.67061610021973,14,112,28,27,28,224,0.9642857142857144,0.1205357142857142,2.9285714285714284,50,1.8534016609191892,50,1.3864627029649288,dolly_15k
43,"Which of these are rappers? Eminem, Michael Jackson, Rihanna, 50 Cent",8,4,50,50,10,1.274716854095459,39.22439704108257,10,80,40,40,40,320,1.0,0.125,5.0,50,1.8534016609191892,50,1.453971252489923,dolly_15k
43,"Which of these are rappers? Eminem, Michael Jackson, Rihanna, 50 Cent",8,6,50,56,10,1.552131414413452,36.07941922956459,10,80,60,46,60,480,0.7666666666666667,0.0958333333333333,5.6,50,1.8534016609191892,50,1.1941009915191922,dolly_15k
43,"Which of these are rappers? Eminem, Michael Jackson, Rihanna, 50 Cent",8,8,50,52,8,1.469212293624878,35.39311522618986,8,64,64,44,64,512,0.6875,0.0859375,6.5,50,1.8534016609191892,50,1.2614934335639336,dolly_15k
43,"Which of these are rappers? Eminem, Michael Jackson, Rihanna, 50 Cent",8,10,50,52,9,1.8308556079864504,28.40202131351521,9,72,90,43,90,720,0.4777777777777778,0.0597222222222222,5.777777777777778,50,1.8534016609191892,50,1.0123144899217558,dolly_15k
44,What are some kinds of embroidery stitches for writing letters?,1,2,50,33,17,0.988849639892578,33.37211105581724,17,17,34,16,34,34,0.4705882352941176,0.4705882352941176,1.9411764705882355,6,0.2214226722717285,6,0.2239194548281196,dolly_15k
44,What are some kinds of embroidery stitches for writing letters?,1,4,50,50,18,1.4027385711669922,35.644560595780206,18,18,72,32,72,72,0.4444444444444444,0.4444444444444444,2.7777777777777777,6,0.2214226722717285,6,0.1578502771813841,dolly_15k
44,What are some kinds of embroidery stitches for writing letters?,1,6,50,50,19,1.8518486022949217,27.000047378623176,19,19,114,31,114,114,0.2719298245614035,0.2719298245614035,2.631578947368421,6,0.2214226722717285,6,0.1195684528407604,dolly_15k
44,What are some kinds of embroidery stitches for writing letters?,1,8,50,50,14,1.6509795188903809,30.28505164837228,14,14,112,36,112,112,0.3214285714285714,0.3214285714285714,3.571428571428572,6,0.2214226722717285,6,0.1341159413173981,dolly_15k
44,What are some kinds of embroidery stitches for writing letters?,1,10,50,52,14,1.939570426940918,26.81006024721369,14,14,140,38,140,140,0.2714285714285714,0.2714285714285714,3.7142857142857135,6,0.2214226722717285,6,0.1141606766096941,dolly_15k
44,What are some kinds of embroidery stitches for writing letters?,2,2,50,50,20,1.1641390323638916,42.95019633391245,20,40,40,30,40,80,0.75,0.375,2.5,6,0.2214226722717285,6,0.1902029449370058,dolly_15k
44,What are some kinds of embroidery stitches for writing letters?,2,4,50,51,15,1.1774678230285645,43.31328551197512,15,30,60,36,60,120,0.6,0.3,3.4,6,0.2214226722717285,6,0.1880498710378406,dolly_15k
44,What are some kinds of embroidery stitches for writing letters?,2,6,50,52,10,0.986882209777832,52.69119200325467,10,20,60,42,60,120,0.7,0.35,5.2,6,0.2214226722717285,6,0.2243658565104496,dolly_15k
44,What are some kinds of embroidery stitches for writing letters?,2,8,50,52,12,1.4416251182556152,36.07040370031889,12,24,96,40,96,192,0.4166666666666667,0.2083333333333333,4.333333333333333,6,0.2214226722717285,6,0.1535924072547048,dolly_15k
44,What are some kinds of embroidery stitches for writing letters?,2,10,50,51,10,1.3924860954284668,36.625141297592165,10,20,100,41,100,200,0.41,0.205,5.1,6,0.2214226722717285,6,0.1590124834988725,dolly_15k
44,What are some kinds of embroidery stitches for writing letters?,4,2,50,50,17,1.1698451042175293,42.74070115756337,17,68,34,33,34,136,0.9705882352941176,0.2426470588235294,2.9411764705882355,6,0.2214226722717285,6,0.1892752053015008,dolly_15k
44,What are some kinds of embroidery stitches for writing letters?,4,4,50,53,12,1.1150479316711426,47.53158899686755,12,48,48,41,48,192,0.8541666666666666,0.2135416666666666,4.416666666666667,6,0.2214226722717285,6,0.1985768198680736,dolly_15k
44,What are some kinds of embroidery stitches for writing letters?,4,6,50,50,10,1.163479566574097,42.97454071086665,10,40,60,40,60,240,0.6666666666666666,0.1666666666666666,5.0,6,0.2214226722717285,6,0.1903107528770056,dolly_15k
44,What are some kinds of embroidery stitches for writing letters?,4,8,50,52,9,1.24745512008667,41.684866383319005,9,36,72,43,72,288,0.5972222222222222,0.1493055555555555,5.777777777777778,6,0.2214226722717285,6,0.1774995097670084,dolly_15k
44,What are some kinds of embroidery stitches for writing letters?,4,10,50,54,10,1.6031968593597412,33.68270071434998,10,40,100,44,100,400,0.44,0.11,5.4,6,0.2214226722717285,6,0.1381132148425969,dolly_15k
44,What are some kinds of embroidery stitches for writing letters?,6,2,50,52,18,1.54593825340271,33.636531009918826,18,108,36,34,36,216,0.9444444444444444,0.1574074074074074,2.888888888888889,6,0.2214226722717285,6,0.1432286650416748,dolly_15k
44,What are some kinds of embroidery stitches for writing letters?,6,4,50,50,11,1.1807875633239746,42.344619432853406,11,66,44,39,44,264,0.8863636363636364,0.1477272727272727,4.545454545454546,6,0.2214226722717285,6,0.1875211758230353,dolly_15k
44,What are some kinds of embroidery stitches for writing letters?,6,6,50,50,9,1.1575064659118652,43.1963029775482,9,54,54,41,54,324,0.7592592592592593,0.1265432098765432,5.555555555555555,6,0.2214226722717285,6,0.1912928167509589,dolly_15k
44,What are some kinds of embroidery stitches for writing letters?,6,8,50,55,10,1.5608251094818115,35.23777242298454,10,60,80,45,80,480,0.5625,0.09375,5.5,6,0.2214226722717285,6,0.1418625769963683,dolly_15k
44,What are some kinds of embroidery stitches for writing letters?,6,10,50,51,7,1.2683255672454834,40.2104958829778,7,42,70,44,70,420,0.6285714285714286,0.1047619047619047,7.285714285714286,6,0.2214226722717285,6,0.174578734348633,dolly_15k
44,What are some kinds of embroidery stitches for writing letters?,8,2,50,52,18,1.7834875583648682,29.15635702425336,18,144,36,34,36,288,0.9444444444444444,0.1180555555555555,2.888888888888889,6,0.2214226722717285,6,0.1241515093465146,dolly_15k
44,What are some kinds of embroidery stitches for writing letters?,8,4,50,53,12,1.5102598667144775,35.09329829130653,12,96,48,41,48,384,0.8541666666666666,0.1067708333333333,4.416666666666667,6,0.2214226722717285,6,0.1466122997450938,dolly_15k
44,What are some kinds of embroidery stitches for writing letters?,8,6,50,51,9,1.3236761093139648,38.52906284335093,9,72,54,42,54,432,0.7777777777777778,0.0972222222222222,5.666666666666667,6,0.2214226722717285,6,0.1672785893117671,dolly_15k
44,What are some kinds of embroidery stitches for writing letters?,8,8,50,54,9,1.5799219608306885,34.17890335014268,9,72,72,45,72,576,0.625,0.078125,6.0,6,0.2214226722717285,6,0.1401478539834393,dolly_15k
44,What are some kinds of embroidery stitches for writing letters?,8,10,50,52,6,1.1522271633148191,45.12998968918788,6,48,60,46,60,480,0.7666666666666667,0.0958333333333333,8.666666666666666,6,0.2214226722717285,6,0.1921692868572218,dolly_15k
45,"Classify each of the following pieces of equipment according to the sport they are used for, either basketball, football, or soccer: shin guards, shooting sleeve, penalty flag, corner flag, kicking tee, and goalie gloves.",1,2,50,51,24,1.406132698059082,36.26969209264282,24,24,48,27,48,48,0.5625,0.5625,2.125,50,1.8628687858581543,50,1.3248172014131496,dolly_15k
45,"Classify each of the following pieces of equipment according to the sport they are used for, either basketball, football, or soccer: shin guards, shooting sleeve, penalty flag, corner flag, kicking tee, and goalie gloves.",1,4,50,51,17,1.3348312377929688,38.20707708663173,17,17,68,34,68,68,0.5,0.5,3.0,50,1.8628687858581543,50,1.395583751050246,dolly_15k
45,"Classify each of the following pieces of equipment according to the sport they are used for, either basketball, football, or soccer: shin guards, shooting sleeve, penalty flag, corner flag, kicking tee, and goalie gloves.",1,6,50,50,20,1.9748430252075195,25.3184680310203,20,20,120,30,120,120,0.25,0.25,2.5,50,1.8628687858581543,50,0.9432996760147055,dolly_15k
45,"Classify each of the following pieces of equipment according to the sport they are used for, either basketball, football, or soccer: shin guards, shooting sleeve, penalty flag, corner flag, kicking tee, and goalie gloves.",1,8,50,52,13,1.5600104331970217,33.33311040326399,13,13,104,39,104,104,0.375,0.375,4.0,50,1.8628687858581543,50,1.1941386712654654,dolly_15k
45,"Classify each of the following pieces of equipment according to the sport they are used for, either basketball, football, or soccer: shin guards, shooting sleeve, penalty flag, corner flag, kicking tee, and goalie gloves.",1,10,50,50,21,2.9066524505615234,17.20191899459487,21,21,210,29,210,210,0.1380952380952381,0.1380952380952381,2.380952380952381,50,1.8628687858581543,50,0.6408983590378254,dolly_15k
45,"Classify each of the following pieces of equipment according to the sport they are used for, either basketball, football, or soccer: shin guards, shooting sleeve, penalty flag, corner flag, kicking tee, and goalie gloves.",2,2,50,52,19,1.234546184539795,42.12074092585218,19,38,38,33,38,76,0.868421052631579,0.4342105263157895,2.736842105263158,50,1.8628687858581543,50,1.5089502597690023,dolly_15k
45,"Classify each of the following pieces of equipment according to the sport they are used for, either basketball, football, or soccer: shin guards, shooting sleeve, penalty flag, corner flag, kicking tee, and goalie gloves.",2,4,50,52,16,1.371385097503662,37.91786865312727,16,32,64,36,64,128,0.5625,0.28125,3.25,50,1.8628687858581543,50,1.3583848834650034,dolly_15k
45,"Classify each of the following pieces of equipment according to the sport they are used for, either basketball, football, or soccer: shin guards, shooting sleeve, penalty flag, corner flag, kicking tee, and goalie gloves.",2,6,50,54,13,1.3988666534423828,38.60267872360443,13,26,78,41,78,156,0.5256410256410257,0.2628205128205128,4.153846153846154,50,1.8628687858581543,50,1.3316986156428403,dolly_15k
45,"Classify each of the following pieces of equipment according to the sport they are used for, either basketball, football, or soccer: shin guards, shooting sleeve, penalty flag, corner flag, kicking tee, and goalie gloves.",2,8,50,50,14,1.8314926624298096,27.30013667303797,14,28,112,36,112,224,0.3214285714285714,0.1607142857142857,3.571428571428572,50,1.8628687858581543,50,1.0171314491572785,dolly_15k
45,"Classify each of the following pieces of equipment according to the sport they are used for, either basketball, football, or soccer: shin guards, shooting sleeve, penalty flag, corner flag, kicking tee, and goalie gloves.",2,10,50,50,9,1.3617000579833984,36.71880580959011,9,18,90,41,90,180,0.4555555555555555,0.2277777777777777,5.555555555555555,50,1.8628687858581543,50,1.3680463439334494,dolly_15k
45,"Classify each of the following pieces of equipment according to the sport they are used for, either basketball, football, or soccer: shin guards, shooting sleeve, penalty flag, corner flag, kicking tee, and goalie gloves.",4,2,50,50,18,1.7123007774353027,29.20047731035337,18,72,36,32,36,144,0.8888888888888888,0.2222222222222222,2.7777777777777777,50,1.8628687858581543,50,1.0879331542723314,dolly_15k
45,"Classify each of the following pieces of equipment according to the sport they are used for, either basketball, football, or soccer: shin guards, shooting sleeve, penalty flag, corner flag, kicking tee, and goalie gloves.",4,4,50,51,12,1.4186069965362549,35.95076023488131,12,48,48,39,48,192,0.8125,0.203125,4.25,50,1.8628687858581543,50,1.3131676288123717,dolly_15k
45,"Classify each of the following pieces of equipment according to the sport they are used for, either basketball, football, or soccer: shin guards, shooting sleeve, penalty flag, corner flag, kicking tee, and goalie gloves.",4,6,50,52,9,1.2892212867736816,40.33442554313674,9,36,54,43,54,216,0.7962962962962963,0.199074074074074,5.777777777777778,50,1.8628687858581543,50,1.444956583458255,dolly_15k
45,"Classify each of the following pieces of equipment according to the sport they are used for, either basketball, football, or soccer: shin guards, shooting sleeve, penalty flag, corner flag, kicking tee, and goalie gloves.",4,8,50,57,12,1.98604679107666,28.700230153741547,12,48,96,45,96,384,0.46875,0.1171875,4.75,50,1.8628687858581543,50,0.9379782964973704,dolly_15k
45,"Classify each of the following pieces of equipment according to the sport they are used for, either basketball, football, or soccer: shin guards, shooting sleeve, penalty flag, corner flag, kicking tee, and goalie gloves.",4,10,50,51,13,2.437458276748657,20.9234350743551,13,52,130,38,130,520,0.2923076923076923,0.073076923076923,3.923076923076923,50,1.8628687858581543,50,0.7642669429989375,dolly_15k
45,"Classify each of the following pieces of equipment according to the sport they are used for, either basketball, football, or soccer: shin guards, shooting sleeve, penalty flag, corner flag, kicking tee, and goalie gloves.",6,2,50,50,17,2.059553623199463,24.277105211917863,17,102,34,33,34,204,0.9705882352941176,0.1617647058823529,2.9411764705882355,50,1.8628687858581543,50,0.904501230205522,dolly_15k
45,"Classify each of the following pieces of equipment according to the sport they are used for, either basketball, football, or soccer: shin guards, shooting sleeve, penalty flag, corner flag, kicking tee, and goalie gloves.",6,4,50,52,11,1.6272239685058594,31.956264783726823,11,66,44,41,44,264,0.9318181818181818,0.1553030303030303,4.727272727272728,50,1.8628687858581543,50,1.144814003427363,dolly_15k
45,"Classify each of the following pieces of equipment according to the sport they are used for, either basketball, football, or soccer: shin guards, shooting sleeve, penalty flag, corner flag, kicking tee, and goalie gloves.",6,6,50,56,11,1.920949459075928,29.15225058911169,11,66,66,45,66,396,0.6818181818181818,0.1136363636363636,5.090909090909091,50,1.8628687858581543,50,0.9697646010709136,dolly_15k
45,"Classify each of the following pieces of equipment according to the sport they are used for, either basketball, football, or soccer: shin guards, shooting sleeve, penalty flag, corner flag, kicking tee, and goalie gloves.",6,8,50,55,12,2.342360019683838,23.48059202591055,12,72,96,43,96,576,0.4479166666666667,0.0746527777777777,4.583333333333333,50,1.8628687858581543,50,0.7952956719734299,dolly_15k
45,"Classify each of the following pieces of equipment according to the sport they are used for, either basketball, football, or soccer: shin guards, shooting sleeve, penalty flag, corner flag, kicking tee, and goalie gloves.",6,10,50,51,8,1.798774242401123,28.352640813847668,8,48,80,43,80,480,0.5375,0.0895833333333333,6.375,50,1.8628687858581543,50,1.0356323444855835,dolly_15k
45,"Classify each of the following pieces of equipment according to the sport they are used for, either basketball, football, or soccer: shin guards, shooting sleeve, penalty flag, corner flag, kicking tee, and goalie gloves.",8,2,50,51,17,2.5403833389282227,20.07571031445856,17,136,34,34,34,272,1.0,0.125,3.0,50,1.8628687858581543,50,0.7333022372301068,dolly_15k
45,"Classify each of the following pieces of equipment according to the sport they are used for, either basketball, football, or soccer: shin guards, shooting sleeve, penalty flag, corner flag, kicking tee, and goalie gloves.",8,4,50,16,4,0.5821187496185303,27.48580081037589,4,32,16,12,16,128,0.75,0.09375,4.0,50,1.8628687858581543,50,3.20015252399775,dolly_15k
45,"Classify each of the following pieces of equipment according to the sport they are used for, either basketball, football, or soccer: shin guards, shooting sleeve, penalty flag, corner flag, kicking tee, and goalie gloves.",8,6,50,56,8,1.665717601776123,33.61914404956054,8,64,48,48,48,384,1.0,0.125,7.0,50,1.8628687858581543,50,1.118358108164201,dolly_15k
45,"Classify each of the following pieces of equipment according to the sport they are used for, either basketball, football, or soccer: shin guards, shooting sleeve, penalty flag, corner flag, kicking tee, and goalie gloves.",8,8,50,56,8,1.8371119499206543,30.48262791084597,8,64,64,48,64,512,0.75,0.09375,7.0,50,1.8628687858581543,50,1.0140202865364911,dolly_15k
45,"Classify each of the following pieces of equipment according to the sport they are used for, either basketball, football, or soccer: shin guards, shooting sleeve, penalty flag, corner flag, kicking tee, and goalie gloves.",8,10,50,54,8,2.103161573410034,25.675630765945016,8,64,80,46,80,640,0.575,0.071875,6.75,50,1.8628687858581543,50,0.8857468724277456,dolly_15k
46,What is a good way to get around without a car?,1,2,50,50,25,1.4608941078186035,34.22561548602563,25,25,50,25,50,50,0.5,0.5,2.0,50,1.8786542415618896,50,1.2859619540577671,dolly_15k
46,What is a good way to get around without a car?,1,4,50,51,20,1.5627384185791016,32.63502029109328,20,20,80,31,80,80,0.3875,0.3875,2.55,50,1.8786542415618896,50,1.2021552802611906,dolly_15k
46,What is a good way to get around without a car?,1,6,50,51,14,1.3868436813354492,36.77415175651952,14,14,84,37,84,84,0.4404761904761904,0.4404761904761904,3.642857142857143,50,1.8786542415618896,50,1.3546258073965882,dolly_15k
46,What is a good way to get around without a car?,1,8,50,51,20,2.389085531234741,21.347080015859408,20,20,160,31,160,160,0.19375,0.19375,2.55,50,1.8786542415618896,50,0.7863486748383397,dolly_15k
46,What is a good way to get around without a car?,1,10,50,50,10,1.3688745498657229,36.52635663721315,10,10,100,40,100,100,0.4,0.4,5.0,50,1.8786542415618896,50,1.372407896506055,dolly_15k
46,What is a good way to get around without a car?,2,2,50,52,19,1.1011512279510498,47.22330473785894,19,38,38,33,38,76,0.868421052631579,0.4342105263157895,2.736842105263158,50,1.8786542415618896,50,1.7060819566605456,dolly_15k
46,What is a good way to get around without a car?,2,4,50,52,14,1.0979886054992676,47.359325715730016,14,28,56,38,56,112,0.6785714285714286,0.3392857142857143,3.7142857142857135,50,1.8786542415618896,50,1.7109961179493705,dolly_15k
46,What is a good way to get around without a car?,2,6,50,55,11,1.0965423583984375,50.157661105158425,11,22,66,44,66,132,0.6666666666666666,0.3333333333333333,5.0,50,1.8786542415618896,50,1.7132527778550857,dolly_15k
46,What is a good way to get around without a car?,2,8,50,57,10,1.2044928073883057,47.32282305910381,10,20,80,47,80,160,0.5875,0.29375,5.7,50,1.8786542415618896,50,1.5597056537310208,dolly_15k
46,What is a good way to get around without a car?,2,10,50,50,15,2.143690347671509,23.32426418503509,15,30,150,35,150,300,0.2333333333333333,0.1166666666666666,3.333333333333333,50,1.8786542415618896,50,0.876364556850525,dolly_15k
46,What is a good way to get around without a car?,4,2,50,51,18,1.2549738883972168,40.63829572194078,18,72,36,33,36,144,0.9166666666666666,0.2291666666666666,2.833333333333333,50,1.8786542415618896,50,1.4969667966249105,dolly_15k
46,What is a good way to get around without a car?,4,4,50,51,11,1.010131597518921,50.488471131153496,11,44,44,40,44,176,0.9090909090909092,0.2272727272727272,4.636363636363637,50,1.8786542415618896,50,1.8598113811865984,dolly_15k
46,What is a good way to get around without a car?,4,6,50,50,13,1.4904115200042725,33.547781487797856,13,52,78,37,78,312,0.4743589743589743,0.1185897435897435,3.8461538461538463,50,1.8786542415618896,50,1.2604936397408577,dolly_15k
46,What is a good way to get around without a car?,4,8,50,52,10,1.3792009353637695,37.70299067139539,10,40,80,42,80,320,0.525,0.13125,5.2,50,1.8786542415618896,50,1.36213237200741,dolly_15k
46,What is a good way to get around without a car?,4,10,50,50,9,1.4325296878814695,34.90329060750125,9,36,90,41,90,360,0.4555555555555555,0.1138888888888888,5.555555555555555,50,1.8786542415618896,50,1.3114242988849898,dolly_15k
46,What is a good way to get around without a car?,6,2,50,51,17,1.4165434837341309,36.003130567908585,17,102,34,34,34,204,1.0,0.1666666666666666,3.0,50,1.8786542415618896,50,1.3262241951158429,dolly_15k
46,What is a good way to get around without a car?,6,4,50,51,14,1.5121068954467771,33.72777424239653,14,84,56,37,56,336,0.6607142857142857,0.1101190476190476,3.642857142857143,50,1.8786542415618896,50,1.2424083556650998,dolly_15k
46,What is a good way to get around without a car?,6,6,50,53,9,1.1815385818481443,44.85676626581098,9,54,54,44,54,324,0.8148148148148148,0.1358024691358024,5.888888888888889,50,1.8786542415618896,50,1.590006683170115,dolly_15k
46,What is a good way to get around without a car?,6,8,50,52,8,1.199164867401123,43.36351190199262,8,48,64,44,64,384,0.6875,0.1145833333333333,6.5,50,1.8786542415618896,50,1.5666354916095753,dolly_15k
46,What is a good way to get around without a car?,6,10,50,53,11,1.9696044921875,26.908955686396038,11,66,110,42,110,660,0.3818181818181818,0.0636363636363636,4.818181818181818,50,1.8786542415618896,50,0.9538230893631856,dolly_15k
46,What is a good way to get around without a car?,8,2,50,51,17,1.6495330333709717,30.91784096968148,17,136,34,34,34,272,1.0,0.125,3.0,50,1.8786542415618896,50,1.1389006485809428,dolly_15k
46,What is a good way to get around without a car?,8,4,50,51,11,1.342945575714111,37.976222508407126,11,88,44,40,44,352,0.9090909090909092,0.1136363636363636,4.636363636363637,50,1.8786542415618896,50,1.398905715567003,dolly_15k
46,What is a good way to get around without a car?,8,6,50,53,9,1.3304460048675537,39.83626528705024,9,72,54,44,54,432,0.8148148148148148,0.1018518518518518,5.888888888888889,50,1.8786542415618896,50,1.412048466971728,dolly_15k
46,What is a good way to get around without a car?,8,8,50,55,7,1.2176616191864014,45.168542009847584,7,56,56,48,56,448,0.8571428571428571,0.1071428571428571,7.857142857142857,50,1.8786542415618896,50,1.542837691490301,dolly_15k
46,What is a good way to get around without a car?,8,10,50,50,8,1.5803735256195068,31.638090103034337,8,64,80,42,80,640,0.525,0.065625,6.25,50,1.8786542415618896,50,1.188740643339654,dolly_15k
47,"Identify which animal species is alive or extinct: Palaeophis, Giant Tortoise",1,2,50,51,26,1.5303735733032229,33.32519646815349,26,26,52,25,52,52,0.4807692307692308,0.4807692307692308,1.9615384615384612,50,1.871835708618164,50,1.2231233871726594,dolly_15k
47,"Identify which animal species is alive or extinct: Palaeophis, Giant Tortoise",1,4,50,51,21,1.6489250659942627,30.929240540866065,21,21,84,30,84,84,0.3571428571428571,0.3571428571428571,2.4285714285714284,50,1.871835708618164,50,1.135185429114386,dolly_15k
47,"Identify which animal species is alive or extinct: Palaeophis, Giant Tortoise",1,6,50,55,24,2.354377269744873,23.360742013092896,24,24,144,31,144,144,0.2152777777777778,0.2152777777777778,2.2916666666666665,50,1.871835708618164,50,0.7950449287258883,dolly_15k
47,"Identify which animal species is alive or extinct: Palaeophis, Giant Tortoise",1,8,50,6,2,0.2344658374786377,25.59008196896345,2,2,16,4,16,16,0.25,0.25,3.0,50,1.871835708618164,50,7.983404869328599,dolly_15k
47,"Identify which animal species is alive or extinct: Palaeophis, Giant Tortoise",1,10,50,54,23,3.155280113220215,17.114169919097513,23,23,230,31,230,230,0.1347826086956521,0.1347826086956521,2.347826086956522,50,1.871835708618164,50,0.5932391551467697,dolly_15k
47,"Identify which animal species is alive or extinct: Palaeophis, Giant Tortoise",2,2,50,51,23,1.3665781021118164,37.31949159816632,23,46,46,28,46,92,0.6086956521739131,0.3043478260869565,2.217391304347826,50,1.871835708618164,50,1.3697246470769266,dolly_15k
47,"Identify which animal species is alive or extinct: Palaeophis, Giant Tortoise",2,4,50,52,16,1.2838695049285889,40.502558710507216,16,32,64,36,64,128,0.5625,0.28125,3.25,50,1.871835708618164,50,1.4579641477832896,dolly_15k
47,"Identify which animal species is alive or extinct: Palaeophis, Giant Tortoise",2,6,50,55,13,1.326298475265503,41.46879531697412,13,26,78,42,78,156,0.5384615384615384,0.2692307692307692,4.230769230769231,50,1.871835708618164,50,1.411323124867088,dolly_15k
47,"Identify which animal species is alive or extinct: Palaeophis, Giant Tortoise",2,8,50,1,1,0.1211593151092529,8.253595681836519,1,2,8,0,8,16,0.0,0.0,1.0,50,1.871835708618164,50,15.449375121758278,dolly_15k
47,"Identify which animal species is alive or extinct: Palaeophis, Giant Tortoise",2,10,50,51,18,2.550038576126098,19.99969744672524,18,36,180,33,180,360,0.1833333333333333,0.0916666666666666,2.833333333333333,50,1.871835708618164,50,0.7340421145556828,dolly_15k
47,"Identify which animal species is alive or extinct: Palaeophis, Giant Tortoise",4,2,50,50,20,1.4535722732543943,34.39801440904984,20,80,40,30,40,160,0.75,0.1875,2.5,50,1.871835708618164,50,1.2877486335284327,dolly_15k
47,"Identify which animal species is alive or extinct: Palaeophis, Giant Tortoise",4,4,50,50,11,1.0297040939331057,48.55763932045534,11,44,44,39,44,176,0.8863636363636364,0.2215909090909091,4.545454545454546,50,1.871835708618164,50,1.8178384641245948,dolly_15k
47,"Identify which animal species is alive or extinct: Palaeophis, Giant Tortoise",4,6,50,51,13,1.525949239730835,33.42181946300913,13,52,78,38,78,312,0.4871794871794871,0.1217948717948717,3.923076923076923,50,1.871835708618164,50,1.226669708193138,dolly_15k
47,"Identify which animal species is alive or extinct: Palaeophis, Giant Tortoise",4,8,50,52,9,1.245826244354248,41.73936793806529,9,36,72,43,72,288,0.5972222222222222,0.1493055555555555,5.777777777777778,50,1.871835708618164,50,1.502485372338899,dolly_15k
47,"Identify which animal species is alive or extinct: Palaeophis, Giant Tortoise",4,10,50,52,11,1.7750258445739746,29.295348098145897,11,44,110,41,110,440,0.3727272727272727,0.0931818181818181,4.727272727272728,50,1.871835708618164,50,1.0545399743559367,dolly_15k
47,"Identify which animal species is alive or extinct: Palaeophis, Giant Tortoise",6,2,50,51,18,1.6254768371582031,31.375408639573443,18,108,36,33,36,216,0.9166666666666666,0.1527777777777778,2.833333333333333,50,1.871835708618164,50,1.15156098556942,dolly_15k
47,"Identify which animal species is alive or extinct: Palaeophis, Giant Tortoise",6,4,50,53,11,1.2817168235778809,41.35078749458231,11,66,44,42,44,264,0.9545454545454546,0.1590909090909091,4.818181818181818,50,1.871835708618164,50,1.4604128417328417,dolly_15k
47,"Identify which animal species is alive or extinct: Palaeophis, Giant Tortoise",6,6,50,50,11,1.5468952655792236,32.32280886274344,11,66,66,39,66,396,0.5909090909090909,0.0984848484848484,4.545454545454546,50,1.871835708618164,50,1.210059756642457,dolly_15k
47,"Identify which animal species is alive or extinct: Palaeophis, Giant Tortoise",6,8,50,53,10,1.5805234909057615,33.533193467201755,10,60,80,43,80,480,0.5375,0.0895833333333333,5.3,50,1.871835708618164,50,1.1843137538850863,dolly_15k
47,"Identify which animal species is alive or extinct: Palaeophis, Giant Tortoise",6,10,50,50,13,2.383220195770264,20.980016906847272,13,78,130,37,130,780,0.2846153846153846,0.0474358974358974,3.8461538461538463,50,1.871835708618164,50,0.7854228962729906,dolly_15k
47,"Identify which animal species is alive or extinct: Palaeophis, Giant Tortoise",8,2,50,50,17,1.7863211631774902,27.99048739424914,17,136,34,33,34,272,0.9705882352941176,0.1213235294117647,2.9411764705882355,50,1.871835708618164,50,1.0478718761236423,dolly_15k
47,"Identify which animal species is alive or extinct: Palaeophis, Giant Tortoise",8,4,50,53,12,1.5695528984069824,33.76757804964225,12,96,48,41,48,384,0.8541666666666666,0.1067708333333333,4.416666666666667,50,1.871835708618164,50,1.1925916676768165,dolly_15k
47,"Identify which animal species is alive or extinct: Palaeophis, Giant Tortoise",8,6,50,28,5,0.6803803443908691,41.15345222835301,5,40,30,23,30,240,0.7666666666666667,0.0958333333333333,5.6,50,1.871835708618164,50,2.7511607647836755,dolly_15k
47,"Identify which animal species is alive or extinct: Palaeophis, Giant Tortoise",8,8,50,50,7,1.2396047115325928,40.33543881757451,7,56,56,43,56,448,0.7678571428571429,0.0959821428571428,7.142857142857143,50,1.871835708618164,50,1.510026294030384,dolly_15k
47,"Identify which animal species is alive or extinct: Palaeophis, Giant Tortoise",8,10,50,60,8,1.7317795753479004,34.64644164540773,8,64,80,52,80,640,0.65,0.08125,7.5,50,1.871835708618164,50,1.080874110807161,dolly_15k
48,"Why is Santa Cruz, California a great place to live?",1,2,50,51,23,1.335930109024048,38.17564980046569,23,23,46,28,46,46,0.6086956521739131,0.6086956521739131,2.217391304347826,50,1.8535733222961424,50,1.387477765322809,dolly_15k
48,"Why is Santa Cruz, California a great place to live?",1,4,50,54,17,1.3229732513427734,40.81715177929094,17,17,68,37,68,68,0.5441176470588235,0.5441176470588235,3.176470588235294,50,1.8535733222961424,50,1.4010663635223373,dolly_15k
48,"Why is Santa Cruz, California a great place to live?",1,6,50,53,19,1.883049488067627,28.145834900169437,19,19,114,34,114,114,0.2982456140350877,0.2982456140350877,2.789473684210526,50,1.8535733222961424,50,0.9843465793340712,dolly_15k
48,"Why is Santa Cruz, California a great place to live?",1,8,50,55,15,1.7500460147857666,31.42774506231076,15,15,120,40,120,120,0.3333333333333333,0.3333333333333333,3.6666666666666665,50,1.8535733222961424,50,1.0591569059531554,dolly_15k
48,"Why is Santa Cruz, California a great place to live?",1,10,50,38,8,1.0967998504638672,34.64624834141684,8,8,80,30,80,80,0.375,0.375,4.75,50,1.8535733222961424,50,1.689983201139401,dolly_15k
48,"Why is Santa Cruz, California a great place to live?",2,2,50,51,19,1.1264536380767822,45.27483269269152,19,38,38,32,38,76,0.8421052631578947,0.4210526315789473,2.6842105263157894,50,1.8535733222961424,50,1.6454945500116516,dolly_15k
48,"Why is Santa Cruz, California a great place to live?",2,4,50,50,17,1.3552334308624268,36.89401313556855,17,34,68,33,68,136,0.4852941176470588,0.2426470588235294,2.9411764705882355,50,1.8535733222961424,50,1.3677151700106662,dolly_15k
48,"Why is Santa Cruz, California a great place to live?",2,6,50,50,15,1.5069622993469238,33.179330379843364,15,30,90,35,90,180,0.3888888888888889,0.1944444444444444,3.333333333333333,50,1.8535733222961424,50,1.230006432874552,dolly_15k
48,"Why is Santa Cruz, California a great place to live?",2,8,50,51,11,1.312492847442627,38.85735461292056,11,22,88,40,88,176,0.4545454545454545,0.2272727272727272,4.636363636363637,50,1.8535733222961424,50,1.412254036970794,dolly_15k
48,"Why is Santa Cruz, California a great place to live?",2,10,50,52,9,1.2402803897857666,41.92600352971956,9,18,90,43,90,180,0.4777777777777778,0.2388888888888889,5.777777777777778,50,1.8535733222961424,50,1.4944792625611938,dolly_15k
48,"Why is Santa Cruz, California a great place to live?",4,2,50,50,17,1.153536081314087,43.34498140971969,17,68,34,33,34,136,0.9705882352941176,0.2426470588235294,2.9411764705882355,50,1.8535733222961424,50,1.6068620239295732,dolly_15k
48,"Why is Santa Cruz, California a great place to live?",4,4,50,53,14,1.2763795852661133,41.523697661577685,14,56,56,39,56,224,0.6964285714285714,0.1741071428571428,3.7857142857142856,50,1.8535733222961424,50,1.4522116646903984,dolly_15k
48,"Why is Santa Cruz, California a great place to live?",4,6,50,51,12,1.3531460762023926,37.68994412128188,12,48,72,39,72,288,0.5416666666666666,0.1354166666666666,4.25,50,1.8535733222961424,50,1.3698249988635374,dolly_15k
48,"Why is Santa Cruz, California a great place to live?",4,8,50,53,10,1.365433931350708,38.81549944168415,10,40,80,43,80,320,0.5375,0.134375,5.3,50,1.8535733222961424,50,1.3574976274850294,dolly_15k
48,"Why is Santa Cruz, California a great place to live?",4,10,50,50,10,1.6519334316253662,30.26756347609245,10,40,100,40,100,400,0.4,0.1,5.0,50,1.8535733222961424,50,1.122062963803801,dolly_15k
48,"Why is Santa Cruz, California a great place to live?",6,2,50,51,17,1.410957098007202,36.14567733634922,17,102,34,34,34,204,1.0,0.1666666666666666,3.0,50,1.8535733222961424,50,1.313699278960416,dolly_15k
48,"Why is Santa Cruz, California a great place to live?",6,4,50,50,11,1.1682512760162354,42.79901167367109,11,66,44,39,44,264,0.8863636363636364,0.1477272727272727,4.545454545454546,50,1.8535733222961424,50,1.586622125179158,dolly_15k
48,"Why is Santa Cruz, California a great place to live?",6,6,50,53,8,1.036326885223389,51.14216446153032,8,48,48,45,48,288,0.9375,0.15625,6.625,50,1.8535733222961424,50,1.7885990884976315,dolly_15k
48,"Why is Santa Cruz, California a great place to live?",6,8,50,50,8,1.2279133796691897,40.71948463780925,8,48,64,42,64,384,0.65625,0.109375,6.25,50,1.8535733222961424,50,1.509531008445817,dolly_15k
48,"Why is Santa Cruz, California a great place to live?",6,10,50,53,9,1.6353936195373535,32.4081000236466,9,54,90,44,90,540,0.4888888888888889,0.0814814814814814,5.888888888888889,50,1.8535733222961424,50,1.1334111250969117,dolly_15k
48,"Why is Santa Cruz, California a great place to live?",8,2,50,51,17,1.647565841674805,30.95475683579166,17,136,34,34,34,272,1.0,0.125,3.0,50,1.8535733222961424,50,1.12503747978407,dolly_15k
48,"Why is Santa Cruz, California a great place to live?",8,4,50,54,11,1.3535337448120115,39.8955698053172,11,88,44,43,44,352,0.9772727272727272,0.1221590909090909,4.909090909090909,50,1.8535733222961424,50,1.3694326642396195,dolly_15k
48,"Why is Santa Cruz, California a great place to live?",8,6,50,53,9,1.333162546157837,39.75509224493708,9,72,54,44,54,432,0.8148148148148148,0.1018518518518518,5.888888888888889,50,1.8535733222961424,50,1.390358083219578,dolly_15k
48,"Why is Santa Cruz, California a great place to live?",8,8,50,50,7,1.1814682483673096,42.32022322148379,7,56,56,43,56,448,0.7678571428571429,0.0959821428571428,7.142857142857143,50,1.8535733222961424,50,1.5688727351392016,dolly_15k
48,"Why is Santa Cruz, California a great place to live?",8,10,50,51,9,1.852722644805908,27.527056002137208,9,72,90,42,90,720,0.4666666666666667,0.0583333333333333,5.666666666666667,50,1.8535733222961424,50,1.0004591499394793,dolly_15k
49,Give me some ideas to manage my manager.,1,2,50,50,20,1.1586720943450928,43.15284733620957,20,20,40,30,40,40,0.75,0.75,2.5,50,1.8692114353179927,50,1.6132359141474906,dolly_15k
49,Give me some ideas to manage my manager.,1,4,50,53,16,1.2526180744171145,42.31138052567436,16,16,64,37,64,64,0.578125,0.578125,3.3125,50,1.8692114353179927,50,1.4922437042015386,dolly_15k
49,Give me some ideas to manage my manager.,1,6,50,54,16,1.5653870105743408,34.49626171370068,16,16,96,38,96,96,0.3958333333333333,0.3958333333333333,3.375,50,1.8692114353179927,50,1.1940890161291036,dolly_15k
49,Give me some ideas to manage my manager.,1,8,50,51,14,1.657482385635376,30.76955775940253,14,14,112,37,112,112,0.3303571428571428,0.3303571428571428,3.642857142857143,50,1.8692114353179927,50,1.1277413573245627,dolly_15k
49,Give me some ideas to manage my manager.,1,10,50,58,19,2.6241626739501958,22.10228831305326,19,19,190,39,190,190,0.2052631578947368,0.2052631578947368,3.0526315789473686,50,1.8692114353179927,50,0.7123077596802482,dolly_15k
49,Give me some ideas to manage my manager.,2,2,50,51,19,1.116933822631836,45.66071773153801,19,38,38,32,38,76,0.8421052631578947,0.4210526315789473,2.6842105263157894,50,1.8692114353179927,50,1.673520308404273,dolly_15k
49,Give me some ideas to manage my manager.,2,4,50,51,16,1.2626700401306152,40.39059958587785,16,32,64,35,64,128,0.546875,0.2734375,3.1875,50,1.8692114353179927,50,1.4803641299073154,dolly_15k
49,Give me some ideas to manage my manager.,2,6,50,53,15,1.4920430183410645,35.521764016514965,15,30,90,38,90,180,0.4222222222222222,0.2111111111111111,3.533333333333333,50,1.8692114353179927,50,1.2527865566478675,dolly_15k
49,Give me some ideas to manage my manager.,2,8,50,50,14,1.669121026992798,29.95588647641891,14,28,112,36,112,224,0.3214285714285714,0.1607142857142857,3.571428571428572,50,1.8692114353179927,50,1.119877711136197,dolly_15k
49,Give me some ideas to manage my manager.,2,10,50,53,10,1.3979246616363523,37.91334501385819,10,20,100,43,100,200,0.43,0.215,5.3,50,1.8692114353179927,50,1.3371331707747196,dolly_15k
49,Give me some ideas to manage my manager.,4,2,50,50,17,1.1363227367401123,44.001583690422514,17,68,34,33,34,136,0.9705882352941176,0.2426470588235294,2.9411764705882355,50,1.8692114353179927,50,1.6449652681247893,dolly_15k
49,Give me some ideas to manage my manager.,4,4,50,53,12,1.0779881477355957,49.16566115437441,12,48,48,41,48,192,0.8541666666666666,0.2135416666666666,4.416666666666667,50,1.8692114353179927,50,1.7339814349948357,dolly_15k
49,Give me some ideas to manage my manager.,4,6,50,50,12,1.3876197338104248,36.032926587674886,12,48,72,38,72,288,0.5277777777777778,0.1319444444444444,4.166666666666667,50,1.8692114353179927,50,1.347063168513113,dolly_15k
49,Give me some ideas to manage my manager.,4,8,50,50,12,1.5850551128387451,31.544644470092145,12,48,96,38,96,384,0.3958333333333333,0.0989583333333333,4.166666666666667,50,1.8692114353179927,50,1.1792722033307346,dolly_15k
49,Give me some ideas to manage my manager.,4,10,50,50,9,1.3894925117492676,35.98436089234747,9,36,90,41,90,360,0.4555555555555555,0.1138888888888888,5.555555555555555,50,1.8692114353179927,50,1.3452475774517094,dolly_15k
49,Give me some ideas to manage my manager.,6,2,50,51,17,1.367725849151611,37.28817440398225,17,102,34,34,34,204,1.0,0.1666666666666666,3.0,50,1.8692114353179927,50,1.3666565097657906,dolly_15k
49,Give me some ideas to manage my manager.,6,4,50,52,11,1.151336431503296,45.164904520656734,11,66,44,41,44,264,0.9318181818181818,0.1553030303030303,4.727272727272728,50,1.8692114353179927,50,1.6235145385587864,dolly_15k
49,Give me some ideas to manage my manager.,6,6,50,51,8,1.0181033611297607,50.093145693386894,8,48,48,43,48,288,0.8958333333333334,0.1493055555555555,6.375,50,1.8692114353179927,50,1.8359741325711585,dolly_15k
49,Give me some ideas to manage my manager.,6,8,50,14,2,0.2512469291687011,55.72207408194677,2,12,16,12,16,96,0.75,0.125,7.0,50,1.8692114353179927,50,7.439738433829376,dolly_15k
49,Give me some ideas to manage my manager.,6,10,50,59,8,1.4441335201263428,40.85494809014493,8,48,80,51,80,480,0.6375,0.10625,7.375,50,1.8692114353179927,50,1.2943480704986765,dolly_15k
49,Give me some ideas to manage my manager.,8,2,50,52,18,1.703746318817139,30.520975702592903,18,144,36,34,36,288,0.9444444444444444,0.1180555555555555,2.888888888888889,50,1.8692114353179927,50,1.0971184000067171,dolly_15k
49,Give me some ideas to manage my manager.,8,4,50,50,10,1.166031837463379,42.88047580996718,10,80,40,40,40,320,1.0,0.125,5.0,50,1.8692114353179927,50,1.6030535147173448,dolly_15k
49,Give me some ideas to manage my manager.,8,6,50,56,9,1.3202881813049316,42.41498242046774,9,72,54,47,54,432,0.8703703703703703,0.1087962962962963,6.222222222222222,50,1.8692114353179927,50,1.4157601815919634,dolly_15k
49,Give me some ideas to manage my manager.,8,8,50,53,8,1.3281707763671875,39.9045069678205,8,64,64,45,64,512,0.703125,0.087890625,6.625,50,1.8692114353179927,50,1.4073577499052192,dolly_15k
49,Give me some ideas to manage my manager.,8,10,50,54,6,1.157121181488037,46.667540845252674,6,48,60,48,60,480,0.8,0.1,9.0,50,1.8692114353179927,50,1.6153981667799224,dolly_15k
